word,old_excess_score,old_sig_bonferroni,old_direction,ai_doc_count,human_doc_count,p_ai,q_human,ratio_r,delta,r_ci_low,r_ci_high,delta_ci_low,delta_ci_high,chi2_doc,p_value,q_fdr,p_bonferroni,sig_fdr,sig_bonferroni,new_direction,survives_fdr,survives_bonferroni,survives_ci
Hash,189.0796,True,excess,2,2,0.008547,0.00428,1.9972,0.004267,0.4993,7.9886,-0.002861,0.014241,0.0314,0.8594185485165475,0.9552876803312647,1.0,False,False,excess,False,False,False
Parent,176.9578,True,excess,1,2,0.005698,0.00428,1.3314,0.001418,0.3978,5.9915,-0.00571,0.009965,0.0,1.0,1.0,1.0,False,False,excess,False,False,False
レート-rate,172.0575,True,excess,16,11,0.048433,0.017118,2.8293,0.031315,1.398,6.2432,0.008523,0.056956,7.2275,0.007179443461208195,0.01785846793009542,1.0,True,False,excess,True,False,True
Review,169.6503,True,excess,8,6,0.025641,0.009986,2.5678,0.015655,1.109,7.3229,0.001406,0.034168,2.6152,0.10584238912480917,0.17770546688552208,1.0,False,False,excess,False,False,True
カスケード-cascade,161.3399,True,excess,1,3,0.005698,0.005706,0.9986,-8e-06,0.2853,3.9943,-0.007137,0.00712,0.0,1.0,1.0,1.0,False,False,deficit,False,False,False
Image,107.3787,True,excess,12,13,0.037037,0.019971,1.8545,0.017066,0.8873,3.9943,-0.002886,0.039862,1.849,0.17389690619460824,0.269156608485037,1.0,False,False,excess,False,False,False
Tool,67.561,True,excess,3,2,0.011396,0.00428,2.6629,0.007116,0.6657,11.9829,-0.001474,0.018516,0.628,0.42809339661910784,0.5676451022886437,1.0,False,False,excess,False,False,False
NF,62.8327,True,excess,21,1,0.062678,0.002853,21.9687,0.059825,8.9872,59.9145,0.036997,0.086893,36.2191,1.7633349834081754e-09,1.6226536131471952e-08,2.9694561120593674e-06,True,True,excess,True,True,True
Travis,62.8327,True,excess,8,2,0.025641,0.00428,5.9915,0.021361,1.9972,21.9687,0.007077,0.03846,7.8876,0.004977431508287282,0.012816505596262665,1.0,True,False,excess,True,False,True
deployment,60.4685,True,excess,2,3,0.008547,0.005706,1.4979,0.002841,0.3994,5.9915,-0.00571,0.012818,0.0,1.0,1.0,1.0,False,False,excess,False,False,False
バージョニング,56.6858,True,excess,23,5,0.068376,0.008559,7.9886,0.059817,3.8123,22.9672,0.035547,0.086888,28.6249,8.78435262688152e-08,6.087592520028181e-07,0.0001479284982366848,True,True,excess,True,True,True
エスケープ-escape,53.8488,True,excess,26,4,0.076923,0.007133,10.7846,0.06979,4.9929,30.9808,0.044145,0.09828,37.0974,1.1237193184690256e-09,1.0691205267242029e-08,1.892343332301839e-06,True,True,excess,True,True,True
XSS,50.4208,True,excess,36,7,0.105413,0.011412,9.2368,0.094001,5.1347,22.4679,0.065511,0.126767,48.8887,2.7090175511802844e-12,3.6495884449500794e-11,4.561985556187599e-09,True,True,excess,True,True,True
スクリプティング,49.4357,True,excess,26,2,0.076923,0.00428,17.9744,0.072643,7.9886,63.9088,0.048425,0.103983,43.1553,5.05634799692289e-11,5.639000017760362e-10,8.514890026818147e-08,True,True,excess,True,True,True
development,47.2291,True,excess,4,4,0.014245,0.007133,1.9972,0.007112,0.5706,7.9886,-0.004288,0.019939,0.3936,0.5304005772193956,0.6689037894455967,1.0,False,False,excess,False,False,False
立案,46.2835,True,excess,11,3,0.034188,0.005706,5.9915,0.028482,2.33,24.0157,0.009961,0.049851,11.0853,0.0008701455421876382,0.002718599430508317,1.0,True,False,excess,True,False,True
クロスサイトリクエストフォージェリ,46.2835,True,excess,19,2,0.05698,0.00428,13.3143,0.0527,5.9915,49.9288,0.031335,0.078342,28.9176,7.552205731029453e-08,5.299131021272333e-07,0.000127179144510536,True,True,excess,True,True,True
Found,43.9193,True,excess,16,1,0.048433,0.002853,16.9758,0.04558,6.4907,45.9345,0.025597,0.068372,26.0168,3.3845701804830233e-07,2.167154442560232e-06,0.0005699616183933411,True,True,excess,True,True,True
こつ,41.5551,True,excess,42,9,0.122507,0.014265,8.5877,0.108242,4.6982,18.3738,0.072588,0.145287,55.6671,8.584453100158848e-14,1.4313088139274752e-12,1.44562190206675e-10,True,True,excess,True,True,True
CSRF,41.5551,True,excess,29,6,0.08547,0.009986,8.5592,0.075484,4.4936,22.6344,0.0498,0.106819,37.6884,8.299563983751775e-10,7.986551856364565e-09,1.3976465748637988e-06,True,True,excess,True,True,True
Many,36.8268,True,excess,6,2,0.019943,0.00428,4.66,0.015663,1.4979,17.9744,0.004224,0.029912,4.5503,0.03291309633861351,0.06590446401215833,1.0,False,False,excess,False,False,True
Deployment,32.8865,True,excess,22,8,0.065527,0.012839,5.1038,0.052688,2.5841,11.9829,0.027047,0.079748,20.421,6.2145548688429875e-06,3.1239732534721165e-05,0.01046531039913159,True,True,excess,True,True,True
チェックリスト,32.0984,True,excess,30,4,0.088319,0.007133,12.3823,0.081186,6.2404,37.9459,0.0527,0.111103,45.1419,1.8326360529525177e-11,2.2202583548000287e-10,3.08615911317204e-08,True,True,excess,True,True,True
Continuous,29.4716,True,excess,21,6,0.062678,0.009986,6.2768,0.052692,3.0706,17.3086,0.02843,0.07976,22.6234,1.970685531704635e-06,1.1404242046015827e-05,0.0033186344353906055,True,True,excess,True,True,True
ネーション-nation,28.0456,True,excess,18,6,0.054131,0.009986,5.4208,0.044145,2.5956,14.4835,0.021349,0.072631,17.3177,3.162262144105467e-05,0.00013940443588150803,0.05325249450673607,True,False,excess,True,False,True
合併,27.3701,True,excess,1,2,0.005698,0.00428,1.3314,0.001418,0.3329,5.9915,-0.00571,0.008543,0.0,1.0,1.0,1.0,False,False,excess,False,False,False
Internal,27.3701,True,excess,12,1,0.037037,0.002853,12.9815,0.034184,4.66,35.9487,0.01709,0.054127,18.0017,2.2070492545349203e-05,9.911122519031482e-05,0.03716670944636806,True,True,excess,True,True,True
スケジュール-schedule,26.6112,True,excess,25,44,0.074074,0.064194,1.1539,0.00988,0.6946,1.7475,-0.02289,0.041215,0.1571,0.6918776396575111,0.8205084121008794,1.0,False,False,excess,False,False,False
except,25.284,True,excess,9,13,0.02849,0.019971,1.4265,0.008519,0.6239,3.1384,-0.010006,0.028509,0.2844,0.5938529414070735,0.7306787926502267,1.0,False,False,excess,False,False,False
クリックジャッキング,25.0059,True,excess,7,1,0.022792,0.002853,7.9886,0.019939,2.3966,25.963,0.007077,0.037033,8.3291,0.0039015310820315007,0.010412327008147461,1.0,True,False,excess,True,False,True
欠かす,24.6682,True,excess,69,14,0.19943,0.021398,9.32,0.178032,5.8007,16.982,0.13672,0.219341,98.1583,3.862434637136453e-23,1.8067610913716078e-21,6.504339928937788e-20,True,True,excess,True,True,True
images,24.5331,True,excess,2,5,0.008547,0.008559,0.9986,-1.2e-05,0.2496,3.3286,-0.00999,0.011384,0.0,1.0,1.0,1.0,False,False,deficit,False,False,False
Ansible,24.4149,True,excess,7,4,0.022792,0.007133,3.1954,0.015659,0.9986,10.9843,-8e-06,0.032757,3.3189,0.06848930890529108,0.12605026906722425,1.0,False,False,excess,False,False,False
建設,24.1193,True,excess,41,7,0.119658,0.011412,10.485,0.108246,5.5905,27.9601,0.075437,0.145279,58.9692,1.6016176517166467e-14,2.9968045838787036e-13,2.697124125490833e-11,True,True,excess,True,True,True
デプロイメント,23.5014,True,excess,22,3,0.065527,0.005706,11.4836,0.059821,5.1912,47.9316,0.035602,0.085498,31.9661,1.568868663316261e-08,1.2231364949187885e-07,2.6419748290245833e-05,True,True,excess,True,True,True
尊重,22.6417,True,excess,13,7,0.039886,0.011412,3.495,0.028474,1.5533,9.4865,0.008531,0.051266,7.8049,0.0052104315515934365,0.013375559044029492,1.0,True,False,excess,True,False,True
スロー-throw,22.6417,True,excess,6,2,0.019943,0.00428,4.66,0.015663,1.4979,18.0243,0.002841,0.029912,4.5503,0.03291309633861351,0.06590446401215833,1.0,False,False,excess,False,False,True
ガイダンス-guidance,22.6417,True,excess,2,2,0.008547,0.00428,1.9972,0.004267,0.4993,9.9858,-0.002865,0.014241,0.0314,0.8594185485165475,0.9552876803312647,1.0,False,False,excess,False,False,False
relationships,21.4596,True,excess,1,2,0.005698,0.00428,1.3314,0.001418,0.3994,5.9915,-0.004327,0.009965,0.0,1.0,1.0,1.0,False,False,excess,False,False,False
Swarm,21.2908,True,excess,6,4,0.019943,0.007133,2.796,0.01281,0.8559,11.9829,-0.001439,0.029904,2.1328,0.14417600312319945,0.23101083659321398,1.0,False,False,excess,False,False,False
Confluence,20.2776,True,excess,9,2,0.02849,0.00428,6.6572,0.02421,2.2825,23.9658,0.008539,0.041344,9.658,0.0018852904711516036,0.005381066361727627,1.0,True,False,excess,True,False,True
タイズ,20.2776,True,excess,7,2,0.022792,0.00428,5.3257,0.018512,1.7107,19.9715,0.004267,0.034184,6.178,0.012935177397988513,0.02943626856515224,1.0,True,False,excess,True,False,True
両面,20.2776,True,excess,7,2,0.022792,0.00428,5.3257,0.018512,1.5977,19.9715,0.004263,0.03418,6.178,0.012935177397988513,0.02943626856515224,1.0,True,False,excess,True,False,True
ベスト-best,20.1921,True,excess,160,50,0.458689,0.072753,6.3047,0.385936,4.7868,8.4882,0.330366,0.444335,214.5603,1.3899339803811524e-48,3.901081371603101e-46,2.3406488229618607e-45,True,True,excess,True,True,True
早期,19.8398,True,excess,84,20,0.242165,0.029957,8.0837,0.212208,5.259,13.9801,0.166581,0.259223,114.5276,9.98676377062263e-27,5.605903396576169e-25,1.681771018972851e-23,True,True,excess,True,True,True
エクスプローラー-explorer,19.2643,True,excess,1,6,0.005698,0.009986,0.5706,-0.004288,0.1816,1.9972,-0.012886,0.004267,0.4494,0.5026082645493437,0.641206301137193,1.0,False,False,deficit,False,False,False
ピラミッド-pyramid,19.0955,True,excess,9,2,0.02849,0.00428,6.6572,0.02421,2.4939,23.9658,0.008539,0.042731,9.658,0.0018852904711516036,0.005381066361727627,1.0,True,False,excess,True,False,True
Jira,19.0955,True,excess,17,4,0.051282,0.007133,7.1897,0.044149,2.9957,23.9908,0.021349,0.069782,19.734,8.900534237989016e-06,4.3319363169865616e-05,0.014988499656773503,True,True,excess,True,True,True
例外,19.0898,True,excess,39,80,0.11396,0.115549,0.9862,-0.001589,0.6878,1.3953,-0.038639,0.039744,0.0012,0.9725428375771183,1.0,1.0,False,False,deficit,False,False,False
Code,18.5732,True,excess,14,51,0.042735,0.07418,0.5761,-0.031445,0.3106,0.9643,-0.05711,-0.002903,3.7904,0.05154690047249113,0.09864202317690347,1.0,False,False,deficit,False,False,False
UUID,18.4218,True,excess,3,5,0.011396,0.008559,1.3314,0.002837,0.3329,4.66,-0.008567,0.015663,0.0,1.0,1.0,1.0,False,False,excess,False,False,False
Status,17.9134,True,excess,3,3,0.011396,0.005706,1.9972,0.00569,0.4993,7.015,-0.004284,0.01709,0.1886,0.6641031261499244,0.7954122791155567,1.0,False,False,excess,False,False,False
Trello,17.9134,True,excess,12,2,0.037037,0.00428,8.6543,0.032757,3.4237,33.9516,0.015667,0.054127,15.2118,9.610349106661521e-05,0.0003835030307018484,0.16183827895618003,True,False,excess,True,False,True
ハイジャック-hijack,17.9134,True,excess,11,2,0.034188,0.00428,7.9886,0.029908,2.9957,27.9601,0.011392,0.048429,13.3285,0.0002614052131131346,0.0009446488817221431,0.4402063788825187,True,False,excess,True,False,True
Cross,17.9134,True,excess,6,2,0.019943,0.00428,4.66,0.015663,1.4979,15.9772,0.002841,0.029912,4.5503,0.03291309633861351,0.06590446401215833,1.0,False,False,excess,False,False,True
Dependabot,17.9134,True,excess,6,2,0.019943,0.00428,4.66,0.015663,1.4979,17.9744,0.002841,0.031331,4.5503,0.03291309633861351,0.06590446401215833,1.0,False,False,excess,False,False,True
refactor,17.9134,True,excess,8,2,0.025641,0.00428,5.9915,0.021361,1.9972,21.9687,0.007112,0.039878,7.8876,0.004977431508287282,0.012816505596262665,1.0,True,False,excess,True,False,True
容器,17.9134,True,excess,2,2,0.008547,0.00428,1.9972,0.004267,0.4993,9.9858,-0.004284,0.014241,0.0314,0.8594185485165475,0.9552876803312647,1.0,False,False,excess,False,False,False
講ずる,17.3223,True,excess,17,7,0.051282,0.011412,4.4936,0.03987,2.1633,11.9829,0.018445,0.062705,13.8638,0.00019655214946634768,0.0007258636396958979,0.33099381970132946,True,False,excess,True,False,True
捕捉,17.186,True,excess,15,5,0.045584,0.008559,5.3257,0.037025,2.3039,14.9786,0.015612,0.059821,14.0743,0.0001757255288393314,0.0006620174285580182,0.2959217905654341,True,False,excess,True,False,True
醸成,16.7313,True,excess,23,7,0.068376,0.011412,5.9915,0.056964,3.1608,15.4904,0.031327,0.084035,24.1268,9.019446576425289e-07,5.463578429748269e-06,0.0015188748034700187,True,True,excess,True,True,True
プラクティス-practice,16.4724,True,excess,162,49,0.464387,0.071327,6.5107,0.393061,4.9474,8.9318,0.337499,0.447247,221.8347,3.5990555309714557e-50,1.2121619028311863e-47,6.060809514155932e-47,True,True,excess,True,True,True
再発,15.5492,True,excess,12,4,0.037037,0.007133,5.1926,0.029904,2.2468,15.9772,0.011384,0.051278,10.8608,0.00098220694834974,0.003007339092765386,1.0,True,False,excess,True,False,True
プレフィックス-prefix,15.5492,True,excess,7,3,0.022792,0.005706,3.9943,0.017086,1.4242,17.9744,0.002841,0.03418,4.5559,0.03280572063321619,0.06590446401215833,1.0,False,False,excess,False,False,True
Risk,15.5492,True,excess,2,1,0.008547,0.002853,2.9957,0.005694,0.6657,9.9858,-0.001431,0.015667,0.3761,0.5397116220637919,0.6782644563846458,1.0,False,False,excess,False,False,False
側面,15.4101,True,excess,19,15,0.05698,0.022825,2.4964,0.034156,1.2981,4.8824,0.008506,0.06127,7.0253,0.008036693284069316,0.019614190565757576,1.0,True,False,excess,True,False,True
finally,15.2115,True,excess,15,3,0.045584,0.005706,7.9886,0.039878,3.3286,31.9544,0.018512,0.06267,18.3775,1.811807627996609e-05,8.475233459850804e-05,0.030510840455462894,True,True,excess,True,True,True
実践,15.0185,True,excess,156,60,0.447293,0.087019,5.1402,0.360275,3.9943,6.8367,0.307558,0.414501,182.8753,1.141985908555052e-41,2.7472918142952965e-39,1.9231042700067075e-38,True,True,excess,True,True,True
ペネトレーションテスト,14.7612,True,excess,8,2,0.025641,0.00428,5.9915,0.021361,1.9972,23.9658,0.007116,0.039918,7.8876,0.004977431508287282,0.012816505596262665,1.0,True,False,excess,True,False,True
Prettier,14.3671,True,excess,13,2,0.039886,0.00428,9.32,0.035606,3.6614,31.9544,0.017086,0.054163,17.1196,3.509886521667774e-05,0.0001539231485023055,0.05910648902488531,True,False,excess,True,False,True
documentation,14.3671,True,excess,2,4,0.008547,0.007133,1.1983,0.001414,0.2853,4.66,-0.007137,0.011392,0.0,1.0,1.0,1.0,False,False,excess,False,False,False
直結,13.8605,True,excess,22,7,0.065527,0.011412,5.7418,0.054115,2.9049,15.5878,0.029896,0.082644,22.3456,2.2773270511916532e-06,1.2740926093710113e-05,0.003835018754206744,True,True,excess,True,True,True
レジストリー-registry,13.7413,True,excess,29,9,0.08547,0.014265,5.9915,0.071205,3.281,13.9801,0.042714,0.099738,30.8022,2.8570669388057162e-08,2.1010046833837668e-07,4.811300724948826e-05,True,True,excess,True,True,True
一朝,13.185,False,excess,6,2,0.019943,0.00428,4.66,0.015663,1.4979,15.9772,0.002841,0.031327,4.5503,0.03291309633861351,0.06590446401215833,1.0,False,False,excess,False,False,True
一夕,13.185,False,excess,6,2,0.019943,0.00428,4.66,0.015663,1.4979,15.9772,0.002841,0.031327,4.5503,0.03291309633861351,0.06590446401215833,1.0,False,False,excess,False,False,True
底上げ,13.185,False,excess,6,2,0.019943,0.00428,4.66,0.015663,1.4979,15.9772,0.002841,0.031371,4.5503,0.03291309633861351,0.06590446401215833,1.0,False,False,excess,False,False,True
順守,12.791,True,excess,21,10,0.062678,0.015692,3.9943,0.046986,1.9972,8.5616,0.021337,0.07548,15.4605,8.424827657486109e-05,0.00034022565408169326,0.14187409775206608,True,False,excess,True,False,True
潜在,12.6119,True,excess,17,20,0.051282,0.029957,1.7118,0.021325,0.8876,3.1954,-0.00291,0.048397,2.1886,0.1390348362425654,0.224266919762912,1.0,False,False,excess,False,False,False
後方,12.397,True,excess,12,4,0.037037,0.007133,5.1926,0.029904,1.9972,17.9993,0.011384,0.05127,10.8608,0.00098220694834974,0.003007339092765386,1.0,True,False,excess,True,False,True
築く,12.2394,True,excess,13,5,0.039886,0.008559,4.66,0.031327,1.9972,14.9786,0.011376,0.051278,10.7467,0.0010446375914302955,0.003181138705187374,1.0,True,False,excess,True,False,True
Prometheus,12.2394,True,excess,13,2,0.039886,0.00428,9.32,0.035606,3.709,33.9516,0.017086,0.056976,17.1196,3.509886521667774e-05,0.0001539231485023055,0.05910648902488531,True,False,excess,True,False,True
戦略,12.1966,True,excess,99,68,0.2849,0.098431,2.8944,0.186469,2.2188,3.8792,0.132338,0.23778,58.788,1.756126654499714e-14,3.2497992155796905e-13,2.957317286177518e-11,True,True,excess,True,True,True
チームワーク-teamwork,12.003,True,excess,9,3,0.02849,0.005706,4.9929,0.022784,1.7475,17.9744,0.007108,0.041304,7.6815,0.005578856955798612,0.01414878782163383,1.0,True,False,excess,True,False,True
レトロスペクティブ-retrospective,11.8341,True,excess,16,5,0.048433,0.008559,5.6586,0.039874,2.4399,15.9939,0.015655,0.062666,15.7981,7.047305764553578e-05,0.000288050070570588,0.11867662907508225,True,False,excess,True,False,True
Policy,11.6089,True,excess,15,5,0.045584,0.008559,5.3257,0.037025,2.3603,16.9758,0.017038,0.059817,14.0743,0.0001757255288393314,0.0006620174285580182,0.2959217905654341,True,False,excess,True,False,True
Site,11.6089,True,excess,6,3,0.019943,0.005706,3.495,0.014237,1.1983,13.9801,0.001414,0.028486,3.152,0.0758331590521666,0.13761103431449198,1.0,False,False,excess,False,False,True
批判,11.4119,True,excess,19,6,0.05698,0.009986,5.7061,0.046994,2.6629,15.3115,0.024198,0.075484,19.0588,1.2675322141617533e-05,6.0297295159559116e-05,0.021345242486483926,True,True,excess,True,True,True
落とし穴,11.4119,True,excess,12,7,0.037037,0.011412,3.2454,0.025625,1.4979,8.6576,0.007116,0.047002,6.4389,0.011164892274630054,0.02593334977996829,1.0,True,False,excess,True,False,True
reviewer,11.2937,True,excess,2,3,0.008547,0.005706,1.4979,0.002841,0.3329,5.9915,-0.00571,0.012818,0.0,1.0,1.0,1.0,False,False,excess,False,False,False
デー-day,11.1586,True,excess,2,10,0.008547,0.015692,0.5447,-0.007145,0.1427,1.4979,-0.018553,0.004259,0.8535,0.35556286493785916,0.4875959809082694,1.0,False,False,deficit,False,False,False
堅牢,11.1164,True,excess,32,14,0.094017,0.021398,4.3937,0.072619,2.451,8.4338,0.041272,0.10254,26.7394,2.328285387211258e-07,1.5197025550634723e-06,0.00039208325920637587,True,True,excess,True,True,True
review,11.0027,True,excess,3,3,0.011396,0.005706,1.9972,0.00569,0.4993,7.9886,-0.004284,0.01709,0.1886,0.6641031261499244,0.7954122791155567,1.0,False,False,excess,False,False,False
Monitoring,10.8209,True,excess,6,3,0.019943,0.005706,3.495,0.014237,1.1412,13.9801,0.00141,0.029908,3.152,0.0758331590521666,0.13761103431449198,1.0,False,False,excess,False,False,True
Based,10.8209,False,excess,4,2,0.014245,0.00428,3.3286,0.009965,0.7989,13.9801,-0.001431,0.022788,1.6972,0.19265478949243287,0.29601338093545343,1.0,False,False,excess,False,False,False
feedback,10.8209,False,excess,1,2,0.005698,0.00428,1.3314,0.001418,0.3994,5.9915,-0.00571,0.009965,0.0,1.0,1.0,1.0,False,False,excess,False,False,False
倫理,10.8209,False,excess,1,2,0.005698,0.00428,1.3314,0.001418,0.3994,5.9915,-0.004284,0.008543,0.0,1.0,1.0,1.0,False,False,excess,False,False,False
ESLint,10.4831,True,excess,17,6,0.051282,0.009986,5.1355,0.041296,2.4964,14.6541,0.018504,0.064096,15.6082,7.791603847562368e-05,0.0003161701416697597,0.13121060879295027,True,False,excess,True,False,True
HTTPS,10.4133,True,excess,37,21,0.108262,0.031384,3.4496,0.076878,2.1259,5.9915,0.045527,0.112481,24.201,8.678523790941435e-07,5.295157269545426e-06,0.0014614634063945377,True,True,excess,True,True,True
心掛ける,10.348,True,excess,47,14,0.136752,0.021398,6.3909,0.115354,3.9943,11.3838,0.078317,0.155284,53.6256,2.4257282763595366e-13,3.747638915036201e-12,4.0849264173894595e-10,True,True,excess,True,True,True
ロギング-Longging,10.348,True,excess,19,8,0.05698,0.012839,4.4381,0.044141,2.1398,9.9957,0.019919,0.069782,15.4387,8.522676069192782e-05,0.0003425342840219724,0.14352186500520644,True,False,excess,True,False,True
Created,10.2298,True,excess,14,4,0.042735,0.007133,5.9915,0.035602,2.6629,18.6484,0.015659,0.056972,14.3078,0.00015522234065243977,0.000596790917029015,0.2613944216587086,True,False,excess,True,False,True
インジェクション-injection,10.2129,True,excess,34,15,0.099715,0.022825,4.3688,0.076891,2.6325,8.2105,0.048392,0.112509,28.3886,9.924926918885556e-08,6.712279892129831e-07,0.00016713576931403278,True,True,excess,True,True,True
セグメント-segment,10.1761,True,excess,2,4,0.008547,0.007133,1.1983,0.001414,0.2853,3.9943,-0.007141,0.011388,0.0,1.0,1.0,1.0,False,False,excess,False,False,False
xx,10.0328,True,excess,6,4,0.019943,0.007133,2.796,0.01281,0.9986,7.9886,-1.2e-05,0.02706,2.1328,0.14417600312319945,0.23101083659321398,1.0,False,False,excess,False,False,False
密度,10.0328,False,excess,6,2,0.019943,0.00428,4.66,0.015663,1.4979,17.9744,0.002845,0.031331,4.5503,0.03291309633861351,0.06590446401215833,1.0,False,False,excess,False,False,True
many,10.0328,False,excess,2,2,0.008547,0.00428,1.9972,0.004267,0.4993,7.9886,-0.002861,0.014241,0.0314,0.8594185485165475,0.9552876803312647,1.0,False,False,excess,False,False,False
ガイド-guide,9.8862,True,excess,83,28,0.239316,0.041369,5.7849,0.197947,4.0529,8.773,0.152324,0.244954,93.8504,3.402990203781325e-22,1.3595565899963484e-20,5.730635503167751e-19,True,True,excess,True,True,True
スタンド-stand,9.8077,True,excess,16,6,0.048433,0.009986,4.8502,0.038447,2.1787,13.9801,0.015655,0.062662,13.934,0.00018934280460189507,0.0007054276171451136,0.3188532829495913,True,False,excess,True,False,True
Wiki,9.6388,True,excess,14,7,0.042735,0.011412,3.7447,0.031323,1.7475,9.9858,0.009953,0.054119,9.2383,0.002369999416603732,0.006629699364718745,1.0,True,False,excess,True,False,True
Delivery,9.6388,True,excess,8,4,0.025641,0.007133,3.5949,0.018508,1.3314,12.9815,0.002833,0.037033,4.6469,0.031110461155802478,0.06350305040772287,1.0,False,False,excess,False,False,True
パイプライン,9.6002,True,excess,81,60,0.233618,0.087019,2.6847,0.1466,1.9686,3.628,0.098115,0.197878,41.3722,1.2583538065397266e-10,1.3244173813830623e-09,2.1190678102128995e-07,True,True,excess,True,True,True
Testing,9.5244,True,excess,4,14,0.014245,0.021398,0.6657,-0.007153,0.2102,1.6643,-0.021414,0.008531,0.5723,0.4493420267826058,0.5870379930969032,1.0,False,False,deficit,False,False,False
エンティティー-entity,9.4997,True,excess,27,19,0.079772,0.028531,2.796,0.051241,1.6266,5.0845,0.019898,0.084007,12.7573,0.0003546301919045619,0.0012389984298076394,0.5971972431672822,True,False,excess,True,False,True
見直し,9.4521,True,excess,31,13,0.091168,0.019971,4.5649,0.071197,2.6314,9.3873,0.042698,0.103962,26.7606,2.302848968986444e-07,1.508948507304736e-06,0.00038779976637731716,True,True,excess,True,True,True
効果,9.4364,True,excess,134,117,0.384615,0.168331,2.2849,0.216284,1.8693,2.8613,0.16073,0.271851,58.5088,2.023837312523351e-14,3.587517930830866e-13,3.408142034289323e-11,True,True,excess,True,True,True
対策,9.4164,True,excess,83,79,0.239316,0.114123,2.097,0.125194,1.6198,2.7907,0.079577,0.179325,26.6786,2.4026393231958646e-07,1.562179390062485e-06,0.0004046044620261836,True,True,excess,True,True,True
リレーショナル-relational,9.413,True,excess,37,24,0.108262,0.035663,3.0357,0.072599,1.8683,5.0606,0.038359,0.111079,20.4699,6.057503688469823e-06,3.063314177592547e-05,0.010200836211383181,True,True,excess,True,True,True
Top,9.2448,True,excess,14,8,0.042735,0.012839,3.3286,0.029896,1.4979,7.9886,0.008523,0.051309,7.9449,0.00482237995807173,0.012590523797508208,1.0,True,False,excess,True,False,True
頻発,9.2448,True,excess,11,5,0.034188,0.008559,3.9943,0.025629,1.6626,11.9995,0.007112,0.046998,7.624,0.005759699485725881,0.01454173003592561,1.0,True,False,excess,True,False,True
containers,8.9295,True,excess,1,4,0.005698,0.007133,0.7989,-0.001435,0.2496,2.9957,-0.008603,0.007116,0.0251,0.8740693647788055,0.9671043431586783,1.0,False,False,deficit,False,False,False
Compose,8.8507,True,excess,26,19,0.076923,0.028531,2.6962,0.048392,1.5977,4.8264,0.021321,0.079736,11.5187,0.0006890116037411115,0.002205885058365079,1.0,True,False,excess,True,False,True
Development,8.8507,True,excess,7,12,0.022792,0.018545,1.229,0.004247,0.4438,2.9957,-0.012859,0.022768,0.0067,0.9347622723817319,1.0,1.0,False,False,excess,False,False,False
CD,8.6266,True,excess,104,84,0.299145,0.121255,2.4671,0.17789,1.9354,3.2053,0.128029,0.229247,48.6146,3.1154752394069983e-12,4.163857383461416e-11,5.246460303161385e-09,True,True,excess,True,True,True
排除,8.4567,True,excess,38,25,0.111111,0.03709,2.9957,0.074021,1.9224,4.9929,0.041169,0.112489,20.6877,5.406244975070083e-06,2.7756452859811035e-05,0.00910411653801802,True,True,excess,True,True,True
コラボレーション-collaboration,8.4567,True,excess,21,13,0.062678,0.019971,3.1384,0.042707,1.6974,6.3243,0.017066,0.068356,11.4935,0.0006984023105070634,0.002223269358967665,1.0,True,False,excess,True,False,True
分担,8.4567,True,excess,16,13,0.048433,0.019971,2.4251,0.028462,1.2361,5.1073,0.005665,0.054115,5.4301,0.01979200254734642,0.04284027286597863,1.0,True,False,excess,True,False,True
ユーザビリティー-usability,8.4567,True,excess,17,7,0.051282,0.011412,4.4936,0.03987,2.1633,11.9829,0.017078,0.06267,13.8638,0.00019655214946634768,0.0007258636396958979,0.33099381970132946,True,False,excess,True,False,True
共存,8.4567,False,excess,2,4,0.008547,0.007133,1.1983,0.001414,0.3329,4.0068,-0.007141,0.011392,0.0,1.0,1.0,1.0,False,False,excess,False,False,False
タイムリー-timely,8.4567,False,excess,4,2,0.014245,0.00428,3.3286,0.009965,0.7989,13.9801,-0.001431,0.022788,1.6972,0.19265478949243287,0.29601338093545343,1.0,False,False,excess,False,False,False
ROI,8.4567,False,excess,6,3,0.019943,0.005706,3.495,0.014237,1.1412,13.0064,0.00141,0.028486,3.152,0.0758331590521666,0.13761103431449198,1.0,False,False,excess,False,False,True
ダイヤグラム-diagram,8.4567,False,excess,4,3,0.014245,0.005706,2.4964,0.008539,0.6657,9.9858,-0.002861,0.022784,0.8809,0.3479628246435077,0.48144911763771964,1.0,False,False,excess,False,False,False
リミット-limit,8.4567,False,excess,2,2,0.008547,0.00428,1.9972,0.004267,0.4993,7.9886,-0.002861,0.014241,0.0314,0.8594185485165475,0.9552876803312647,1.0,False,False,excess,False,False,False
定期,8.0345,True,excess,116,61,0.333333,0.088445,3.7688,0.244888,2.8226,5.1294,0.186446,0.299028,97.6138,5.0848438129781634e-23,2.25338867922506e-21,8.562876981055227e-20,True,True,excess,True,True,True
配分,8.0268,True,excess,13,9,0.039886,0.014265,2.796,0.025621,1.3305,6.326,0.005674,0.048417,5.5771,0.018197034390647956,0.03979715053746904,1.0,True,False,excess,True,False,True
特,7.6686,True,excess,1,1,0.005698,0.002853,1.9972,0.002845,0.4993,7.9886,-0.002857,0.009969,0.0,1.0,1.0,1.0,False,False,excess,False,False,False
Not,7.597,True,excess,16,8,0.048433,0.012839,3.7724,0.035594,1.8146,9.1869,0.012802,0.059809,10.7936,0.001018524089347152,0.003107236533443123,1.0,True,False,excess,True,False,True
Options,7.511,True,excess,7,4,0.022792,0.007133,3.1954,0.015659,1.1095,11.9829,0.001406,0.03418,3.3189,0.06848930890529108,0.12605026906722425,1.0,False,False,excess,False,False,True
feat,7.511,True,excess,9,4,0.02849,0.007133,3.9943,0.021357,1.4979,14.9786,0.004263,0.039878,6.085,0.0136338002136688,0.030777252437144215,1.0,True,False,excess,True,False,True
一貫,7.3441,True,excess,89,48,0.25641,0.0699,3.6682,0.18651,2.7172,5.0429,0.142336,0.239195,69.3065,8.428965632798645e-17,2.118563899348197e-15,1.419437812563292e-13,True,True,excess,True,True,True
現代,7.3104,True,excess,53,17,0.153846,0.025678,5.9915,0.128169,3.8459,10.7868,0.092546,0.163791,58.5938,1.938312258897596e-14,3.472465791471864e-13,3.264117843983552e-11,True,True,excess,True,True,True
パーティショニング,7.2746,False,excess,5,4,0.017094,0.007133,2.3966,0.009961,0.6657,7.9886,-0.002869,0.02425,1.1347,0.2867694672247564,0.4078714381811569,1.0,False,False,excess,False,False,False
MIME,7.2746,False,excess,7,4,0.022792,0.007133,3.1954,0.015659,1.1412,12.0079,0.00141,0.032753,3.3189,0.06848930890529108,0.12605026906722425,1.0,False,False,excess,False,False,True
TLS,7.1671,True,excess,12,6,0.037037,0.009986,3.709,0.027051,1.5966,10.4892,0.008487,0.048425,7.6944,0.005539229616364816,0.01409072911474071,1.0,True,False,excess,True,False,True
認可,7.0776,True,excess,46,15,0.133903,0.022825,5.8666,0.111079,3.5601,10.8734,0.075413,0.149542,49.6052,1.8801608153649445e-12,2.5952383713725955e-11,3.1661908130745665e-09,True,True,excess,True,True,True
PATCH,6.9635,True,excess,23,8,0.068376,0.012839,5.3257,0.055537,2.6618,12.652,0.02847,0.084075,22.1416,2.5326065365746285e-06,1.3983309533087458e-05,0.004264909407591675,True,True,excess,True,True,True
ルール-rule,6.9239,True,excess,64,140,0.185185,0.201141,0.9207,-0.015956,0.701,1.1864,-0.065824,0.033916,0.3354,0.5625080962010192,0.7021969117883738,1.0,False,False,deficit,False,False,False
Integration,6.8806,True,excess,23,14,0.068376,0.021398,3.1954,0.046978,1.7245,6.2432,0.019902,0.075476,13.0301,0.0003065238676891806,0.001086707775133853,0.5161861931885802,True,False,excess,True,False,True
Foreign,6.8806,True,excess,10,1,0.031339,0.002853,10.9843,0.028486,3.9943,31.9544,0.012818,0.048429,14.0678,0.00017633395729803306,0.0006628267502006421,0.29694638408988766,True,False,excess,True,False,True
長所,6.8806,True,excess,6,5,0.019943,0.008559,2.33,0.011384,0.7989,6.99,-0.002861,0.027055,1.3896,0.23847988091693703,0.35414472615883774,1.0,False,False,excess,False,False,False
チェックポイント-checkpoint,6.8806,False,excess,5,3,0.017094,0.005706,2.9957,0.011388,0.9986,11.9829,-1.6e-05,0.025637,1.9051,0.1675040765463246,0.2616668505603067,1.0,False,False,excess,False,False,False
Green,6.8806,False,excess,5,3,0.017094,0.005706,2.9957,0.011388,0.9986,11.9829,-1.6e-05,0.025637,1.9051,0.1675040765463246,0.2616668505603067,1.0,False,False,excess,False,False,False
セマンティックバージョニング,6.8806,False,excess,5,2,0.017094,0.00428,3.9943,0.012814,1.1983,15.9772,0.001414,0.027099,3.0381,0.08133049726932774,0.14432092455379128,1.0,False,False,excess,False,False,True
シング,6.8806,False,excess,1,2,0.005698,0.00428,1.3314,0.001418,0.3994,5.9915,-0.004284,0.008543,0.0,1.0,1.0,1.0,False,False,excess,False,False,False
進捗,6.7821,True,excess,37,26,0.108262,0.038516,2.8108,0.069746,1.7622,4.6935,0.035545,0.105356,18.2561,1.931086729461193e-05,8.860899325375065e-05,0.03251950052412649,True,True,excess,True,True,True
保つ,6.7769,True,excess,91,52,0.262108,0.075606,3.4668,0.186502,2.5931,4.7737,0.138014,0.23637,66.8378,2.9478895514106e-16,6.8947861174659035e-15,4.96424600457545e-13,True,True,excess,True,True,True
継続,6.6,True,excess,132,97,0.378917,0.1398,2.7104,0.239117,2.1986,3.4002,0.184906,0.296149,76.4851,2.218843095615254e-18,6.442296160372565e-17,3.736531773016088e-15,True,True,excess,True,True,True
One,6.5654,True,excess,6,6,0.019943,0.009986,1.9972,0.009957,0.7484,5.9915,-0.004292,0.025672,0.8535,0.35556286493785916,0.4875959809082694,1.0,False,False,excess,False,False,False
レビュー-review,6.4293,True,excess,116,146,0.333333,0.2097,1.5896,0.123633,1.2937,1.9546,0.06521,0.183487,18.157,2.0341532127764897e-05,9.258145973825968e-05,0.034255140103156084,True,True,excess,True,True,True
インテグレーション-integration,6.3074,True,excess,37,22,0.108262,0.03281,3.2996,0.075452,2.0562,5.4665,0.039845,0.10964,22.899,1.7074123689016536e-06,9.949074149586106e-06,0.0028752824292303846,True,True,excess,True,True,True
予期,6.2895,True,excess,26,17,0.076923,0.025678,2.9957,0.051245,1.6523,5.618,0.021282,0.082585,13.6066,0.0002253865557588507,0.0008203020496085808,0.37955095989790455,True,False,excess,True,False,True
向上,6.217,True,excess,220,149,0.62963,0.21398,2.9425,0.41565,2.5086,3.4636,0.358673,0.475535,175.0987,5.697045300644698e-40,9.593824286285672e-38,9.593824286285671e-37,True,True,excess,True,True,True
Jenkins,6.134,True,excess,32,13,0.094017,0.019971,4.7076,0.074046,2.6911,9.2368,0.042706,0.106807,28.444,9.644671863102737e-08,6.602287568075206e-07,0.00016241627417465008,True,True,excess,True,True,True
ローテーション-rotation,6.0925,False,excess,6,2,0.019943,0.00428,4.66,0.015663,1.4979,19.9715,0.002841,0.032757,4.5503,0.03291309633861351,0.06590446401215833,1.0,False,False,excess,False,False,True
多層,6.0925,False,excess,6,4,0.019943,0.007133,2.796,0.01281,0.8559,9.9858,-0.001435,0.028486,2.1328,0.14417600312319945,0.23101083659321398,1.0,False,False,excess,False,False,False
分配,6.0925,False,excess,2,3,0.008547,0.005706,1.4979,0.002841,0.3329,5.9915,-0.00571,0.012814,0.0,1.0,1.0,1.0,False,False,excess,False,False,False
アプローチ-approach,6.0223,True,excess,49,60,0.14245,0.087019,1.637,0.055432,1.1342,2.3796,0.012692,0.101048,6.8191,0.00901865388572426,0.021789688871678124,1.0,True,False,excess,True,False,True
数値,5.9994,True,excess,12,53,0.037037,0.077033,0.4808,-0.039996,0.2452,0.7896,-0.067143,-0.012908,6.2012,0.012766438349848372,0.029131005665507668,1.0,True,False,deficit,False,False,False
確保,5.9707,True,excess,91,67,0.262108,0.097004,2.702,0.165104,2.0465,3.6342,0.113802,0.214984,47.9876,4.2892190499367744e-12,5.599259596971727e-11,7.223044880093528e-09,True,True,excess,True,True,True
Secrets,5.9107,True,excess,9,9,0.02849,0.014265,1.9972,0.014225,0.8559,5.137,-0.002877,0.034168,1.5898,0.20736144006792862,0.313898879204964,1.0,False,False,excess,False,False,False
CI,5.8678,True,excess,118,100,0.339031,0.14408,2.3531,0.194951,1.8765,2.9725,0.140808,0.250481,52.3629,4.613477589273522e-13,6.9366930895862595e-12,7.769096260336611e-10,True,True,excess,True,True,True
発見,5.835,True,excess,88,65,0.253561,0.094151,2.6931,0.15941,2.0541,3.6016,0.110968,0.214976,45.8674,1.2653732017937588e-11,1.5668297586916837e-10,2.1308884718206898e-08,True,True,excess,True,True,True
オペレーティング-operating,5.8298,True,excess,5,7,0.017094,0.011412,1.4979,0.005682,0.4993,4.66,-0.007145,0.021357,0.0948,0.7581196220041039,0.8732376494219637,1.0,False,False,excess,False,False,False
Production,5.7548,False,excess,2,3,0.008547,0.005706,1.4979,0.002841,0.3994,5.9915,-0.00571,0.012814,0.0,1.0,1.0,1.0,False,False,excess,False,False,False
名詞,5.7192,True,excess,19,11,0.05698,0.017118,3.3286,0.039862,1.7749,7.592,0.015643,0.06836,11.1562,0.0008374904095835806,0.002621438382414033,1.0,True,False,excess,True,False,True
活性,5.6197,True,excess,6,8,0.019943,0.012839,1.5533,0.007104,0.5317,3.9943,-0.007153,0.022776,0.2262,0.6343329065717509,0.7679486805656567,1.0,False,False,excess,False,False,False
Maven,5.6197,False,excess,6,5,0.019943,0.008559,2.33,0.011384,0.7681,7.9886,-0.002861,0.028486,1.3896,0.23847988091693703,0.35414472615883774,1.0,False,False,excess,False,False,False
ホルダー-holder,5.6197,False,excess,6,5,0.019943,0.008559,2.33,0.011384,0.7989,7.9886,-0.001486,0.028482,1.3896,0.23847988091693703,0.35414472615883774,1.0,False,False,excess,False,False,False
Agile,5.6197,False,excess,2,3,0.008547,0.005706,1.4979,0.002841,0.3994,5.9915,-0.00571,0.012814,0.0,1.0,1.0,1.0,False,False,excess,False,False,False
セキュリティー-security,5.5944,True,excess,145,141,0.415954,0.202568,2.0534,0.213387,1.7116,2.5255,0.154983,0.274655,52.2738,4.827762655296171e-13,7.194648063290931e-12,8.129952311518752e-10,True,True,excess,True,True,True
ハンドリング-handling,5.5146,True,excess,37,24,0.108262,0.035663,3.0357,0.072599,1.8209,5.0606,0.035562,0.10964,20.4699,6.057503688469823e-06,3.063314177592547e-05,0.010200836211383181,True,True,excess,True,True,True
進展,5.5015,True,excess,2,3,0.008547,0.005706,1.4979,0.002841,0.3329,5.9915,-0.00571,0.012815,0.0,1.0,1.0,1.0,False,False,excess,False,False,False
Nginx,5.5015,True,excess,6,5,0.019943,0.008559,2.33,0.011384,0.7989,6.99,-0.002861,0.027059,1.3896,0.23847988091693703,0.35414472615883774,1.0,False,False,excess,False,False,False
スロット-slot,5.4477,True,excess,1,4,0.005698,0.007133,0.7989,-0.001435,0.2496,2.9957,-0.008563,0.007116,0.0251,0.8740693647788055,0.9671043431586783,1.0,False,False,deficit,False,False,False
Build,5.373,True,excess,6,15,0.019943,0.022825,0.8738,-0.002882,0.2996,2.164,-0.019984,0.017066,0.0547,0.81513645901801,0.9218870362567689,1.0,False,False,deficit,False,False,False
ソフトウェア-software,5.3621,True,excess,138,156,0.396011,0.223966,1.7682,0.172046,1.4703,2.1332,0.112142,0.230555,33.1686,8.450503116524752e-09,6.941779145476917e-08,1.4230647248227682e-05,True,True,excess,True,True,True
プレース-place,5.3045,False,excess,7,6,0.022792,0.009986,2.2825,0.012806,0.8545,5.9915,-0.002861,0.031331,1.6454,0.19959009957225926,0.30495046425181144,1.0,False,False,excess,False,False,False
策定,5.2257,True,excess,33,27,0.096866,0.039943,2.4251,0.056923,1.5601,3.9943,0.026998,0.092542,12.429,0.00042272332795049273,0.0014410244620822463,0.7118660842686297,True,False,excess,True,False,True
使い分ける,5.2215,True,excess,16,17,0.048433,0.025678,1.8862,0.022755,0.9986,3.6621,-4.1e-05,0.048401,2.851,0.09131908548600859,0.158374191512295,1.0,False,False,excess,False,False,False
防御,5.206,True,excess,9,11,0.02849,0.017118,1.6643,0.011372,0.7262,3.5958,-0.005731,0.031311,0.7709,0.3799281229532361,0.515136037885064,1.0,False,False,excess,False,False,False
Bad,5.1832,True,excess,14,4,0.042735,0.007133,5.9915,0.035602,2.6629,17.9744,0.015659,0.056976,14.3078,0.00015522234065243977,0.000596790917029015,0.2613944216587086,True,False,excess,True,False,True
コミュニケーション-communication,5.0895,True,excess,73,67,0.210826,0.097004,2.1734,0.113822,1.6292,2.914,0.068237,0.160837,24.751,6.523392377153373e-07,4.053650466098259e-06,0.001098539276312628,True,True,excess,True,True,True
Tests,5.0793,False,excess,3,2,0.011396,0.00428,2.6629,0.007116,0.6657,10.0357,-0.001435,0.018512,0.628,0.42809339661910784,0.5676451022886437,1.0,False,False,excess,False,False,False
MFA,5.0793,False,excess,5,2,0.017094,0.00428,3.9943,0.012814,0.9986,15.9772,-8e-06,0.027059,3.0381,0.08133049726932774,0.14432092455379128,1.0,False,False,excess,False,False,False
SHA,5.0793,False,excess,3,6,0.011396,0.009986,1.1412,0.00141,0.3329,3.9943,-0.008571,0.014233,0.0,1.0,1.0,1.0,False,False,excess,False,False,False
枠組み,5.0793,False,excess,1,7,0.005698,0.011412,0.4993,-0.005714,0.1664,1.4979,-0.014273,0.002841,0.7715,0.3797524517544325,0.515136037885064,1.0,False,False,deficit,False,False,False
Tools,5.0793,False,excess,2,5,0.008547,0.008559,0.9986,-1.2e-05,0.2219,3.3286,-0.00999,0.011384,0.0,1.0,1.0,1.0,False,False,deficit,False,False,False
Docker,4.9183,True,excess,70,95,0.202279,0.136947,1.4771,0.065332,1.1142,1.9485,0.016879,0.115208,6.8032,0.009099674482198634,0.02192253480403791,1.0,True,False,excess,True,False,True
クロース-cloth,4.9104,True,excess,28,17,0.082621,0.025678,3.2176,0.056943,1.9304,6.1917,0.029868,0.088334,16.3246,5.336589482271731e-05,0.00022579941427501495,0.08986816688145595,True,False,excess,True,False,True
役立てる,4.9104,True,excess,14,11,0.042735,0.017118,2.4964,0.025617,1.1977,5.4208,0.004239,0.048413,4.9222,0.02651380895860597,0.05553389836603539,1.0,False,False,excess,False,False,True
慣習,4.9104,False,excess,2,4,0.008547,0.007133,1.1983,0.001414,0.2853,3.9943,-0.007145,0.011392,0.0,1.0,1.0,1.0,False,False,excess,False,False,False
Injection,4.9104,False,excess,5,3,0.017094,0.005706,2.9957,0.011388,0.8559,11.9829,-0.001435,0.025637,1.9051,0.1675040765463246,0.2616668505603067,1.0,False,False,excess,False,False,False
ORM,4.8409,True,excess,16,7,0.048433,0.011412,4.2439,0.037021,1.9972,11.9829,0.015655,0.06267,12.2743,0.00045923878254796403,0.0015529279313469307,0.7733581098107715,True,False,excess,True,False,True
バリデーション-validation,4.8195,True,excess,28,25,0.082621,0.03709,2.2276,0.045531,1.3773,3.8833,0.017029,0.078301,8.6463,0.0032771902563973757,0.008944551688449239,1.0,True,False,excess,True,False,True
重点,4.8195,True,excess,13,13,0.039886,0.019971,1.9972,0.019915,0.9076,4.1763,-0.002878,0.042719,2.6078,0.1063362139430012,0.17817928784080997,1.0,False,False,excess,False,False,False
Representational,4.8195,True,excess,16,12,0.048433,0.018545,2.6117,0.029888,1.2359,5.3281,0.005665,0.052727,6.279,0.012217368527782461,0.028012542155387954,1.0,True,False,excess,True,False,True
留意,4.8195,True,excess,10,13,0.031339,0.019971,1.5692,0.011368,0.699,3.495,-0.008584,0.031323,0.6723,0.41223833501735563,0.5509598064835134,1.0,False,False,excess,False,False,False
実施,4.7932,True,excess,102,137,0.293447,0.196862,1.4906,0.096586,1.1957,1.8546,0.042438,0.150793,11.6205,0.000652304278162066,0.0020987128009650018,1.0,True,False,excess,True,False,True
フィードバック-feedback,4.7638,True,excess,79,53,0.22792,0.077033,2.9587,0.150887,2.219,4.2027,0.105291,0.203635,46.4113,9.586287644615046e-12,1.21378258597983e-10,1.614330839353174e-08,True,True,excess,True,True,True
両立,4.7416,True,excess,17,11,0.051282,0.017118,2.9957,0.034164,1.6221,6.7917,0.01279,0.059801,8.4806,0.0035895093343575983,0.009687073267721466,1.0,True,False,excess,True,False,True
Commit,4.7134,True,excess,5,13,0.017094,0.019971,0.8559,-0.002877,0.3073,1.9972,-0.017174,0.014221,0.0636,0.8009090411181709,0.909461109401888,1.0,False,False,deficit,False,False,False
Before,4.674,False,excess,6,5,0.019943,0.008559,2.33,0.011384,0.7489,7.3229,-0.002869,0.027059,1.3896,0.23847988091693703,0.35414472615883774,1.0,False,False,excess,False,False,False
怠る,4.674,False,excess,6,5,0.019943,0.008559,2.33,0.011384,0.7989,6.99,-0.002861,0.027059,1.3896,0.23847988091693703,0.35414472615883774,1.0,False,False,excess,False,False,False
Canary,4.674,False,excess,6,1,0.019943,0.002853,6.99,0.01709,1.9972,21.9687,0.004267,0.031335,6.4897,0.010850170174187995,0.02527204228676706,1.0,True,False,excess,True,False,True
リレーションシップ-relationship,4.588,True,excess,10,11,0.031339,0.017118,1.8307,0.014221,0.8733,3.9943,-0.002886,0.034172,1.3666,0.24239379597509197,0.3583767800018041,1.0,False,False,excess,False,False,False
品質,4.5674,True,excess,172,102,0.492877,0.146933,3.3544,0.345945,2.7505,4.2499,0.287526,0.407204,142.8161,6.448209163640296e-33,6.032657906427921e-31,1.0858784231570258e-29,True,True,excess,True,True,True
正規,4.5628,True,excess,33,38,0.096866,0.055635,1.7411,0.041231,1.1147,2.7839,0.007035,0.079695,5.3041,0.021275541189030876,0.045815871307324806,1.0,True,False,excess,True,False,True
プロセス-process,4.5198,True,excess,156,152,0.447293,0.21826,2.0494,0.229034,1.7301,2.4706,0.173448,0.28462,57.7116,3.03505606470327e-14,5.215341237714598e-13,5.111034412960307e-11,True,True,excess,True,True,True
設ける,4.5164,True,excess,38,34,0.111111,0.049929,2.2254,0.061182,1.4671,3.4437,0.026978,0.09965,12.2292,0.0004704740155636157,0.0015845564844182577,0.7922782422091288,True,False,excess,True,False,True
デリバリー-delivery,4.5164,True,excess,27,18,0.079772,0.027104,2.9432,0.052668,1.6643,5.3288,0.022739,0.084054,13.8172,0.00020148711198512333,0.0007408390755086194,0.3393042965829477,True,False,excess,True,False,True
Teams,4.5164,True,excess,13,3,0.039886,0.005706,6.99,0.03418,2.6629,29.9573,0.014233,0.055545,14.6688,0.00012814749812178178,0.0005030312047484395,0.21580038683708053,True,False,excess,True,False,True
TDD,4.5164,False,excess,4,6,0.014245,0.009986,1.4265,0.004259,0.3631,5.0012,-0.008567,0.018512,0.0126,0.9105541210349004,0.9995913558166704,1.0,False,False,excess,False,False,False
Generation,4.5164,False,excess,1,2,0.005698,0.00428,1.3314,0.001418,0.3994,5.9915,-0.00571,0.008543,0.0,1.0,1.0,1.0,False,False,excess,False,False,False
Merge,4.491,True,excess,14,14,0.042735,0.021398,1.9972,0.021337,0.9986,3.9943,-4.1e-05,0.044121,2.8666,0.09043451163188397,0.1574888496257421,1.0,False,False,excess,False,False,False
Content,4.491,True,excess,28,13,0.082621,0.019971,4.137,0.06265,2.2964,8.4338,0.032729,0.092574,21.8565,2.9382071091673864e-06,1.6117070918038692e-05,0.004947940771837879,True,True,excess,True,True,True
立てる,4.4833,True,excess,41,75,0.119658,0.108417,1.1037,0.011242,0.7545,1.5203,-0.028756,0.051136,0.1466,0.7018236276418874,0.8305488327118331,1.0,False,False,excess,False,False,False
バランス-balance,4.4672,True,excess,36,40,0.105413,0.058488,1.8023,0.046925,1.1801,2.7299,0.012717,0.082536,6.5976,0.010211592987168302,0.02395031001447273,1.0,True,False,excess,True,False,True
JUnit,4.4558,True,excess,11,5,0.034188,0.008559,3.9943,0.025629,1.5688,10.9843,0.007108,0.045576,7.624,0.005759699485725881,0.01454173003592561,1.0,True,False,excess,True,False,True
リソース-resource,4.4303,True,excess,114,134,0.327635,0.192582,1.7013,0.135053,1.3672,2.0848,0.079463,0.190615,22.5848,2.0106655890447785e-06,1.1595756342299339e-05,0.003385960851951407,True,True,excess,True,True,True
盗聴,4.4038,False,excess,8,5,0.025641,0.008559,2.9957,0.017082,1.109,8.9872,0.001406,0.03418,3.5147,0.06082781372294129,0.11356323537631167,1.0,False,False,excess,False,False,True
設計,4.3917,True,excess,168,289,0.481481,0.413695,1.1639,0.067787,1.0053,1.3226,0.002247,0.127679,4.0106,0.04521459830081887,0.08751883165353906,1.0,False,False,excess,False,False,True
統一,4.3862,True,excess,78,58,0.225071,0.084165,2.6742,0.140906,1.9972,3.6545,0.092488,0.190778,39.3304,3.578190177950077e-10,3.6081869818370837e-09,6.02567225966793e-07,True,True,excess,True,True,True
責任,4.3805,True,excess,35,50,0.102564,0.072753,1.4098,0.029811,0.9296,2.0946,-0.00582,0.065426,2.1906,0.13885820001560092,0.22419674863496833,1.0,False,False,excess,False,False,False
ER,4.3194,True,excess,13,15,0.039886,0.022825,1.7475,0.017062,0.7989,3.6319,-0.005735,0.041264,1.6558,0.19817667048683718,0.3039430902548578,1.0,False,False,excess,False,False,False
左右,4.3194,True,excess,18,13,0.054131,0.019971,2.7104,0.03416,1.4424,5.4936,0.011359,0.061215,7.6825,0.005576008473186046,0.01414878782163383,1.0,True,False,excess,True,False,True
ポータビリティー,4.3194,False,excess,9,2,0.02849,0.00428,6.6572,0.02421,2.4951,23.9658,0.008543,0.04134,9.658,0.0018852904711516036,0.005381066361727627,1.0,True,False,excess,True,False,True
デーリー-daily,4.3194,False,excess,9,4,0.02849,0.007133,3.9943,0.021357,1.5533,13.9801,0.005686,0.038491,6.085,0.0136338002136688,0.030777252437144215,1.0,True,False,excess,True,False,True
保守,4.3028,True,excess,77,65,0.222222,0.094151,2.3603,0.128071,1.7679,3.1774,0.082432,0.176537,31.1746,2.358288720777155e-08,1.780878119187771e-07,3.971358205788729e-05,True,True,excess,True,True,True
改善,4.3018,True,excess,157,151,0.450142,0.216833,2.076,0.233309,1.7514,2.4784,0.179158,0.291729,59.917,9.894538660507988e-15,1.893454898215392e-13,1.666240310429545e-11,True,True,excess,True,True,True
規約,4.2846,True,excess,38,35,0.111111,0.051355,2.1636,0.059756,1.4124,3.4442,0.024141,0.099705,11.4851,0.0007015506452312472,0.002229077899187586,1.0,True,False,excess,True,False,True
以内,4.2846,True,excess,32,25,0.094017,0.03709,2.5348,0.056927,1.5476,4.3937,0.025576,0.092586,13.0436,0.0003043212796561097,0.001083460961820061,0.5124770349408888,True,False,excess,True,False,True
低減,4.2846,True,excess,14,14,0.042735,0.021398,1.9972,0.021337,0.9974,4.246,-8e-05,0.044137,2.8666,0.09043451163188397,0.1574888496257421,1.0,False,False,excess,False,False,False
隠す,4.2537,False,excess,8,8,0.025641,0.012839,1.9972,0.012802,0.8321,4.9929,-0.002873,0.031323,1.3407,0.24690300452531477,0.3637661064047507,1.0,False,False,excess,False,False,False
Request,4.2473,True,excess,37,33,0.108262,0.048502,2.2321,0.05976,1.4976,3.6617,0.02699,0.096817,11.9407,0.0005492117176550682,0.0018063916650998726,0.9248725325311348,True,False,excess,True,False,True
規則,4.2108,True,excess,37,31,0.108262,0.045649,2.3716,0.062613,1.5721,3.8995,0.031274,0.099662,13.5405,0.00023346865643387795,0.0008455079944831193,0.3931612174346505,True,False,excess,True,False,True
定める,4.2012,True,excess,36,39,0.105413,0.057061,1.8474,0.048352,1.1906,2.9635,0.012729,0.088242,7.1238,0.007606535141112855,0.018692159893180654,1.0,True,False,excess,True,False,True
解放,4.1582,True,excess,14,18,0.042735,0.027104,1.5767,0.015631,0.768,3.1962,-0.007221,0.041268,1.1644,0.28055643431323773,0.4028415164767522,1.0,False,False,excess,False,False,False
冪,4.1582,False,excess,8,6,0.025641,0.009986,2.5678,0.015655,0.9986,7.9886,-2.5e-05,0.03418,2.6152,0.10584238912480917,0.17770546688552208,1.0,False,False,excess,False,False,False
Happy,4.1582,False,excess,12,11,0.037037,0.017118,2.1636,0.019919,0.9507,4.9929,-0.001451,0.041296,2.9394,0.08644355632190132,0.15163640504800188,1.0,False,False,excess,False,False,False
Stack,4.1582,False,excess,1,5,0.005698,0.008559,0.6657,-0.002861,0.2219,2.4964,-0.011416,0.00569,0.1886,0.6641031261499244,0.7954122791155567,1.0,False,False,deficit,False,False,False
可読,4.117,True,excess,57,28,0.165242,0.041369,3.9943,0.123873,2.6624,6.0867,0.082521,0.163763,45.7011,1.3774666672032e-11,1.6931780055256853e-10,2.3196538675701887e-08,True,True,excess,True,True,True
徹底,4.0743,True,excess,40,30,0.116809,0.044223,2.6414,0.072587,1.6848,4.1845,0.035553,0.109616,18.0019,2.206830586842936e-05,9.911122519031482e-05,0.03716302708243504,True,True,excess,True,True,True
効率,4.0533,True,excess,193,153,0.552707,0.219686,2.5159,0.33302,2.1499,2.9751,0.274613,0.392886,115.5081,6.090897147124322e-27,3.5369209640542613e-25,1.0257070795757358e-23,True,True,excess,True,True,True
シューティング-shooting,4.0065,True,excess,17,13,0.051282,0.019971,2.5678,0.031311,1.3022,5.1938,0.007096,0.055533,6.5239,0.010643453084271807,0.024824896113453912,1.0,True,False,excess,True,False,True
コーディング-coding,4.0001,True,excess,45,47,0.131054,0.068474,1.9139,0.062581,1.3082,2.8677,0.02405,0.103909,10.2589,0.001360243873542293,0.004025748124859792,1.0,True,False,excess,True,False,True
姿勢,3.991,True,excess,15,12,0.045584,0.018545,2.458,0.027039,1.18,5.1938,0.004239,0.048417,5.1747,0.02291771729915754,0.04872908577245113,1.0,True,False,excess,True,False,True
Resource,3.991,True,excess,5,12,0.017094,0.018545,0.9218,-0.001451,0.2853,2.1974,-0.017131,0.014225,0.0075,0.9311071132138562,1.0,1.0,False,False,deficit,False,False,False
主,3.989,True,excess,28,38,0.082621,0.055635,1.4851,0.026986,0.9217,2.372,-0.005779,0.062609,2.2008,0.13793569611289086,0.2233381966251937,1.0,False,False,excess,False,False,False
HTTP,3.9254,True,excess,47,75,0.136752,0.108417,1.2614,0.028336,0.8752,1.7689,-0.015826,0.073968,1.4201,0.23338228030427544,0.34965814949501767,1.0,False,False,excess,False,False,False
code,3.9192,True,excess,7,35,0.022792,0.051355,0.4438,-0.028563,0.1698,0.8473,-0.049996,-0.007146,4.7154,0.029893579088754566,0.061843718901059816,1.0,False,False,deficit,False,False,False
促進,3.8466,True,excess,30,24,0.088319,0.035663,2.4765,0.052656,1.4646,3.9058,0.019882,0.083987,11.6183,0.0006530436506565683,0.0020987128009650018,1.0,True,False,excess,True,False,True
防ぐ,3.8059,True,excess,74,83,0.213675,0.119829,1.7832,0.093846,1.3718,2.3212,0.051004,0.140928,15.0993,0.00010200330521346303,0.0004051263348572447,0.17177356597947174,True,False,excess,True,False,True
パフォーマンス-performance,3.7618,True,excess,102,96,0.293447,0.138374,2.1207,0.155074,1.6467,2.7153,0.100863,0.210607,35.2983,2.828795288487354e-09,2.520471569213071e-08,4.763691265812704e-06,True,True,excess,True,True,True
ツール-tool,3.7463,True,excess,180,248,0.51567,0.355207,1.4517,0.160463,1.2722,1.681,0.100621,0.224627,24.0796,9.243320690554566e-07,5.579122596019315e-06,0.001556575204289389,True,True,excess,True,True,True
エラー-error,3.7283,True,excess,98,204,0.282051,0.292439,0.9645,-0.010388,0.7818,1.1836,-0.068874,0.049509,0.0982,0.754009812563891,0.8732376494219637,1.0,False,False,deficit,False,False,False
ガイドライン-guideline,3.7283,True,excess,30,19,0.088319,0.028531,3.0956,0.059788,1.8305,5.4471,0.031243,0.092562,16.7003,4.377490588476505e-05,0.00018805342221924577,0.07371694150994434,True,False,excess,True,False,True
洗い出す,3.7283,True,excess,24,16,0.071225,0.024251,2.937,0.046974,1.6498,5.3923,0.021277,0.078297,12.0886,0.0005072983375458838,0.001678370138363985,0.8542904004272683,True,False,excess,True,False,True
シークレット-secret,3.7283,True,excess,12,13,0.037037,0.019971,1.8545,0.017066,0.8738,3.7996,-0.002886,0.039858,1.849,0.17389690619460824,0.269156608485037,1.0,False,False,excess,False,False,False
回復,3.7283,True,excess,5,12,0.017094,0.018545,0.9218,-0.001451,0.3071,2.1969,-0.015704,0.014225,0.0075,0.9311071132138562,1.0,1.0,False,False,deficit,False,False,False
即座,3.7283,False,excess,11,10,0.034188,0.015692,2.1787,0.018496,0.9317,4.9929,-0.001455,0.039862,2.6786,0.10170693003109312,0.1717898396914351,1.0,False,False,excess,False,False,False
適合,3.7283,False,excess,4,7,0.014245,0.011412,1.2482,0.002833,0.3329,3.9943,-0.009998,0.017086,0.0,1.0,1.0,1.0,False,False,excess,False,False,False
Squash,3.7283,False,excess,9,2,0.02849,0.00428,6.6572,0.02421,2.3966,23.9658,0.008539,0.042731,9.658,0.0018852904711516036,0.005381066361727627,1.0,True,False,excess,True,False,True
フィーチャー-feature,3.7283,False,excess,5,6,0.017094,0.009986,1.7118,0.007108,0.5706,5.3257,-0.005722,0.02278,0.2871,0.5920858373089233,0.7304560806067596,1.0,False,False,excess,False,False,False
Check,3.7283,False,excess,5,5,0.017094,0.008559,1.9972,0.008535,0.5984,6.0039,-0.004292,0.022784,0.6184,0.43164641674767323,0.5687735256675132,1.0,False,False,excess,False,False,False
インストーラー-installer,3.7283,False,excess,5,6,0.017094,0.009986,1.7118,0.007108,0.5447,4.9929,-0.007137,0.02278,0.2871,0.5920858373089233,0.7304560806067596,1.0,False,False,excess,False,False,False
中核,3.7283,False,excess,7,7,0.022792,0.011412,1.9972,0.01138,0.6657,5.3257,-0.004304,0.028482,1.095,0.29537559807596186,0.4194034630353455,1.0,False,False,excess,False,False,False
フォーマッター,3.7283,False,excess,6,4,0.019943,0.007133,2.796,0.01281,0.8868,8.9872,-0.001431,0.027059,2.1328,0.14417600312319945,0.23101083659321398,1.0,False,False,excess,False,False,False
隙間,3.7283,False,excess,1,5,0.005698,0.008559,0.6657,-0.002861,0.1997,1.9972,-0.011416,0.00569,0.1886,0.6641031261499244,0.7954122791155567,1.0,False,False,deficit,False,False,False
Alpine,3.7283,False,excess,5,2,0.017094,0.00428,3.9943,0.012814,1.1983,15.9772,0.001414,0.025673,3.0381,0.08133049726932774,0.14432092455379128,1.0,False,False,excess,False,False,True
妥協,3.7283,False,excess,2,4,0.008547,0.007133,1.1983,0.001414,0.2853,3.9943,-0.007141,0.011388,0.0,1.0,1.0,1.0,False,False,excess,False,False,False
心構え,3.7283,False,excess,5,5,0.017094,0.008559,1.9972,0.008535,0.6657,6.6655,-0.004288,0.025633,0.6184,0.43164641674767323,0.5687735256675132,1.0,False,False,excess,False,False,False
レトロ-retro,3.7283,False,excess,3,2,0.011396,0.00428,2.6629,0.007116,0.6657,9.9858,-0.002857,0.018512,0.628,0.42809339661910784,0.5676451022886437,1.0,False,False,excess,False,False,False
ション-外国,3.7283,False,excess,1,4,0.005698,0.007133,0.7989,-0.001435,0.2496,2.9957,-0.008563,0.007116,0.0251,0.8740693647788055,0.9671043431586783,1.0,False,False,deficit,False,False,False
目標,3.6791,True,excess,46,82,0.133903,0.118402,1.1309,0.015501,0.7854,1.563,-0.027298,0.056822,0.3214,0.5707629001518892,0.7114468718399567,1.0,False,False,excess,False,False,False
最も,3.6746,True,excess,45,92,0.131054,0.132668,0.9878,-0.001613,0.692,1.3477,-0.044413,0.042548,0.001,0.9741584774492287,1.0,1.0,False,False,deficit,False,False,False
Pull,3.6439,True,excess,22,21,0.065527,0.031384,2.0879,0.034143,1.1705,3.7284,0.007063,0.064056,5.6045,0.01791421861534745,0.03928065644302748,1.0,True,False,excess,True,False,True
Dockerfile,3.6121,True,excess,38,37,0.111111,0.054208,2.0497,0.056903,1.3664,3.1157,0.021292,0.091103,10.0962,0.00148579100429884,0.004359010542228652,1.0,True,False,excess,True,False,True
Security,3.5988,True,excess,25,28,0.074074,0.041369,1.7905,0.032705,1.0894,2.9957,0.004206,0.064099,4.1754,0.04101536607878784,0.08031380985660318,1.0,False,False,excess,False,False,True
キャッチ-catch,3.5672,True,excess,23,52,0.068376,0.075606,0.9044,-0.00723,0.5548,1.4269,-0.037218,0.025603,0.1454,0.7029855908419402,0.8311006064490277,1.0,False,False,deficit,False,False,False
ポジティブ-positive,3.5653,True,excess,16,12,0.048433,0.018545,2.6117,0.029888,1.3314,5.4936,0.008502,0.054107,6.279,0.012217368527782461,0.028012542155387954,1.0,True,False,excess,True,False,True
カバレッジ-coverage,3.5624,True,excess,34,20,0.099715,0.029957,3.3286,0.069758,1.9972,5.8253,0.038407,0.103938,21.1063,4.344972556648334e-06,2.3009225740238347e-05,0.007316933785395795,True,True,excess,True,True,True
テスト-test,3.5545,True,excess,180,262,0.51567,0.375178,1.3745,0.140491,1.1983,1.5914,0.077769,0.206039,18.1923,1.9968244942119446e-05,9.137642522426399e-05,0.033626524482529146,True,True,excess,True,True,True
差異,3.5392,True,excess,18,19,0.054131,0.028531,1.8973,0.0256,0.9986,3.495,-5.7e-05,0.052672,3.3652,0.0665872947327005,0.12322308168117324,1.0,False,False,excess,False,False,False
セッション-session,3.5134,True,excess,28,46,0.082621,0.067047,1.2323,0.015574,0.7913,1.8893,-0.015777,0.049778,0.5252,0.4686365585620339,0.6075319204145228,1.0,False,False,excess,False,False,False
OWASP,3.4977,True,excess,18,9,0.054131,0.014265,3.7946,0.039866,1.8545,8.7875,0.015647,0.065511,12.3595,0.0004387524275282389,0.00148963525797894,0.7388590879575543,True,False,excess,True,False,True
Try,3.4919,True,excess,2,9,0.008547,0.014265,0.5991,-0.005718,0.1664,1.7127,-0.017122,0.00569,0.5627,0.4531690846881774,0.5911206340936411,1.0,False,False,deficit,False,False,False
構築,3.4749,True,excess,165,205,0.472934,0.293866,1.6094,0.179069,1.3674,1.8842,0.116322,0.244616,31.826,1.6861704331128936e-08,1.3025279859459233e-07,2.8395110093621128e-05,True,True,excess,True,True,True
Release,3.4657,True,excess,4,11,0.014245,0.017118,0.8321,-0.002873,0.2346,1.9972,-0.017123,0.01138,0.0761,0.7826720024770065,0.8958869225540558,1.0,False,False,deficit,False,False,False
活用,3.4263,True,excess,183,165,0.524217,0.236805,2.2137,0.287412,1.8537,2.6265,0.224726,0.347281,85.532,2.279794343039176e-20,7.8350483136285155e-19,3.8391736736779726e-17,True,True,excess,True,True,True
検査,3.406,True,excess,1,15,0.005698,0.022825,0.2496,-0.017127,0.0951,0.7136,-0.028539,-0.0043,4.1968,0.04050121558427581,0.07939935627930206,1.0,False,False,deficit,False,False,False
典型,3.3906,False,excess,13,10,0.039886,0.015692,2.5418,0.024194,1.2199,5.5949,0.004243,0.045568,4.673,0.030640120766264076,0.06284648846603262,1.0,False,False,excess,False,False,True
最小,3.3677,True,excess,73,70,0.210826,0.101284,2.0815,0.109542,1.5362,2.7629,0.06254,0.155143,22.4661,2.1388036058387494e-06,1.225083425929406e-05,0.003601745272232454,True,True,excess,True,True,True
コンテナ-container,3.3491,True,excess,56,92,0.162393,0.132668,1.2241,0.029726,0.89,1.6341,-0.015903,0.075326,1.346,0.24598435889026077,0.36273000032504304,1.0,False,False,excess,False,False,False
ドキュメンテーション-documentation,3.345,True,excess,18,10,0.054131,0.015692,3.4496,0.038439,1.7475,7.1897,0.017062,0.062658,11.0124,0.0009050368311698875,0.002806780890773647,1.0,True,False,excess,True,False,True
目安,3.3343,False,excess,11,9,0.034188,0.014265,2.3966,0.019923,1.0751,5.9915,0.001398,0.041288,3.3704,0.06637566188672939,0.12296657273625115,1.0,False,False,excess,False,False,True
Markdown,3.3343,False,excess,11,7,0.034188,0.011412,2.9957,0.022776,1.1983,7.9886,0.002829,0.04134,5.1508,0.02323567345313273,0.049156877003863717,1.0,True,False,excess,True,False,True
防止,3.3231,True,excess,25,25,0.074074,0.03709,1.9972,0.036984,1.1234,3.4694,0.005633,0.068331,5.7986,0.016038712303926166,0.03567924903541831,1.0,True,False,excess,True,False,True
簡潔,3.3111,True,excess,23,30,0.068376,0.044223,1.5462,0.024154,0.8622,2.5889,-0.007202,0.055501,2.0889,0.14836977215560457,0.23660482605117245,1.0,False,False,excess,False,False,False
ZAP,3.2985,False,excess,8,1,0.025641,0.002853,8.9872,0.022788,2.9957,25.963,0.00712,0.039917,10.2125,0.0013948922933053017,0.004113832963093044,1.0,True,False,excess,True,False,True
全員,3.2851,True,excess,44,57,0.128205,0.082739,1.5495,0.045466,1.0669,2.1643,0.006974,0.083934,4.7667,0.029015774341561777,0.06017557141772171,1.0,False,False,excess,False,False,True
Logging,3.2555,False,excess,6,3,0.019943,0.005706,3.495,0.014237,0.9986,13.9801,-4e-06,0.029908,3.152,0.0758331590521666,0.13761103431449198,1.0,False,False,excess,False,False,False
手順,3.2434,True,excess,73,132,0.210826,0.189729,1.1112,0.021097,0.8577,1.4098,-0.030186,0.070993,0.4736,0.4913570640576621,0.6297148370419353,1.0,False,False,excess,False,False,False
悪意,3.2434,True,excess,21,20,0.062678,0.029957,2.0923,0.032721,1.1519,3.8698,0.005645,0.061254,5.3333,0.020922326695346764,0.0451707668653384,1.0,True,False,excess,True,False,True
バグ-bug,3.223,True,excess,104,97,0.299145,0.1398,2.1398,0.159345,1.6857,2.709,0.106596,0.213488,36.8879,1.251208035318061e-09,1.1705746285975637e-08,2.1070343314756145e-06,True,True,excess,True,True,True
Git,3.2164,True,excess,69,84,0.19943,0.121255,1.6447,0.078175,1.2104,2.2131,0.028303,0.128047,10.5437,0.0011658326947397298,0.003512097062507522,1.0,True,False,excess,True,False,True
評価,3.2156,True,excess,44,102,0.128205,0.146933,0.8725,-0.018728,0.6102,1.1812,-0.061459,0.024024,0.6215,0.4304814471299615,0.5687735256675132,1.0,False,False,deficit,False,False,False
態度,3.203,False,excess,4,7,0.014245,0.011412,1.2482,0.002833,0.3329,3.495,-0.009998,0.017086,0.0,1.0,1.0,1.0,False,False,excess,False,False,False
pipeline,3.203,False,excess,1,5,0.005698,0.008559,0.6657,-0.002861,0.1997,1.9972,-0.011416,0.00569,0.1886,0.6641031261499244,0.7954122791155567,1.0,False,False,deficit,False,False,False
チーム-team,3.1768,True,excess,146,254,0.418803,0.363766,1.1513,0.055037,0.9873,1.3567,-0.004887,0.121944,2.6901,0.10097219736554879,0.170891638556366,1.0,False,False,excess,False,False,False
ステータス-status,3.1767,True,excess,41,44,0.119658,0.064194,1.864,0.055464,1.2139,2.8301,0.016984,0.093991,8.527,0.0034990645662354284,0.009473351655209744,1.0,True,False,excess,True,False,True
考慮,3.1721,True,excess,85,103,0.245014,0.148359,1.6515,0.096655,1.3079,2.0852,0.049593,0.145088,13.8988,0.00019292330123706178,0.0007171806606693422,0.32488283928321204,True,False,excess,True,False,True
従属,3.1609,True,excess,20,6,0.059829,0.009986,5.9915,0.049843,2.8826,16.9841,0.024202,0.078333,20.8282,5.023655124811121e-06,2.6110602562289902e-05,0.008459835230181928,True,True,excess,True,True,True
整合,3.1373,True,excess,38,56,0.111111,0.081312,1.3665,0.029799,0.8905,1.9595,-0.010135,0.06686,1.9995,0.15735320548682952,0.24834376573553976,1.0,False,False,excess,False,False,False
作り上げる,3.1373,False,excess,7,8,0.022792,0.012839,1.7752,0.009953,0.6657,4.7932,-0.005722,0.027091,0.6848,0.4079446987715286,0.5465225717830184,1.0,False,False,excess,False,False,False
明文,3.1373,False,excess,7,6,0.022792,0.009986,2.2825,0.012806,0.8559,6.6572,-0.001447,0.028521,1.6454,0.19959009957225926,0.30495046425181144,1.0,False,False,excess,False,False,False
未然,3.1373,False,excess,7,6,0.022792,0.009986,2.2825,0.012806,0.7989,5.602,-0.002865,0.029908,1.6454,0.19959009957225926,0.30495046425181144,1.0,False,False,excess,False,False,False
Method,3.1373,False,excess,2,6,0.008547,0.009986,0.8559,-0.001439,0.2219,2.9957,-0.011424,0.009965,0.0157,0.900144405441971,0.9907849288407111,1.0,False,False,deficit,False,False,False
共有,3.1245,True,excess,127,189,0.364672,0.271041,1.3454,0.093631,1.1184,1.6174,0.033781,0.153493,9.1269,0.0025187723353060167,0.007010929938273277,1.0,True,False,excess,True,False,True
デバッグ-debug,3.1116,True,excess,35,36,0.102564,0.052782,1.9432,0.049782,1.2635,2.8924,0.015582,0.082607,7.9778,0.00473535705292428,0.012382517511062868,1.0,True,False,excess,True,False,True
完璧,3.1116,True,excess,19,17,0.05698,0.025678,2.2191,0.031302,1.1561,4.4385,0.004235,0.058374,5.4688,0.019359467327368377,0.04201203992176333,1.0,True,False,excess,True,False,True
違反,3.1116,True,excess,9,19,0.02849,0.028531,0.9986,-4.1e-05,0.4539,1.9972,-0.018582,0.019919,0.0,1.0,1.0,1.0,False,False,deficit,False,False,False
PUT,3.1025,True,excess,32,29,0.094017,0.042796,2.1969,0.051221,1.3152,3.7644,0.015611,0.088254,9.7661,0.0017775559672574984,0.005120663637779635,1.0,True,False,excess,True,False,True
スケジューリング-scheduling,3.0979,False,excess,2,8,0.008547,0.012839,0.6657,-0.004292,0.1816,1.7118,-0.014274,0.00569,0.3155,0.5743216974549217,0.7142967049587061,1.0,False,False,deficit,False,False,False
Quality,3.0979,False,excess,3,5,0.011396,0.008559,1.3314,0.002837,0.3067,4.66,-0.008563,0.015659,0.0,1.0,1.0,1.0,False,False,excess,False,False,False
交換,3.0836,True,excess,16,17,0.048433,0.025678,1.8862,0.022755,0.9586,3.8282,-0.001459,0.049827,2.851,0.09131908548600859,0.158374191512295,1.0,False,False,excess,False,False,False
testing,3.0762,True,excess,4,14,0.014245,0.021398,0.6657,-0.007153,0.1997,1.5977,-0.022829,0.008527,0.5723,0.4493420267826058,0.5870379930969032,1.0,False,False,deficit,False,False,False
表わす,2.9934,True,excess,35,88,0.102564,0.126961,0.8078,-0.024397,0.5465,1.1311,-0.064292,0.015517,1.2536,0.26287515168293035,0.38195147147028014,1.0,False,False,deficit,False,False,False
目的,2.9879,True,excess,108,172,0.310541,0.24679,1.2583,0.063751,1.0095,1.5071,0.002479,0.117902,4.3983,0.035974013900631395,0.07135481673576356,1.0,False,False,excess,False,False,True
高める,2.9797,True,excess,72,78,0.207977,0.112696,1.8455,0.095281,1.3938,2.5448,0.048211,0.14373,16.1787,5.7637067658537685e-05,0.00024144483068899865,0.09706082193697746,True,False,excess,True,False,True
利点,2.9718,True,excess,12,41,0.037037,0.059914,0.6182,-0.022877,0.3107,1.1235,-0.048539,0.005633,2.387,0.12234854183300399,0.2021932722735807,1.0,False,False,deficit,False,False,False
モニタリング-monitoring,2.9586,True,excess,23,19,0.068376,0.028531,2.3966,0.039845,1.3616,4.3016,0.01277,0.068387,8.0636,0.00451629577413316,0.011917672566573287,1.0,True,False,excess,True,False,True
安全,2.9572,True,excess,91,101,0.262108,0.145506,1.8014,0.116602,1.4214,2.2922,0.066726,0.169331,20.1421,7.189606611686502e-06,3.54014547780119e-05,0.01210729753408007,True,True,excess,True,True,True
DELETE,2.9521,True,excess,33,39,0.096866,0.057061,1.6976,0.039805,1.0651,2.6638,0.004182,0.076897,4.8481,0.027677185891483023,0.057683639902546296,1.0,False,False,excess,False,False,True
リスク-risk,2.9437,True,excess,62,89,0.179487,0.128388,1.398,0.051099,1.0288,1.9162,0.004072,0.101018,4.3402,0.0372219966940403,0.07357023759714068,1.0,False,False,excess,False,False,True
CSP,2.9403,True,excess,16,1,0.048433,0.002853,16.9758,0.04558,6.4907,47.9316,0.025637,0.069799,26.0168,3.3845701804830233e-07,2.167154442560232e-06,0.0005699616183933411,True,True,excess,True,True,True
不変,2.9403,False,excess,5,4,0.017094,0.007133,2.3966,0.009961,0.7989,7.9886,-0.002857,0.022784,1.1347,0.2867694672247564,0.4078714381811569,1.0,False,False,excess,False,False,False
Express,2.9403,False,excess,5,4,0.017094,0.007133,2.3966,0.009961,0.6657,7.9886,-0.002865,0.024214,1.1347,0.2867694672247564,0.4078714381811569,1.0,False,False,excess,False,False,False
纏め,2.9269,True,excess,244,235,0.698006,0.336662,2.0733,0.361344,1.8429,2.3681,0.307203,0.422644,121.4126,3.1038229540535034e-28,2.09073514185044e-26,5.2268378546261e-25,True,True,excess,True,True,True
Flow,2.9131,True,excess,22,13,0.065527,0.019971,3.281,0.045556,1.7466,6.7416,0.019911,0.074058,12.8608,0.00033553040677557975,0.0011845559853460718,0.5650332050100763,True,False,excess,True,False,True
及ぼす,2.8939,False,excess,13,17,0.039886,0.025678,1.5533,0.014208,0.7262,2.8853,-0.008592,0.03559,0.9651,0.32591190734520276,0.45487459390106494,1.0,False,False,excess,False,False,False
原則,2.8751,True,excess,59,61,0.17094,0.088445,1.9327,0.082495,1.3631,2.7164,0.03684,0.126716,14.4904,0.00014087389907826712,0.000546616695962677,0.23723164604780184,True,False,excess,True,False,True
DockerHub,2.8686,False,excess,5,6,0.017094,0.009986,1.7118,0.007108,0.4993,5.1959,-0.005718,0.022772,0.2871,0.5920858373089233,0.7304560806067596,1.0,False,False,excess,False,False,False
使用,2.8552,True,excess,212,381,0.606838,0.544936,1.1136,0.061902,0.9908,1.229,-0.005101,0.120376,3.3364,0.06776066218077413,0.12511946832502593,1.0,False,False,excess,False,False,False
テクニック-technic,2.8527,True,excess,11,22,0.034188,0.03281,1.042,0.001378,0.4821,1.9972,-0.020043,0.022751,0.0,1.0,1.0,1.0,False,False,excess,False,False,False
配慮,2.8418,False,excess,12,15,0.037037,0.022825,1.6227,0.014213,0.7608,3.2696,-0.007169,0.037009,1.0692,0.30113540925668053,0.42578675834445845,1.0,False,False,excess,False,False,False
併用,2.8418,False,excess,11,11,0.034188,0.017118,1.9972,0.01707,0.932,4.5649,-0.001455,0.037025,2.095,0.14777859063229556,0.23588544703771158,1.0,False,False,excess,False,False,False
進める,2.8284,True,excess,76,157,0.219373,0.225392,0.9733,-0.006019,0.7619,1.2446,-0.05874,0.04961,0.0338,0.8541659733223892,0.9538564317472834,1.0,False,False,deficit,False,False,False
ステップ-step,2.8096,True,excess,77,69,0.222222,0.099857,2.2254,0.122365,1.675,2.9961,0.078137,0.172237,27.7339,1.3920176587511802e-07,9.26544560212248e-07,0.00023441577373369875,True,True,excess,True,True,True
監視,2.8032,True,excess,39,43,0.11396,0.062767,1.8156,0.051193,1.2344,2.7235,0.016972,0.088242,7.4227,0.00644074438732314,0.01611621626783383,1.0,True,False,excess,True,False,True
応ずる,2.8017,True,excess,110,114,0.316239,0.164051,1.9277,0.152188,1.5102,2.4567,0.093773,0.206335,30.9859,2.5991259202216375e-08,1.9281621364111178e-07,4.3769280496532374e-05,True,True,excess,True,True,True
通ずる,2.7827,True,excess,51,56,0.148148,0.081312,1.822,0.066836,1.2612,2.5566,0.02408,0.108161,10.3035,0.0013277970751457958,0.0039435807311208465,1.0,True,False,excess,True,False,True
RBAC,2.7827,False,excess,10,4,0.031339,0.007133,4.3937,0.024206,1.6643,17.0007,0.00569,0.042727,7.6104,0.005803259054288481,0.014629772825481738,1.0,True,False,excess,True,False,True
スネーク-snake,2.7827,False,excess,6,4,0.019943,0.007133,2.796,0.01281,0.9078,9.9858,-0.001435,0.028482,2.1328,0.14417600312319945,0.23101083659321398,1.0,False,False,excess,False,False,False
一体,2.7827,False,excess,6,10,0.019943,0.015692,1.2709,0.004251,0.4986,2.9957,-0.010006,0.021353,0.0079,0.9290266144089547,1.0,1.0,False,False,excess,False,False,False
除去,2.7827,False,excess,6,9,0.019943,0.014265,1.398,0.005678,0.4993,3.495,-0.008575,0.02278,0.0761,0.7826720024770065,0.8958869225540558,1.0,False,False,excess,False,False,False
try,2.7696,True,excess,8,20,0.025641,0.029957,0.8559,-0.004316,0.3472,1.7758,-0.022853,0.015647,0.1147,0.7348944916758657,0.8576315481511836,1.0,False,False,deficit,False,False,False
推移,2.7433,True,excess,19,9,0.05698,0.014265,3.9943,0.042715,1.9972,9.5863,0.018457,0.068399,13.8744,0.0001954374158566398,0.000724926450005686,0.32911660830258144,True,False,excess,True,False,True
OAuth,2.7329,True,excess,25,11,0.074074,0.017118,4.3272,0.056956,2.33,9.4865,0.029888,0.086877,20.2247,6.8859277196311936e-06,3.410559494076156e-05,0.01159590227985893,True,True,excess,True,True,True
アプリケーション-application,2.7294,True,excess,150,206,0.430199,0.295292,1.4569,0.134907,1.2112,1.7103,0.067917,0.194761,18.1817,2.0080426150530043e-05,9.164075240512897e-05,0.03381543763749259,True,True,excess,True,True,True
組み込む,2.7004,True,excess,45,59,0.131054,0.085592,1.5311,0.045462,1.0634,2.2322,0.006931,0.088206,4.6439,0.031164880391555676,0.06353711692418858,1.0,False,False,excess,False,False,True
見直す,2.7004,True,excess,31,41,0.091168,0.059914,1.5216,0.031254,0.9822,2.3417,-0.001512,0.068299,2.835,0.09222926025322693,0.1591332728139694,1.0,False,False,excess,False,False,False
Cypress,2.6776,False,excess,7,3,0.022792,0.005706,3.9943,0.017086,1.4979,15.9772,0.004263,0.032757,4.5559,0.03280572063321619,0.06590446401215833,1.0,False,False,excess,False,False,True
下す,2.6776,False,excess,1,8,0.005698,0.012839,0.4438,-0.007141,0.1427,1.3338,-0.017122,0.002841,1.1347,0.2867694672247564,0.4078714381811569,1.0,False,False,deficit,False,False,False
例,2.666,True,excess,203,311,0.581197,0.445078,1.3058,0.136118,1.1585,1.4744,0.074791,0.198892,16.6592,4.4732393710476396e-05,0.00019167773793496757,0.07532935100844225,True,False,excess,True,False,True
インデックス-index,2.6528,True,excess,31,43,0.091168,0.062767,1.4525,0.028401,0.9289,2.2735,-0.005784,0.06545,2.2261,0.13569184270698642,0.22035203772282078,1.0,False,False,excess,False,False,False
本番,2.6495,True,excess,86,86,0.247863,0.124108,1.9972,0.123755,1.5378,2.6629,0.076732,0.176488,24.8227,6.285153493543492e-07,3.93464627625548e-06,0.001058419848312724,True,True,excess,True,True,True
属性,2.6372,True,excess,31,41,0.091168,0.059914,1.5216,0.031254,0.9459,2.4411,-0.004365,0.068275,2.835,0.09222926025322693,0.1591332728139694,1.0,False,False,excess,False,False,False
ア-a,2.6372,False,excess,6,8,0.019943,0.012839,1.5533,0.007104,0.5706,3.9943,-0.007145,0.022784,0.2262,0.6343329065717509,0.7679486805656567,1.0,False,False,excess,False,False,False
軽量,2.6319,True,excess,31,27,0.091168,0.039943,2.2825,0.051225,1.398,3.877,0.018463,0.085425,10.2402,0.001374112600098851,0.004059658979941167,1.0,True,False,excess,True,False,True
ミーティング-meeting,2.6201,True,excess,27,16,0.079772,0.024251,3.2894,0.055521,1.9103,5.9915,0.027027,0.086864,16.1528,5.8432940526169606e-05,0.0002441713941589817,0.09840107184606962,True,False,excess,True,False,True
Environment,2.6026,True,excess,3,9,0.011396,0.014265,0.7989,-0.002869,0.2219,2.4964,-0.015696,0.011384,0.0948,0.7581196220041039,0.8732376494219637,1.0,False,False,deficit,False,False,False
リレーション-relation,2.587,True,excess,17,18,0.051282,0.027104,1.892,0.024178,0.9552,3.4968,-0.001479,0.049862,3.1071,0.07794958978127166,0.13994361321072651,1.0,False,False,excess,False,False,False
フィルタリング-filtering,2.5821,True,excess,15,19,0.045584,0.028531,1.5977,0.017053,0.8472,3.163,-0.005735,0.04275,1.3716,0.241533696911905,0.35804819154898593,1.0,False,False,excess,False,False,False
レビュアー,2.5751,True,excess,23,17,0.068376,0.025678,2.6629,0.042698,1.4586,4.9929,0.015627,0.074054,9.8275,0.0017192128564704008,0.004974492182639441,1.0,True,False,excess,True,False,True
制限,2.5648,True,excess,43,78,0.125356,0.112696,1.1123,0.01266,0.8033,1.586,-0.024373,0.056838,0.1973,0.6568877053990961,0.7901420684943413,1.0,False,False,excess,False,False,False
選定,2.5463,True,excess,39,45,0.11396,0.065621,1.7367,0.04834,1.1256,2.5525,0.009856,0.086795,6.4198,0.011285252164723186,0.02617681080632761,1.0,True,False,excess,True,False,True
スケーラビリティ,2.5463,True,excess,18,14,0.054131,0.021398,2.5297,0.032733,1.278,5.1944,0.008502,0.059792,6.7728,0.009255668727184365,0.022203057174613204,1.0,True,False,excess,True,False,True
受け入れ,2.5463,False,excess,11,7,0.034188,0.011412,2.9957,0.022776,1.2282,7.327,0.002833,0.042727,5.1508,0.02323567345313273,0.049156877003863717,1.0,True,False,excess,True,False,True
対面,2.5463,False,excess,5,9,0.017094,0.014265,1.1983,0.002829,0.3994,3.1398,-0.01142,0.019927,0.0,1.0,1.0,1.0,False,False,excess,False,False,False
保証,2.524,True,excess,61,67,0.176638,0.097004,1.8209,0.079634,1.2968,2.5455,0.03256,0.126661,12.7329,0.00035928662356728765,0.001250079905139075,0.6050386740873124,True,False,excess,True,False,True
Swagger,2.5025,True,excess,17,14,0.051282,0.021398,2.3966,0.029884,1.1983,4.9929,0.005653,0.056956,5.6881,0.017080381418033103,0.037796796725318986,1.0,True,False,excess,True,False,True
イメージ-image,2.4896,True,excess,47,175,0.136752,0.25107,0.5447,-0.114318,0.3875,0.7076,-0.16421,-0.068642,18.0514,2.1502347710309843e-05,9.707762344279296e-05,0.036209953544161774,True,True,deficit,False,False,False
図る,2.484,True,excess,23,31,0.068376,0.045649,1.4979,0.022727,0.8559,2.497,-0.00721,0.052648,1.779,0.18227327908993396,0.281345739676855,1.0,False,False,excess,False,False,False
割合,2.4767,True,excess,4,19,0.014245,0.028531,0.4993,-0.014286,0.1598,1.1412,-0.029965,0.002821,2.0059,0.15668877393372532,0.24752710628929966,1.0,False,False,deficit,False,False,False
低下,2.4478,True,excess,32,32,0.094017,0.047076,1.9972,0.046941,1.28,3.1959,0.01559,0.083983,7.7393,0.005403152277034385,0.013815941362543445,1.0,True,False,excess,True,False,True
見逃す,2.4388,False,excess,8,10,0.025641,0.015692,1.634,0.009949,0.6241,3.9943,-0.007153,0.028478,0.5723,0.4493420267826058,0.5870379930969032,1.0,False,False,excess,False,False,False
基本,2.4212,True,excess,173,273,0.495726,0.39087,1.2683,0.104856,1.098,1.4576,0.039336,0.16906,9.9632,0.0015969876054371152,0.004652815099578031,1.0,True,False,excess,True,False,True
スタイル-style,2.4205,True,excess,43,49,0.125356,0.071327,1.7575,0.054029,1.1786,2.5521,0.015545,0.092518,7.5069,0.0061461862614741345,0.01540205009571792,1.0,True,False,excess,True,False,True
策,2.4149,True,excess,35,48,0.102564,0.0699,1.4673,0.032664,0.9616,2.2191,-0.002967,0.069713,2.7489,0.09732000670461687,0.1660761362806965,1.0,False,False,excess,False,False,False
直面,2.4149,False,excess,12,12,0.037037,0.018545,1.9972,0.018492,0.9396,4.4978,-0.001455,0.042703,2.3506,0.12523455059571995,0.20575120312506576,1.0,False,False,excess,False,False,False
成功,2.3908,True,excess,104,125,0.299145,0.179743,1.6643,0.119402,1.3218,2.0691,0.063828,0.170709,18.5479,1.6568345117547592e-05,7.79360144635479e-05,0.027901093177950146,True,True,excess,True,True,True
概念,2.3851,True,excess,70,94,0.202279,0.135521,1.4926,0.066759,1.1255,1.9446,0.018321,0.113798,7.1549,0.0074760707753992045,0.01851426939084156,1.0,True,False,excess,True,False,True
具体,2.3812,True,excess,124,184,0.356125,0.263909,1.3494,0.092217,1.1167,1.6341,0.032367,0.154916,8.9736,0.002739145421565958,0.007574254334839201,1.0,True,False,excess,True,False,True
レビュイー,2.3774,False,excess,9,6,0.02849,0.009986,2.8531,0.018504,1.1095,8.4879,0.001406,0.037029,3.7283,0.05349906973405906,0.10195969633311862,1.0,False,False,excess,False,False,True
話し合う,2.3774,False,excess,8,13,0.025641,0.019971,1.2839,0.00567,0.4993,2.6644,-0.012855,0.025613,0.0547,0.81513645901801,0.9218870362567689,1.0,False,False,excess,False,False,False
You,2.3774,False,excess,5,5,0.017094,0.008559,1.9972,0.008535,0.6657,6.99,-0.004288,0.022788,0.6184,0.43164641674767323,0.5687735256675132,1.0,False,False,excess,False,False,False
バージョン-version,2.375,True,excess,84,175,0.242165,0.25107,0.9645,-0.008905,0.7721,1.2101,-0.06163,0.049503,0.0775,0.7806881043559291,0.8958869225540558,1.0,False,False,deficit,False,False,False
役割,2.3707,True,excess,71,104,0.205128,0.149786,1.3695,0.055342,1.0465,1.7833,0.008224,0.106641,4.5677,0.03258000778750228,0.06590446401215833,1.0,False,False,excess,False,False,True
シナリオ-scenario,2.3624,True,excess,13,30,0.039886,0.044223,0.9019,-0.004336,0.4659,1.5631,-0.027145,0.019886,0.0758,0.7831030581945191,0.8958869225540558,1.0,False,False,deficit,False,False,False
短い,2.3377,True,excess,11,58,0.034188,0.084165,0.4062,-0.049977,0.2118,0.6783,-0.075647,-0.021467,9.2317,0.002378670188171607,0.0066429197294875396,1.0,True,False,deficit,False,False,False
要素,2.3358,True,excess,132,107,0.378917,0.154066,2.4595,0.224852,2.0139,3.0457,0.173486,0.278994,65.494,5.829196934393018e-16,1.3088490183357122e-14,9.816367637517842e-13,True,True,excess,True,True,True
PR,2.3163,True,excess,45,47,0.131054,0.068474,1.9139,0.062581,1.3177,2.8679,0.024113,0.103897,10.2589,0.001360243873542293,0.004025748124859792,1.0,True,False,excess,True,False,True
伝播,2.3098,False,excess,5,5,0.017094,0.008559,1.9972,0.008535,0.6657,6.6572,-0.004292,0.022784,0.6184,0.43164641674767323,0.5687735256675132,1.0,False,False,excess,False,False,False
REST,2.3014,True,excess,37,75,0.108262,0.108417,0.9986,-0.000154,0.6657,1.4463,-0.040053,0.042594,0.0,1.0,1.0,1.0,False,False,deficit,False,False,False
多,2.2809,True,excess,12,10,0.037037,0.015692,2.3603,0.021345,1.1231,5.4251,0.002816,0.044137,3.6271,0.056844645925198584,0.10709223227002507,1.0,False,False,excess,False,False,True
フック-hook,2.2735,False,excess,7,6,0.022792,0.009986,2.2825,0.012806,0.7989,6.6655,-0.002865,0.0299,1.6454,0.19959009957225926,0.30495046425181144,1.0,False,False,excess,False,False,False
Commits,2.2507,False,excess,9,1,0.02849,0.002853,9.9858,0.025637,3.5949,29.9573,0.009969,0.044153,12.128,0.0004967023320960684,0.0016530567732209074,0.8364467272497792,True,False,excess,True,False,True
取り入れる,2.2423,True,excess,39,40,0.11396,0.058488,1.9484,0.055472,1.2922,2.9246,0.019841,0.093936,9.118,0.0025310907628707294,0.007033592152927902,1.0,True,False,excess,True,False,True
メトリクス-metrics,2.231,True,excess,26,17,0.076923,0.025678,2.9957,0.051245,1.7116,5.4931,0.022704,0.081206,13.6066,0.0002253865557588507,0.0008203020496085808,0.37955095989790455,True,False,excess,True,False,True
解説,2.2245,True,excess,185,156,0.529915,0.223966,2.3661,0.305949,2.0194,2.7878,0.246099,0.364404,98.0565,4.066058222899567e-23,1.8506059587467216e-21,6.84724204736287e-20,True,True,excess,True,True,True
スキル-skill,2.2117,True,excess,57,67,0.165242,0.097004,1.7035,0.068238,1.2217,2.3675,0.024064,0.112416,9.4656,0.0020935776673822143,0.005935327932443854,1.0,True,False,excess,True,False,True
質,2.2117,True,excess,26,27,0.076923,0.039943,1.9258,0.03698,1.1316,3.1384,0.005641,0.066881,5.4869,0.019159907275269592,0.041740341334481235,1.0,True,False,excess,True,False,True
管理,2.1824,True,excess,217,318,0.621083,0.455064,1.3648,0.166018,1.2224,1.5368,0.106164,0.230164,24.981,5.789902430288917e-07,3.638132721121842e-06,0.0009750195692606536,True,True,excess,True,True,True
整備,2.1794,True,excess,29,37,0.08547,0.054208,1.5767,0.031262,1.0193,2.5678,0.001294,0.066889,3.0739,0.0795584815512063,0.14199368990631586,1.0,False,False,excess,False,False,True
固有,2.1522,True,excess,13,23,0.039886,0.034237,1.165,0.005649,0.5937,2.1081,-0.017155,0.028453,0.0324,0.8572409873100213,0.9552876803312647,1.0,False,False,excess,False,False,False
Selenium,2.1522,False,excess,8,5,0.025641,0.008559,2.9957,0.017082,1.1412,8.9872,0.00141,0.03418,3.5147,0.06082781372294129,0.11356323537631167,1.0,False,False,excess,False,False,True
臨む,2.1522,False,excess,5,11,0.017094,0.017118,0.9986,-2.4e-05,0.3329,2.2844,-0.015696,0.015655,0.0,1.0,1.0,1.0,False,False,deficit,False,False,False
exception,2.1522,False,excess,2,5,0.008547,0.008559,0.9986,-1.2e-05,0.2496,3.3286,-0.00999,0.009969,0.0,1.0,1.0,1.0,False,False,deficit,False,False,False
一助,2.1522,False,excess,6,8,0.019943,0.012839,1.5533,0.007104,0.5444,3.9943,-0.008567,0.024194,0.2262,0.6343329065717509,0.7679486805656567,1.0,False,False,excess,False,False,False
正常,2.1366,True,excess,23,60,0.068376,0.087019,0.7858,-0.018642,0.485,1.1835,-0.049994,0.014139,1.0221,0.3120317766627168,0.4397167463598453,1.0,False,False,deficit,False,False,False
工程,2.1207,True,excess,28,45,0.082621,0.065621,1.2591,0.017001,0.817,1.9368,-0.014343,0.052623,0.6643,0.4150326330943097,0.5542545234978727,1.0,False,False,excess,False,False,False
必須,2.0753,True,excess,64,75,0.185185,0.108417,1.7081,0.076769,1.2772,2.3045,0.032619,0.122377,10.9961,0.0009130143365287584,0.0028225745859069614,1.0,True,False,excess,True,False,True
デ-des,2.0734,False,excess,6,12,0.019943,0.018545,1.0754,0.001398,0.3803,2.5963,-0.014325,0.0185,0.0,1.0,1.0,1.0,False,False,excess,False,False,False
鍵,2.0647,True,excess,33,25,0.096866,0.03709,2.6117,0.059776,1.5977,4.3275,0.026998,0.093948,14.2368,0.0001611833343662461,0.0006154937303237153,0.27143273507275845,True,False,excess,True,False,True
確立,2.0595,False,excess,19,26,0.05698,0.038516,1.4794,0.018464,0.8224,2.5183,-0.008612,0.046962,1.2799,0.257926788339638,0.3767118053460108,1.0,False,False,excess,False,False,False
Conventional,2.0595,False,excess,9,2,0.02849,0.00428,6.6572,0.02421,2.4939,23.9658,0.008539,0.042731,9.658,0.0018852904711516036,0.005381066361727627,1.0,True,False,excess,True,False,True
包括,2.0397,False,excess,9,13,0.02849,0.019971,1.4265,0.008519,0.5706,3.1954,-0.01001,0.028474,0.2844,0.5938529414070735,0.7306787926502267,1.0,False,False,excess,False,False,False
Time,2.0397,False,excess,6,10,0.019943,0.015692,1.2709,0.004251,0.4609,3.1398,-0.01142,0.021353,0.0079,0.9290266144089547,1.0,1.0,False,False,excess,False,False,False
SSL,2.0397,False,excess,8,9,0.025641,0.014265,1.7974,0.011376,0.7262,4.3272,-0.004304,0.029892,0.9043,0.34161860118891463,0.47348619292356564,1.0,False,False,excess,False,False,False
マトリックス-matrix,2.0397,False,excess,7,8,0.022792,0.012839,1.7752,0.009953,0.6657,4.7932,-0.005726,0.028478,0.6848,0.4079446987715286,0.5465225717830184,1.0,False,False,excess,False,False,False
トレース-trace,2.0261,False,excess,10,8,0.031339,0.012839,2.441,0.0185,0.9076,5.7481,-0.001451,0.038443,3.1159,0.07753088874370552,0.13963852047529424,1.0,False,False,excess,False,False,False
順位,2.0181,True,excess,24,21,0.071225,0.031384,2.2695,0.039841,1.2649,3.9974,0.011335,0.068336,7.5485,0.006005980051796446,0.01509562747347047,1.0,True,False,excess,True,False,True
文化,2.0089,True,excess,49,29,0.14245,0.042796,3.3286,0.099654,2.2129,5.3787,0.061186,0.140967,31.5505,1.9432225963144462e-08,1.4807180326667546e-07,3.272386852193528e-05,True,True,excess,True,True,True
KPI,2.0089,False,excess,2,6,0.008547,0.009986,0.8559,-0.001439,0.2219,2.9957,-0.011416,0.010005,0.0157,0.900144405441971,0.9907849288407111,1.0,False,False,deficit,False,False,False
総合,2.0089,False,excess,5,11,0.017094,0.017118,0.9986,-2.4e-05,0.3151,2.2825,-0.014278,0.015651,0.0,1.0,1.0,1.0,False,False,deficit,False,False,False
維持,2.0049,True,excess,55,52,0.159544,0.075606,2.1102,0.083938,1.5162,2.975,0.044056,0.126677,16.6097,4.59165695939949e-05,0.0001962525461834706,0.07732350319628742,True,False,excess,True,False,True
GitLab,2.0007,True,excess,45,31,0.131054,0.045649,2.8709,0.085405,1.943,4.5122,0.049778,0.123889,23.4489,1.2827616004988919e-06,7.57954573768468e-06,0.002160170535240134,True,True,excess,True,True,True
特性,1.9914,True,excess,35,47,0.102564,0.068474,1.4979,0.03409,0.9616,2.2322,-0.002959,0.069709,3.0574,0.08037200382688642,0.1430723619920473,1.0,False,False,excess,False,False,False
セルフ-self,1.9863,False,excess,9,8,0.02849,0.012839,2.2191,0.015651,0.8553,5.9915,-0.002869,0.034168,2.16,0.14164736743274645,0.2280441364787237,1.0,False,False,excess,False,False,False
促す,1.9863,False,excess,10,16,0.031339,0.024251,1.2923,0.007088,0.5873,2.7466,-0.011441,0.029884,0.1232,0.7255423294057478,0.8490710790266014,1.0,False,False,excess,False,False,False
協力,1.9825,True,excess,28,41,0.082621,0.059914,1.379,0.022707,0.8683,2.1698,-0.008657,0.058333,1.4135,0.23446927631553108,0.3503516072008468,1.0,False,False,excess,False,False,False
JWT,1.9809,True,excess,28,14,0.082621,0.021398,3.8612,0.061223,2.1143,7.4907,0.031306,0.093981,20.3404,6.481740220874064e-06,3.248586467842835e-05,0.010915250531951925,True,True,excess,True,True,True
推奨,1.9795,True,excess,61,77,0.176638,0.11127,1.5875,0.065369,1.155,2.1665,0.01976,0.113814,7.8934,0.0049615617525189245,0.012816505596262665,1.0,True,False,excess,True,False,True
ユニット-unit,1.9743,True,excess,29,34,0.08547,0.049929,1.7118,0.035541,1.0754,2.6885,0.004194,0.066885,4.2743,0.0386925312649723,0.0762084475441092,1.0,False,False,excess,False,False,True
デプロイ-deploy,1.97,True,excess,83,110,0.239316,0.158345,1.5114,0.080971,1.1663,1.9457,0.029582,0.133692,9.4279,0.0021371087225180822,0.00604855645163101,1.0,True,False,excess,True,False,True
運用,1.964,True,excess,84,222,0.242165,0.318117,0.7612,-0.075952,0.6138,0.943,-0.127259,-0.016035,6.356,0.011698531567807284,0.02698674953450338,1.0,True,False,deficit,False,False,False
提案,1.9623,True,excess,33,51,0.096866,0.07418,1.3058,0.022686,0.8683,1.9123,-0.010084,0.058305,1.1792,0.27752834731903187,0.3991099375621261,1.0,False,False,excess,False,False,False
頻度,1.9552,True,excess,35,44,0.102564,0.064194,1.5977,0.03837,1.0355,2.4633,0.002739,0.078315,4.1081,0.042677293963095705,0.08327759331848571,1.0,False,False,excess,False,False,True
Management,1.9552,False,excess,3,17,0.011396,0.025678,0.4438,-0.014282,0.111,1.1095,-0.028539,0.001406,2.3001,0.1293689447711734,0.21192344649285602,1.0,False,False,deficit,False,False,False
増大,1.9552,False,excess,4,8,0.014245,0.012839,1.1095,0.001406,0.3329,2.9957,-0.010041,0.015655,0.0,1.0,1.0,1.0,False,False,excess,False,False,False
仕組み作り,1.9552,False,excess,4,7,0.014245,0.011412,1.2482,0.002833,0.3745,3.5949,-0.008611,0.017078,0.0,1.0,1.0,1.0,False,False,excess,False,False,False
Structured,1.9552,False,excess,5,4,0.017094,0.007133,2.3966,0.009961,0.7989,9.9858,-0.001447,0.022788,1.1347,0.2867694672247564,0.4078714381811569,1.0,False,False,excess,False,False,False
コード-code,1.947,True,excess,228,403,0.652422,0.57632,1.132,0.076102,1.0228,1.2508,0.013408,0.137433,5.2666,0.021738424587412025,0.04663376688560745,1.0,True,False,excess,True,False,True
可視,1.9441,True,excess,60,60,0.173789,0.087019,1.9972,0.086771,1.4221,2.847,0.041178,0.133793,16.0993,6.01064282080929e-05,0.0002499240125985888,0.10121922510242845,True,False,excess,True,False,True
進化,1.9441,True,excess,28,26,0.082621,0.038516,2.1451,0.044105,1.3106,3.6794,0.014184,0.076874,7.9286,0.0048659718474495335,0.012626034809098637,1.0,True,False,excess,True,False,True
クッキー-cookie,1.9098,False,excess,5,5,0.017094,0.008559,1.9972,0.008535,0.6657,5.9915,-0.004292,0.022784,0.6184,0.43164641674767323,0.5687735256675132,1.0,False,False,excess,False,False,False
Pipeline,1.9098,False,excess,4,8,0.014245,0.012839,1.1095,0.001406,0.3073,2.9957,-0.011424,0.015655,0.0,1.0,1.0,1.0,False,False,excess,False,False,False
データーベース-database,1.9085,True,excess,62,141,0.179487,0.202568,0.8861,-0.023081,0.636,1.1512,-0.080106,0.029653,0.7336,0.3917275334111042,0.5285810627117785,1.0,False,False,deficit,False,False,False
ビルド-build,1.9017,True,excess,86,101,0.247863,0.145506,1.7035,0.102357,1.3198,2.2277,0.052406,0.15652,15.7136,7.369125652498735e-05,0.00029974897581661525,0.1240960759880787,True,False,excess,True,False,True
避ける,1.898,True,excess,57,79,0.165242,0.114123,1.4479,0.051119,1.0428,1.9972,0.00548,0.098147,4.7398,0.02947178747853372,0.06104611330116948,1.0,False,False,excess,False,False,True
全体,1.8712,True,excess,127,202,0.364672,0.289586,1.2593,0.075086,1.0578,1.514,0.018061,0.136422,5.6443,0.01751210116454169,0.03859997167681702,1.0,True,False,excess,True,False,True
重複,1.8657,True,excess,39,57,0.11396,0.082739,1.3773,0.031221,0.9238,2.0371,-0.007263,0.071163,2.1798,0.13983615721157072,0.2253436255926173,1.0,False,False,excess,False,False,False
Hub,1.8636,True,excess,28,18,0.082621,0.027104,3.0483,0.055517,1.7823,5.3773,0.025592,0.08686,15.1444,9.959066553198641e-05,0.0003964791507230854,0.16771068075586512,True,False,excess,True,False,True
トラブル-trouble,1.8549,True,excess,26,43,0.076923,0.062767,1.2255,0.014156,0.744,1.8763,-0.017212,0.046913,0.4363,0.5089241945382801,0.6477916429345908,1.0,False,False,excess,False,False,False
Application,1.837,False,excess,3,27,0.011396,0.039943,0.2853,-0.028547,0.0689,0.5994,-0.045657,-0.011437,6.5239,0.010643453084271807,0.024824896113453912,1.0,True,False,deficit,False,False,False
Cookie,1.837,False,excess,11,11,0.034188,0.017118,1.9972,0.01707,0.8733,4.4395,-0.002869,0.038443,2.095,0.14777859063229556,0.23588544703771158,1.0,False,False,excess,False,False,False
Gradle,1.837,False,excess,5,5,0.017094,0.008559,1.9972,0.008535,0.6657,6.99,-0.004292,0.022788,0.6184,0.43164641674767323,0.5687735256675132,1.0,False,False,excess,False,False,False
フィックス-fix,1.837,False,excess,4,5,0.014245,0.008559,1.6643,0.005686,0.3994,5.3257,-0.007141,0.019931,0.1261,0.7225308352976738,0.8461348585822549,1.0,False,False,excess,False,False,False
測定,1.8204,True,excess,19,21,0.05698,0.031384,1.8156,0.025596,0.9986,3.3702,-5.7e-05,0.051297,3.1221,0.07723905068869352,0.13956068815424882,1.0,False,False,excess,False,False,False
常,1.8096,True,excess,60,89,0.173789,0.128388,1.3536,0.045401,0.9797,1.8084,-0.00306,0.090981,3.4032,0.06506858583310283,0.12094425887742292,1.0,False,False,excess,False,False,False
必ず,1.803,True,excess,63,109,0.182336,0.156919,1.162,0.025417,0.8588,1.493,-0.02302,0.071022,0.8352,0.360768076469983,0.4939296266467084,1.0,False,False,excess,False,False,False
動詞,1.802,False,excess,12,9,0.037037,0.014265,2.5963,0.022772,1.0894,5.9915,0.001402,0.045568,4.4278,0.03535717328531703,0.07037999977833792,1.0,False,False,excess,False,False,True
有無,1.802,False,excess,15,22,0.045584,0.03281,1.3893,0.012774,0.6947,2.5852,-0.011445,0.038423,0.5918,0.44172397249217477,0.5802364818071937,1.0,False,False,excess,False,False,False
近年,1.794,False,excess,13,21,0.039886,0.031384,1.2709,0.008502,0.587,2.3716,-0.015728,0.031311,0.1862,0.666118876499944,0.7955632539190821,1.0,False,False,excess,False,False,False
Web,1.7885,True,excess,78,209,0.225071,0.299572,0.7513,-0.074501,0.5991,0.9449,-0.12864,-0.016003,6.3587,0.011680806838568225,0.026982824027639084,1.0,True,False,deficit,False,False,False
関係,1.7809,True,excess,107,230,0.307692,0.329529,0.9337,-0.021837,0.7716,1.1302,-0.08026,0.038116,0.4594,0.4979119963286931,0.636661960377767,1.0,False,False,deficit,False,False,False
計画,1.7795,True,excess,42,78,0.122507,0.112696,1.0871,0.009811,0.7663,1.5242,-0.031534,0.052551,0.0953,0.7575911413043429,0.8732376494219637,1.0,False,False,excess,False,False,False
決定,1.7709,True,excess,49,93,0.14245,0.134094,1.0623,0.008356,0.7535,1.4614,-0.03724,0.053965,0.0499,0.8232732640035527,0.929217276529479,1.0,False,False,excess,False,False,False
特定,1.7686,True,excess,83,207,0.239316,0.296719,0.8065,-0.057403,0.6372,0.9829,-0.114407,-0.004682,3.7166,0.05387504987120736,0.10246537777291881,1.0,False,False,deficit,False,False,False
褒める,1.7582,False,excess,7,5,0.022792,0.008559,2.6629,0.014233,0.8876,8.9872,-0.001439,0.032757,2.3708,0.12362009135914868,0.20389445039060372,1.0,False,False,excess,False,False,False
通過,1.7582,False,excess,7,10,0.022792,0.015692,1.4525,0.0071,0.5447,3.495,-0.00858,0.025625,0.1868,0.6655524630489671,0.7954509210606533,1.0,False,False,excess,False,False,False
ヘッダー-header,1.7394,True,excess,40,45,0.116809,0.065621,1.7801,0.051189,1.1981,2.6862,0.015557,0.089648,7.1829,0.007359970727510615,0.018280517264200404,1.0,True,False,excess,True,False,True
コンテキスト-context,1.7188,True,excess,25,35,0.074074,0.051355,1.4424,0.022719,0.8497,2.3539,-0.008624,0.055469,1.6108,0.20438002175673656,0.3109087232505369,1.0,False,False,excess,False,False,False
信頼,1.7179,True,excess,57,69,0.165242,0.099857,1.6548,0.065385,1.2133,2.2264,0.022645,0.108132,8.5329,0.0034878862122364254,0.00945829368986496,1.0,True,False,excess,True,False,True
エンジニア-engineer,1.7135,True,excess,192,197,0.549858,0.282454,1.9467,0.267404,1.678,2.2571,0.204705,0.327253,70.258,5.203260245750854e-17,1.3691078521631935e-15,8.762290253844439e-14,True,True,excess,True,True,True
暗号,1.713,True,excess,38,43,0.111111,0.062767,1.7702,0.048344,1.1835,2.6453,0.012729,0.083975,6.637,0.009988216804809337,0.02355764299621698,1.0,True,False,excess,True,False,True
寄与,1.7019,False,excess,10,17,0.031339,0.025678,1.2205,0.005661,0.5442,2.3499,-0.014329,0.027031,0.0428,0.8361658042291429,0.9387354762145843,1.0,False,False,excess,False,False,False
軽減,1.6866,False,excess,22,30,0.065527,0.044223,1.4818,0.021305,0.8487,2.542,-0.008612,0.051233,1.5807,0.20866199344869876,0.3154280044592538,1.0,False,False,excess,False,False,False
単に,1.6725,False,excess,23,36,0.068376,0.052782,1.2954,0.015594,0.7883,2.135,-0.012916,0.04834,0.6487,0.4205630884318098,0.5603071526259238,1.0,False,False,excess,False,False,False
Transfer,1.6725,False,excess,13,18,0.039886,0.027104,1.4716,0.012782,0.6881,2.9957,-0.011445,0.036992,0.7022,0.40205123863495584,0.5399156984539598,1.0,False,False,excess,False,False,False
カーネル-colonel,1.6597,False,excess,18,12,0.054131,0.018545,2.9189,0.035586,1.521,5.6598,0.012782,0.061275,8.6857,0.003207231059013603,0.008767819973017706,1.0,True,False,excess,True,False,True
徐々,1.6597,False,excess,18,22,0.054131,0.03281,1.6498,0.021321,0.8953,2.9972,-0.004324,0.047013,2.0305,0.15417226525084882,0.24480641923436047,1.0,False,False,excess,False,False,False
誤り,1.6597,False,excess,6,13,0.019943,0.019971,0.9986,-2.8e-05,0.3804,2.1969,-0.015708,0.015686,0.0,1.0,1.0,1.0,False,False,deficit,False,False,False
命名,1.6423,True,excess,40,43,0.116809,0.062767,1.861,0.054042,1.2289,2.8628,0.016984,0.09392,8.2435,0.004089827799611831,0.010880363372111094,1.0,True,False,excess,True,False,True
脅威,1.6405,True,excess,21,25,0.062678,0.03709,1.6899,0.025588,0.9683,3.0545,-0.001492,0.054086,2.7311,0.09841398036043351,0.1677319863930513,1.0,False,False,excess,False,False,False
称賛,1.6269,False,excess,5,5,0.017094,0.008559,1.9972,0.008535,0.6141,6.6655,-0.004288,0.022784,0.6184,0.43164641674767323,0.5687735256675132,1.0,False,False,excess,False,False,False
manager,1.6269,False,excess,3,4,0.011396,0.007133,1.5977,0.004263,0.3994,5.9915,-0.005718,0.017086,0.018,0.8933406619603654,0.986482409666397,1.0,False,False,excess,False,False,False
恐れる,1.6269,False,excess,5,8,0.017094,0.012839,1.3314,0.004255,0.3994,3.6626,-0.008575,0.021353,0.0097,0.9213996625251715,1.0,1.0,False,False,excess,False,False,False
リカバリー,1.6269,False,excess,4,7,0.014245,0.011412,1.2482,0.002833,0.3631,3.3327,-0.009998,0.015663,0.0,1.0,1.0,1.0,False,False,excess,False,False,False
ディストリビューション-distribution,1.6269,False,excess,5,7,0.017094,0.011412,1.4979,0.005682,0.4993,4.3962,-0.007149,0.021357,0.0948,0.7581196220041039,0.8732376494219637,1.0,False,False,excess,False,False,False
洗い出し,1.6269,False,excess,4,4,0.014245,0.007133,1.9972,0.007112,0.5706,6.99,-0.004292,0.019974,0.3936,0.5304005772193956,0.6689037894455967,1.0,False,False,excess,False,False,False
段階,1.6214,True,excess,74,107,0.213675,0.154066,1.3869,0.05961,1.0619,1.7975,0.011139,0.112306,5.2078,0.0224856390341903,0.047870816856607414,1.0,True,False,excess,True,False,True
整える,1.6087,False,excess,15,24,0.045584,0.035663,1.2782,0.009921,0.6865,2.3966,-0.014314,0.035578,0.2696,0.6035799307698919,0.740297598992351,1.0,False,False,excess,False,False,False
不備,1.6006,False,excess,7,14,0.022792,0.021398,1.0651,0.001394,0.4278,2.2191,-0.015712,0.018496,0.0,1.0,1.0,1.0,False,False,excess,False,False,False
ポリシー-policy,1.596,False,excess,17,18,0.051282,0.027104,1.892,0.024178,0.9986,3.8131,-4.9e-05,0.051254,3.1071,0.07794958978127166,0.13994361321072651,1.0,False,False,excess,False,False,False
ロール-role,1.5791,False,excess,6,9,0.019943,0.014265,1.398,0.005678,0.4993,3.4255,-0.010002,0.021353,0.0761,0.7826720024770065,0.8958869225540558,1.0,False,False,excess,False,False,False
Infrastructure,1.5791,False,excess,3,8,0.011396,0.012839,0.8876,-0.001443,0.2496,2.6629,-0.012851,0.012806,0.0115,0.9146595356254833,1.0,1.0,False,False,deficit,False,False,False
ハイフン-hyphen,1.5791,False,excess,5,6,0.017094,0.009986,1.7118,0.007108,0.5706,4.9929,-0.005718,0.021357,0.2871,0.5920858373089233,0.7304560806067596,1.0,False,False,excess,False,False,False
添える,1.5791,False,excess,5,8,0.017094,0.012839,1.3314,0.004255,0.3994,3.9943,-0.009998,0.021349,0.0097,0.9213996625251715,1.0,1.0,False,False,excess,False,False,False
基準,1.5753,True,excess,36,46,0.105413,0.067047,1.5722,0.038366,1.0163,2.3751,0.001278,0.076909,3.9701,0.04631481654352436,0.08934037922026922,1.0,False,False,excess,False,False,True
日常,1.5612,False,excess,12,17,0.037037,0.025678,1.4424,0.011359,0.6947,2.8307,-0.010014,0.035574,0.5364,0.46394284148349507,0.6023745143085626,1.0,False,False,excess,False,False,False
組み合わせる,1.5559,True,excess,44,73,0.128205,0.105563,1.2145,0.022642,0.8237,1.7118,-0.021508,0.063975,0.8765,0.3491579825781166,0.482347861084125,1.0,False,False,excess,False,False,False
齎す,1.546,False,excess,14,20,0.042735,0.029957,1.4265,0.012778,0.7486,2.5681,-0.008643,0.037005,0.6421,0.42294565341357515,0.5625912167049452,1.0,False,False,excess,False,False,False
明記,1.546,False,excess,7,9,0.022792,0.014265,1.5977,0.008527,0.6141,3.9943,-0.007192,0.025625,0.3887,0.532964511642357,0.6712881358307623,1.0,False,False,excess,False,False,False
Documentation,1.546,False,excess,2,7,0.008547,0.011412,0.7489,-0.002865,0.1816,2.3317,-0.012851,0.008535,0.1261,0.7225308352976738,0.8461348585822549,1.0,False,False,deficit,False,False,False
サイクル-cycle,1.5372,True,excess,36,57,0.105413,0.082739,1.274,0.022674,0.8271,1.8344,-0.015814,0.05836,1.0751,0.29980571904569675,0.42497713036443885,1.0,False,False,excess,False,False,False
識別,1.5344,True,excess,27,53,0.079772,0.077033,1.0356,0.002739,0.6542,1.6342,-0.030059,0.039793,0.0,1.0,1.0,1.0,False,False,excess,False,False,False
要件,1.5304,True,excess,77,113,0.222222,0.162625,1.3665,0.059597,1.0426,1.7321,0.008236,0.106605,5.013,0.025157047420634845,0.05282352600542279,1.0,False,False,excess,False,False,True
自動,1.5218,True,excess,172,275,0.492877,0.393723,1.2518,0.099154,1.0808,1.4374,0.033578,0.161869,8.8745,0.0028918751751021627,0.0079834717948722,1.0,True,False,excess,True,False,True
フォーマット-format,1.5218,True,excess,40,56,0.116809,0.081312,1.4365,0.035497,0.9845,2.0406,-0.001548,0.073972,2.902,0.0884670366767073,0.15486329497253126,1.0,False,False,excess,False,False,False
本文,1.5218,False,excess,7,14,0.022792,0.021398,1.0651,0.001394,0.3994,2.4423,-0.015752,0.019919,0.0,1.0,1.0,1.0,False,False,excess,False,False,False
重視,1.5151,False,excess,19,41,0.05698,0.059914,0.951,-0.002934,0.5447,1.586,-0.032859,0.028456,0.0199,0.8878549177295102,0.9810680324517684,1.0,False,False,deficit,False,False,False
手法,1.513,True,excess,67,109,0.193732,0.156919,1.2346,0.036814,0.9351,1.6188,-0.011636,0.088137,1.8848,0.16978681899370884,0.26425231348004224,1.0,False,False,excess,False,False,False
後々,1.5032,False,excess,9,12,0.02849,0.018545,1.5363,0.009945,0.7133,3.2454,-0.007153,0.029896,0.492,0.48304428372286323,0.6209515830452685,1.0,False,False,excess,False,False,False
対,1.4908,True,excess,16,33,0.048433,0.048502,0.9986,-6.9e-05,0.5397,1.6899,-0.025726,0.026998,0.0,1.0,1.0,1.0,False,False,deficit,False,False,False
過剰,1.4886,False,excess,10,12,0.031339,0.018545,1.6899,0.012794,0.7358,3.7724,-0.005786,0.032789,0.9808,0.3220070813542859,0.4503819975088185,1.0,False,False,excess,False,False,False
メッセージ-message,1.4856,True,excess,71,106,0.205128,0.152639,1.3439,0.052489,1.0155,1.7446,0.002609,0.103812,4.044,0.04432891907444264,0.08590322177371854,1.0,False,False,excess,False,False,True
CircleCI,1.4795,True,excess,23,16,0.068376,0.024251,2.8195,0.044125,1.5811,5.2667,0.017062,0.071201,10.8152,0.0010067190138129565,0.0030767964051924114,1.0,True,False,excess,True,False,True
攻撃,1.4789,True,excess,41,55,0.119658,0.079886,1.4979,0.039772,1.0246,2.1604,0.00266,0.07826,3.7275,0.05352278596109077,0.10195969633311862,1.0,False,False,excess,False,False,True
スキャン-scan,1.467,True,excess,21,24,0.062678,0.035663,1.7575,0.027015,0.9986,2.9957,-6.1e-05,0.055505,3.1604,0.07544248838752632,0.13761103431449198,1.0,False,False,excess,False,False,False
指針,1.4587,False,excess,13,19,0.039886,0.028531,1.398,0.011355,0.6657,2.7107,-0.01007,0.035574,0.4875,0.48503843613683284,0.6230394557242002,1.0,False,False,excess,False,False,False
POST,1.4292,True,excess,32,47,0.094017,0.068474,1.373,0.025543,0.8558,2.1874,-0.011494,0.066864,1.6443,0.19973893234545606,0.30495046425181144,1.0,False,False,excess,False,False,False
進行,1.4218,False,excess,20,34,0.059829,0.049929,1.1983,0.0099,0.6502,1.9972,-0.020032,0.038454,0.1977,0.6566116903623396,0.7901420684943413,1.0,False,False,excess,False,False,False
プロジェクト-project,1.4201,True,excess,143,220,0.410256,0.315264,1.3013,0.094993,1.0971,1.5355,0.032289,0.154905,8.7582,0.003082113489666368,0.00845322331693512,1.0,True,False,excess,True,False,True
分析,1.4136,True,excess,57,108,0.165242,0.155492,1.0627,0.00975,0.7955,1.3859,-0.034479,0.053987,0.0728,0.7872966227562542,0.8994623559847571,1.0,False,False,excess,False,False,False
Slack,1.4088,False,excess,25,27,0.074074,0.039943,1.8545,0.034131,1.1094,3.1719,0.004239,0.064099,4.6763,0.030581553763626937,0.06284648846603262,1.0,False,False,excess,False,False,True
押さえる,1.4064,True,excess,45,73,0.131054,0.105563,1.2415,0.025491,0.8672,1.787,-0.01583,0.072482,1.1469,0.28419945801259816,0.4073122445048641,1.0,False,False,excess,False,False,False
指向,1.4057,False,excess,16,29,0.048433,0.042796,1.1317,0.005637,0.6037,2.0971,-0.021443,0.035558,0.0261,0.8716090570823929,0.9662868019267608,1.0,False,False,excess,False,False,False
開発,1.3864,True,excess,266,456,0.760684,0.651926,1.1668,0.108758,1.0823,1.2638,0.055962,0.164361,12.3044,0.000451889225790383,0.0015311498113299898,0.760981456231005,True,False,excess,True,False,True
リポジトリー-repository,1.3751,True,excess,47,136,0.136752,0.195435,0.6997,-0.058683,0.4958,0.9231,-0.105739,-0.013074,5.4275,0.019822131251317803,0.04285040953429933,1.0,True,False,deficit,False,False,False
DevOps,1.3642,True,excess,10,30,0.031339,0.044223,0.7087,-0.012884,0.3106,1.3314,-0.037127,0.009976,0.9389,0.3325628697619033,0.4620758025404663,1.0,False,False,deficit,False,False,False
合意,1.3642,False,excess,17,17,0.051282,0.025678,1.9972,0.025604,1.0894,3.9943,0.002804,0.052672,3.6513,0.056024742019018116,0.10598560429290114,1.0,False,False,excess,False,False,True
充実,1.3642,False,excess,16,30,0.048433,0.044223,1.0952,0.004211,0.5447,1.8922,-0.022873,0.031278,0.0028,0.9574853820078195,1.0,1.0,False,False,excess,False,False,False
監査,1.3642,False,excess,10,14,0.031339,0.021398,1.4646,0.009941,0.6657,3.1067,-0.008584,0.031311,0.4317,0.5111347158064397,0.6481557691400937,1.0,False,False,excess,False,False,False
不可,1.3642,False,excess,9,12,0.02849,0.018545,1.5363,0.009945,0.6657,3.495,-0.008575,0.0299,0.492,0.48304428372286323,0.6209515830452685,1.0,False,False,excess,False,False,False
落とし込む,1.3642,False,excess,9,15,0.02849,0.022825,1.2482,0.005665,0.4993,2.5685,-0.012907,0.02419,0.048,0.8266313902947442,0.9317585416709164,1.0,False,False,excess,False,False,False
随時,1.3642,False,excess,9,17,0.02849,0.025678,1.1095,0.002812,0.4755,2.3044,-0.015724,0.024178,0.0,1.0,1.0,1.0,False,False,excess,False,False,False
実例,1.3642,False,excess,7,13,0.022792,0.019971,1.1412,0.002821,0.4438,2.5425,-0.014282,0.021345,0.0,1.0,1.0,1.0,False,False,excess,False,False,False
定着,1.3642,False,excess,5,8,0.017094,0.012839,1.3314,0.004255,0.428,3.9943,-0.009998,0.021353,0.0097,0.9213996625251715,1.0,1.0,False,False,excess,False,False,False
隠蔽,1.3642,False,excess,5,7,0.017094,0.011412,1.4979,0.005682,0.4434,4.3962,-0.008571,0.019931,0.0948,0.7581196220041039,0.8732376494219637,1.0,False,False,excess,False,False,False
CVE,1.3642,False,excess,4,5,0.014245,0.008559,1.6643,0.005686,0.4438,5.0012,-0.005718,0.019931,0.1261,0.7225308352976738,0.8461348585822549,1.0,False,False,excess,False,False,False
脆弱,1.332,True,excess,49,62,0.14245,0.089872,1.585,0.052579,1.1451,2.2826,0.014107,0.096796,5.9953,0.014344265778557394,0.0322937748276613,1.0,True,False,excess,True,False,True
深める,1.3036,False,excess,16,31,0.048433,0.045649,1.061,0.002784,0.5874,1.8545,-0.021498,0.031278,0.0,1.0,1.0,1.0,False,False,excess,False,False,False
混乱,1.2879,False,excess,15,25,0.045584,0.03709,1.229,0.008494,0.646,2.2077,-0.015737,0.035562,0.1592,0.689903955596675,0.8188522715352989,1.0,False,False,excess,False,False,False
方法,1.2806,True,excess,164,367,0.470085,0.524964,0.8955,-0.054879,0.7747,1.0216,-0.121928,0.010723,2.6789,0.10168458372531802,0.1717898396914351,1.0,False,False,deficit,False,False,False
優先,1.2797,True,excess,51,78,0.148148,0.112696,1.3146,0.035452,0.9472,1.8047,-0.007283,0.079622,2.237,0.13473813020151296,0.2190144896325751,1.0,False,False,excess,False,False,False
点,1.2748,True,excess,98,270,0.282051,0.386591,0.7296,-0.104539,0.5933,0.8738,-0.161599,-0.046116,10.9952,0.0009134816801183456,0.0028225745859069614,1.0,True,False,deficit,False,False,False
生かす,1.2732,False,excess,18,45,0.054131,0.065621,0.8249,-0.011489,0.4554,1.3511,-0.042833,0.01985,0.4749,0.4907305717623316,0.6293909237225943,1.0,False,False,deficit,False,False,False
負債,1.2696,False,excess,10,14,0.031339,0.021398,1.4646,0.009941,0.6305,3.139,-0.01001,0.029892,0.4317,0.5111347158064397,0.6481557691400937,1.0,False,False,excess,False,False,False
結果,1.267,True,excess,63,297,0.182336,0.425107,0.4289,-0.242771,0.3328,0.5382,-0.296906,-0.185663,60.7221,6.572653067099441e-15,1.302158560587701e-13,1.1068347764995458e-11,True,True,deficit,False,False,False
使い分け,1.2614,False,excess,9,20,0.02849,0.029957,0.951,-0.001467,0.3994,1.9972,-0.021419,0.019911,0.0044,0.9469168009740213,1.0,1.0,False,False,deficit,False,False,False
一意,1.2591,True,excess,28,43,0.082621,0.062767,1.3163,0.019854,0.7989,2.1053,-0.014351,0.05407,0.9989,0.3175813181404501,0.44567244979043164,1.0,False,False,excess,False,False,False
強制,1.2567,False,excess,19,30,0.05698,0.044223,1.2885,0.012758,0.7261,2.2373,-0.012951,0.041252,0.4522,0.5012795903890155,0.6399960805269916,1.0,False,False,excess,False,False,False
読者,1.2567,False,excess,21,35,0.062678,0.051355,1.2205,0.011323,0.6926,1.9972,-0.01718,0.039825,0.2853,0.5932446486366617,0.7306787926502267,1.0,False,False,excess,False,False,False
把握,1.2529,True,excess,61,98,0.176638,0.141227,1.2507,0.035411,0.9076,1.6687,-0.01444,0.083869,1.8761,0.17078125826714602,0.26555460657606084,1.0,False,False,excess,False,False,False
守る,1.2516,False,excess,27,42,0.079772,0.061341,1.3005,0.018431,0.8261,2.0543,-0.012916,0.051197,0.8551,0.3551119599395882,0.4875959809082694,1.0,False,False,excess,False,False,False
代,1.246,False,excess,1,16,0.005698,0.024251,0.235,-0.018553,0.0868,0.5706,-0.031392,-0.007141,4.6712,0.03067217685295651,0.06284648846603262,1.0,False,False,deficit,False,False,False
機密,1.244,False,excess,21,30,0.062678,0.044223,1.4173,0.018456,0.8223,2.3812,-0.008629,0.045579,1.1361,0.28648587412584814,0.4078714381811569,1.0,False,False,excess,False,False,False
ボディー-body,1.2397,False,excess,12,11,0.037037,0.017118,2.1636,0.019919,0.9078,4.7946,-0.001506,0.042711,2.9394,0.08644355632190132,0.15163640504800188,1.0,False,False,excess,False,False,False
Helm,1.2397,False,excess,4,7,0.014245,0.011412,1.2482,0.002833,0.3994,3.495,-0.008611,0.017078,0.0,1.0,1.0,1.0,False,False,excess,False,False,False
教育,1.2251,False,excess,14,26,0.042735,0.038516,1.1095,0.004219,0.5547,1.9972,-0.021427,0.03129,0.0032,0.954546855599387,1.0,1.0,False,False,excess,False,False,False
オーケストレーション-orchestration,1.2251,False,excess,8,9,0.025641,0.014265,1.7974,0.011376,0.7049,4.4954,-0.005726,0.0299,0.9043,0.34161860118891463,0.47348619292356564,1.0,False,False,excess,False,False,False
長期,1.2194,False,excess,21,24,0.062678,0.035663,1.7575,0.027015,0.9986,3.0545,-4.5e-05,0.055513,3.1604,0.07544248838752632,0.13761103431449198,1.0,False,False,excess,False,False,False
スプリント-sprint,1.2164,True,excess,23,13,0.068376,0.019971,3.4237,0.048405,1.8721,6.6593,0.021329,0.075476,14.2705,0.0001583247748248139,0.000605952092738606,0.2666189208049866,True,False,excess,True,False,True
ソート-sort,1.2164,False,excess,19,20,0.05698,0.029957,1.902,0.027023,0.9986,3.5949,-4.1e-05,0.055568,3.625,0.05691659612925917,0.10709223227002507,1.0,False,False,excess,False,False,False
適用,1.2097,True,excess,46,102,0.133903,0.146933,0.9113,-0.01303,0.6542,1.2365,-0.054363,0.031195,0.2841,0.594001940105796,0.7306787926502267,1.0,False,False,deficit,False,False,False
人員,1.2066,False,excess,7,11,0.022792,0.017118,1.3314,0.005674,0.4993,3.2696,-0.010006,0.025621,0.0636,0.8009090411181709,0.909461109401888,1.0,False,False,excess,False,False,False
成長,1.2017,True,excess,43,59,0.125356,0.085592,1.4646,0.039764,0.9986,2.1063,-0.000147,0.081077,3.5305,0.06025111147305077,0.11273652413401944,1.0,False,False,excess,False,False,False
行う,1.1997,True,excess,212,464,0.606838,0.663338,0.9148,-0.0565,0.8144,1.009,-0.126391,0.00615,3.078,0.07936018359814917,0.14199368990631586,1.0,False,False,deficit,False,False,False
GET,1.1992,True,excess,33,44,0.096866,0.064194,1.509,0.032672,0.944,2.4178,-0.004365,0.07257,2.9449,0.08615159525602875,0.15143975617030525,1.0,False,False,excess,False,False,False
緊急,1.1992,False,excess,19,20,0.05698,0.029957,1.902,0.027023,1.0419,3.4073,0.001378,0.054095,3.625,0.05691659612925917,0.10709223227002507,1.0,False,False,excess,False,False,True
階層,1.1953,True,excess,31,50,0.091168,0.072753,1.2531,0.018415,0.78,1.9045,-0.018643,0.055452,0.7374,0.3904808559883265,0.5273213805006751,1.0,False,False,excess,False,False,False
実現,1.1881,True,excess,98,166,0.282051,0.238231,1.1839,0.04382,0.943,1.457,-0.014591,0.099394,2.0551,0.15170220037100213,0.24146172535422267,1.0,False,False,excess,False,False,False
始め,1.1844,True,excess,163,299,0.467236,0.42796,1.0918,0.039276,0.9446,1.2509,-0.024824,0.103512,1.2567,0.26228284268830987,0.3817496171885167,1.0,False,False,excess,False,False,False
週次,1.1823,False,excess,6,7,0.019943,0.011412,1.7475,0.008531,0.5706,4.66,-0.005726,0.02421,0.4771,0.4897569026910924,0.6286209025394813,1.0,False,False,excess,False,False,False
漏洩,1.1725,False,excess,15,22,0.045584,0.03281,1.3893,0.012774,0.7397,2.5963,-0.010026,0.039889,0.5918,0.44172397249217477,0.5802364818071937,1.0,False,False,excess,False,False,False
ファクタリング-factoring,1.1704,False,excess,24,24,0.071225,0.035663,1.9972,0.035562,1.1983,3.679,0.008502,0.071181,5.5261,0.018735277613705623,0.04092115110438427,1.0,True,False,excess,True,False,True
キー-key,1.1534,True,excess,50,142,0.145299,0.203994,0.7123,-0.058695,0.5088,0.9599,-0.110002,-0.007397,5.2273,0.02223449794356434,0.047516363625586734,1.0,True,False,deficit,False,False,False
ベース-base,1.1525,True,excess,83,170,0.239316,0.243937,0.9811,-0.004621,0.7718,1.2364,-0.061593,0.051029,0.0163,0.8984935316100567,0.9907849288407111,1.0,False,False,deficit,False,False,False
減少,1.1492,False,excess,8,19,0.025641,0.028531,0.8987,-0.00289,0.3627,1.7752,-0.022837,0.017066,0.0428,0.8361658042291429,0.9387354762145843,1.0,False,False,deficit,False,False,False
fix,1.1492,False,excess,10,14,0.031339,0.021398,1.4646,0.009941,0.6307,3.2475,-0.01001,0.032737,0.4317,0.5111347158064397,0.6481557691400937,1.0,False,False,excess,False,False,False
晒す,1.1492,False,excess,5,9,0.017094,0.014265,1.1983,0.002829,0.3994,2.9993,-0.011424,0.018504,0.0,1.0,1.0,1.0,False,False,excess,False,False,False
払う,1.1492,False,excess,5,8,0.017094,0.012839,1.3314,0.004255,0.4438,3.495,-0.00999,0.019931,0.0097,0.9213996625251715,1.0,1.0,False,False,excess,False,False,False
チェーン-chain,1.1411,False,excess,11,23,0.034188,0.034237,0.9986,-4.9e-05,0.466,1.8725,-0.021431,0.021329,0.0,1.0,1.0,1.0,False,False,deficit,False,False,False
保護,1.1402,False,excess,27,41,0.079772,0.059914,1.3314,0.019858,0.8496,2.0637,-0.010088,0.052639,1.0398,0.3078764731332448,0.4345884163926104,1.0,False,False,excess,False,False,False
Actions,1.1354,True,excess,43,52,0.125356,0.075606,1.658,0.04975,1.1212,2.4178,0.009856,0.088222,6.1122,0.013425032297475801,0.030445627061214002,1.0,True,False,excess,True,False,True
Key,1.1354,False,excess,14,23,0.042735,0.034237,1.2482,0.008498,0.6332,2.3305,-0.01572,0.034152,0.1716,0.6787052802276923,0.8071607993668318,1.0,False,False,excess,False,False,False
リリース-release,1.134,True,excess,80,140,0.230769,0.201141,1.1473,0.029628,0.8876,1.4668,-0.023156,0.085231,0.984,0.3212094240417124,0.4500138686241628,1.0,False,False,excess,False,False,False
認証,1.1278,True,excess,68,95,0.196581,0.136947,1.4355,0.059634,1.0841,1.9496,0.012615,0.112426,5.6656,0.017301266271945944,0.03823534435952358,1.0,True,False,excess,True,False,True
ACID,1.1278,False,excess,5,7,0.017094,0.011412,1.4979,0.005682,0.4697,4.4936,-0.007157,0.021357,0.0948,0.7581196220041039,0.8732376494219637,1.0,False,False,excess,False,False,False
率,1.1229,False,excess,28,46,0.082621,0.067047,1.2323,0.015574,0.8073,1.8863,-0.01439,0.049754,0.5252,0.4686365585620339,0.6075319204145228,1.0,False,False,excess,False,False,False
基づく,1.1175,True,excess,53,107,0.153846,0.154066,0.9986,-0.000219,0.7365,1.3314,-0.044406,0.045401,0.0,1.0,1.0,1.0,False,False,deficit,False,False,False
レスポンス-response,1.1157,True,excess,39,78,0.11396,0.112696,1.0112,0.001264,0.6832,1.4266,-0.037271,0.041213,0.0,1.0,1.0,1.0,False,False,excess,False,False,False
一連,1.1015,False,excess,22,46,0.065527,0.067047,0.9773,-0.00152,0.5644,1.5478,-0.031437,0.029823,0.002,0.9646379636401071,1.0,1.0,False,False,deficit,False,False,False
一元,1.1015,False,excess,8,18,0.025641,0.027104,0.946,-0.001463,0.3994,1.9972,-0.020039,0.018484,0.0049,0.9440247097318845,1.0,1.0,False,False,deficit,False,False,False
続行,1.1015,False,excess,3,6,0.011396,0.009986,1.1412,0.00141,0.2853,3.495,-0.00999,0.014229,0.0,1.0,1.0,1.0,False,False,excess,False,False,False
制約,1.094,True,excess,32,65,0.094017,0.094151,0.9986,-0.000134,0.6751,1.4718,-0.034347,0.038334,0.0,1.0,1.0,1.0,False,False,deficit,False,False,False
チェック-check,1.0885,True,excess,84,126,0.242165,0.18117,1.3367,0.060995,1.0547,1.6861,0.011072,0.115147,4.8817,0.02714292998330553,0.0567442459033788,1.0,False,False,excess,False,False,True
検証,1.0842,True,excess,69,131,0.19943,0.188302,1.0591,0.011128,0.7989,1.3656,-0.038773,0.062442,0.0934,0.7598746405209115,0.8746608985900307,1.0,False,False,excess,False,False,False
無視,1.0805,False,excess,7,37,0.022792,0.054208,0.4205,-0.031416,0.1815,0.8097,-0.052802,-0.008608,5.4826,0.01920680853072883,0.04178845680329115,1.0,True,False,deficit,False,False,False
Control,1.0805,False,excess,6,13,0.019943,0.019971,0.9986,-2.8e-05,0.3519,2.441,-0.017131,0.017078,0.0,1.0,1.0,1.0,False,False,deficit,False,False,False
於く,1.0773,True,excess,199,255,0.569801,0.365193,1.5603,0.204608,1.3634,1.7826,0.14044,0.26447,38.8481,4.5809355152767284e-10,4.56467183889113e-09,7.71429540772601e-07,True,True,excess,True,True,True
減らす,1.0687,True,excess,29,63,0.08547,0.091298,0.9362,-0.005828,0.5907,1.3665,-0.042881,0.028381,0.073,0.787061099939696,0.8994623559847571,1.0,False,False,deficit,False,False,False
ポイント-point,1.0661,True,excess,139,182,0.39886,0.261056,1.5279,0.137805,1.27,1.8299,0.075102,0.203427,20.035,7.603576524907935e-06,3.722215949984e-05,0.012804422867944962,True,True,excess,True,True,True
不正,1.0633,False,excess,33,37,0.096866,0.054208,1.7869,0.042658,1.1004,2.8446,0.007019,0.081125,5.7876,0.016139355616295065,0.035855771580265025,1.0,True,False,excess,True,False,True
割り当てる,1.0633,False,excess,10,38,0.031339,0.055635,0.5633,-0.024296,0.2397,1.0256,-0.051371,0.001349,2.9718,0.08472801393800321,0.14956181915261782,1.0,False,False,deficit,False,False,False
実行,1.0589,True,excess,181,400,0.518519,0.57204,0.9064,-0.053521,0.7998,1.0113,-0.116259,0.006325,2.5668,0.10912664022961095,0.18231077593915165,1.0,False,False,deficit,False,False,False
提出,1.0558,False,excess,2,15,0.008547,0.022825,0.3745,-0.014278,0.1051,0.9218,-0.027108,-0.001443,2.6981,0.10046821323264757,0.17020972946054175,1.0,False,False,deficit,False,False,False
交える,1.049,False,excess,12,25,0.037037,0.03709,0.9986,-5.3e-05,0.4842,1.7625,-0.022853,0.021376,0.0,1.0,1.0,1.0,False,False,deficit,False,False,False
種別,1.049,False,excess,5,16,0.017094,0.024251,0.7049,-0.007157,0.2494,1.5363,-0.022833,0.009941,0.492,0.48304428372286323,0.6209515830452685,1.0,False,False,deficit,False,False,False
オプション-option,1.0447,True,excess,14,112,0.042735,0.161198,0.2651,-0.118463,0.1498,0.4138,-0.151262,-0.082808,30.692,3.0241486541393214e-08,2.2142027537263555e-07,5.0926663335706174e-05,True,True,deficit,False,False,False
承認,1.0358,False,excess,24,37,0.071225,0.054208,1.3139,0.017017,0.8071,2.1349,-0.012912,0.04836,0.7854,0.37550047602518277,0.5111906237885269,1.0,False,False,excess,False,False,False
メンバー-member,1.0314,True,excess,67,140,0.193732,0.201141,0.9632,-0.007409,0.7336,1.2419,-0.057302,0.043936,0.0609,0.8050418760348586,0.9135380857430605,1.0,False,False,deficit,False,False,False
割り当て,1.0264,False,excess,8,17,0.025641,0.025678,0.9986,-3.7e-05,0.4205,2.1398,-0.019992,0.019915,0.0,1.0,1.0,1.0,False,False,deficit,False,False,False
requests,1.0264,False,excess,1,10,0.005698,0.015692,0.3631,-0.009994,0.1248,1.0899,-0.021402,0.001402,1.9408,0.16358315224587905,0.2574523629738882,1.0,False,False,deficit,False,False,False
Unit,1.0264,False,excess,5,7,0.017094,0.011412,1.4979,0.005682,0.4993,4.4936,-0.007149,0.019935,0.0948,0.7581196220041039,0.8732376494219637,1.0,False,False,excess,False,False,False
一環,1.0264,False,excess,4,13,0.014245,0.019971,0.7133,-0.005726,0.2219,1.7118,-0.020023,0.00857,0.3662,0.5450700426440283,0.6824520087825603,1.0,False,False,deficit,False,False,False
メンテナンス-maintenance,1.0188,False,excess,33,49,0.096866,0.071327,1.3581,0.025539,0.8683,2.084,-0.011518,0.06543,1.589,0.207464045460288,0.313898879204964,1.0,False,False,excess,False,False,False
失敗,1.0116,True,excess,47,101,0.136752,0.145506,0.9398,-0.008754,0.6721,1.2748,-0.052941,0.036846,0.119,0.7301605824135015,0.8538822366557892,1.0,False,False,deficit,False,False,False
集中,1.0079,False,excess,25,48,0.074074,0.0699,1.0597,0.004174,0.6529,1.6643,-0.027182,0.039793,0.0018,0.9657825360278279,1.0,1.0,False,False,excess,False,False,False
オペレーション-operation,1.006,False,excess,1,17,0.005698,0.025678,0.2219,-0.01998,0.0799,0.5552,-0.034245,-0.007145,5.1508,0.02323567345313273,0.049156877003863717,1.0,True,False,deficit,False,False,False
ミドルウェア-middleware,1.0005,False,excess,8,16,0.025641,0.024251,1.0573,0.00139,0.4342,2.1969,-0.017131,0.021329,0.0,1.0,1.0,1.0,False,False,excess,False,False,False
含める,0.9964,True,excess,62,154,0.179487,0.221113,0.8117,-0.041626,0.6173,1.0574,-0.090079,0.011155,2.3672,0.12391159993423076,0.20417527816951525,1.0,False,False,deficit,False,False,False
積極,0.9948,False,excess,26,43,0.076923,0.062767,1.2255,0.014156,0.7396,1.9384,-0.018626,0.046937,0.4363,0.5089241945382801,0.6477916429345908,1.0,False,False,excess,False,False,False
繋げる,0.9793,False,excess,13,38,0.039886,0.055635,0.7169,-0.015749,0.3824,1.1711,-0.039984,0.00847,1.1361,0.28648587412584814,0.4078714381811569,1.0,False,False,deficit,False,False,False
処理,0.9768,True,excess,92,312,0.264957,0.446505,0.5934,-0.181548,0.4866,0.7168,-0.237146,-0.118852,32.1904,1.3977918223683221e-08,1.1051086520508236e-07,2.3538814288682544e-05,True,True,deficit,False,False,False
パスワード,0.9701,True,excess,33,57,0.096866,0.082739,1.1707,0.014127,0.7987,1.7669,-0.018675,0.054021,0.3418,0.5587938634270853,0.6980777937768632,1.0,False,False,excess,False,False,False
Tips,0.9701,False,excess,5,10,0.017094,0.015692,1.0894,0.001402,0.3329,2.6629,-0.012847,0.015659,0.0,1.0,1.0,1.0,False,False,excess,False,False,False
クラッシュ,0.9701,False,excess,5,7,0.017094,0.011412,1.4979,0.005682,0.4993,3.9943,-0.008563,0.019931,0.0948,0.7581196220041039,0.8732376494219637,1.0,False,False,excess,False,False,False
SIEM,0.9701,False,excess,3,1,0.011396,0.002853,3.9943,0.008543,0.9986,13.9801,-8e-06,0.019939,1.5371,0.2150491394285514,0.3239201706598216,1.0,False,False,excess,False,False,False
tool,0.9701,False,excess,2,5,0.008547,0.008559,0.9986,-1.2e-05,0.2496,3.3286,-0.008567,0.009965,0.0,1.0,1.0,1.0,False,False,deficit,False,False,False
ブロック-block,0.9566,True,excess,23,54,0.068376,0.078459,0.8715,-0.010083,0.5286,1.364,-0.042869,0.024117,0.2961,0.586361884563512,0.7265882366482371,1.0,False,False,deficit,False,False,False
知識,0.9527,True,excess,63,120,0.182336,0.172611,1.0563,0.009726,0.7927,1.3573,-0.038724,0.055404,0.067,0.7957468835408904,0.9074547337500526,1.0,False,False,excess,False,False,False
悪化,0.947,False,excess,7,17,0.022792,0.025678,0.8876,-0.002886,0.3473,1.8547,-0.02,0.01707,0.048,0.8266313902947442,0.9317585416709164,1.0,False,False,deficit,False,False,False
招く,0.947,False,excess,7,14,0.022792,0.021398,1.0651,0.001394,0.4157,2.4423,-0.01429,0.021349,0.0,1.0,1.0,1.0,False,False,excess,False,False,False
必要,0.9453,True,excess,244,524,0.698006,0.74893,0.932,-0.050924,0.8559,1.0103,-0.110774,0.007511,2.8853,0.08939276028092367,0.15615913725422767,1.0,False,False,deficit,False,False,False
含む,0.9418,True,excess,73,217,0.210826,0.310984,0.6779,-0.100158,0.539,0.8461,-0.151457,-0.044576,11.5058,0.0006937886762475716,0.0022169641950681414,1.0,True,False,deficit,False,False,False
意図,0.9407,False,excess,47,92,0.136752,0.132668,1.0308,0.004085,0.718,1.448,-0.041536,0.052538,0.001,0.9743168605243012,1.0,1.0,False,False,excess,False,False,False
今日,0.9398,False,excess,14,34,0.042735,0.049929,0.8559,-0.007194,0.4494,1.4526,-0.031424,0.017041,0.221,0.638246890435707,0.7715777196652768,1.0,False,False,deficit,False,False,False
N,0.9343,False,excess,4,25,0.014245,0.03709,0.3841,-0.022845,0.114,0.817,-0.039959,-0.005739,4.2599,0.03902231864196598,0.07663643823459589,1.0,False,False,deficit,False,False,False
個々,0.9343,False,excess,16,32,0.048433,0.047076,1.0288,0.001357,0.5706,1.7977,-0.0243,0.029856,0.0,1.0,1.0,1.0,False,False,excess,False,False,False
ペア-pair,0.9313,False,excess,19,31,0.05698,0.045649,1.2482,0.011331,0.6654,2.0771,-0.018602,0.039829,0.3176,0.5730384408742999,0.7137549810889948,1.0,False,False,excess,False,False,False
統合,0.9214,True,excess,65,87,0.188034,0.125535,1.4979,0.062499,1.0737,1.9705,0.009782,0.108083,6.6242,0.010060047879034374,0.023660783000410454,1.0,True,False,excess,True,False,True
体制,0.9209,False,excess,11,41,0.034188,0.059914,0.5706,-0.025726,0.2853,0.97,-0.04859,-0.001496,3.0981,0.07838163647114348,0.1405694098161934,1.0,False,False,deficit,False,False,False
生み出す,0.9209,False,excess,8,24,0.025641,0.035663,0.719,-0.010022,0.2937,1.3983,-0.0314,0.011351,0.6809,0.409274327985352,0.5474328580836638,1.0,False,False,deficit,False,False,False
Client,0.9139,False,excess,3,16,0.011396,0.024251,0.4699,-0.012855,0.1175,1.1418,-0.028535,0.002821,1.9364,0.1640648946333778,0.2574886137582556,1.0,False,False,deficit,False,False,False
役立つ,0.9079,False,excess,34,64,0.099715,0.092725,1.0754,0.00699,0.7322,1.518,-0.027214,0.044075,0.0352,0.8512392156515262,0.9512188713717121,1.0,False,False,excess,False,False,False
Test,0.9016,False,excess,13,30,0.039886,0.044223,0.9019,-0.004336,0.4279,1.617,-0.02999,0.021317,0.0758,0.7831030581945191,0.8958869225540558,1.0,False,False,deficit,False,False,False
API,0.901,True,excess,74,223,0.213675,0.319544,0.6687,-0.105868,0.5209,0.8261,-0.164284,-0.051661,12.6818,0.0003692224006735678,0.0012767361863127067,0.6217705227342881,True,False,deficit,False,False,False
変更,0.8962,True,excess,143,320,0.410256,0.457917,0.8959,-0.047661,0.7624,1.028,-0.113233,0.012201,2.0404,0.15317332942052256,0.24357307530137867,1.0,False,False,deficit,False,False,False
際,0.8822,True,excess,117,302,0.336182,0.43224,0.7778,-0.096057,0.6572,0.9134,-0.153074,-0.036144,8.7813,0.0030433289064720815,0.008360466359704706,1.0,True,False,deficit,False,False,False
表現,0.8728,True,excess,57,124,0.165242,0.178317,0.9267,-0.013075,0.6753,1.2459,-0.064389,0.038248,0.2412,0.6233721419865755,0.7579485105454102,1.0,False,False,deficit,False,False,False
コンフリクト-conflict,0.8702,False,excess,20,26,0.059829,0.038516,1.5533,0.021313,0.8738,2.6278,-0.004384,0.049854,1.7762,0.18261869322928076,0.2816207686795868,1.0,False,False,excess,False,False,False
外部,0.8678,True,excess,52,136,0.150997,0.195435,0.7726,-0.044438,0.5563,1.0071,-0.095773,0.001217,3.0137,0.08256580463285627,0.14635875263339995,1.0,False,False,deficit,False,False,False
最新,0.865,True,excess,57,119,0.165242,0.171184,0.9653,-0.005942,0.6877,1.2935,-0.058675,0.043946,0.0418,0.8379840080171466,0.9395240143148301,1.0,False,False,deficit,False,False,False
視点,0.8647,False,excess,24,50,0.071225,0.072753,0.979,-0.001528,0.6061,1.5579,-0.032871,0.032712,0.0018,0.9659969850122007,1.0,1.0,False,False,deficit,False,False,False
検討,0.8627,True,excess,62,132,0.179487,0.189729,0.946,-0.010242,0.7142,1.2116,-0.058663,0.036798,0.1336,0.7147583811540047,0.8417154642401006,1.0,False,False,deficit,False,False,False
レビュワー,0.8627,False,excess,6,14,0.019943,0.021398,0.932,-0.001455,0.3329,2.1974,-0.018561,0.01707,0.0064,0.9363797855292915,1.0,1.0,False,False,deficit,False,False,False
実務,0.8603,False,excess,19,38,0.05698,0.055635,1.0242,0.001345,0.5705,1.6853,-0.027161,0.029843,0.0,1.0,1.0,1.0,False,False,excess,False,False,False
是非,0.86,True,excess,80,139,0.230769,0.199715,1.1555,0.031055,0.8918,1.4596,-0.023093,0.082397,1.0969,0.29493834262594787,0.41913600757982805,1.0,False,False,excess,False,False,False
git,0.8594,True,excess,5,83,0.017094,0.119829,0.1427,-0.102735,0.0481,0.256,-0.128448,-0.077065,31.704,1.795548192266843e-08,1.3744105253533472e-07,3.0237031557773635e-05,True,True,deficit,False,False,False
URI,0.859,False,excess,13,29,0.039886,0.042796,0.932,-0.00291,0.4697,1.634,-0.027141,0.021325,0.0279,0.867339931945124,0.9621873816835236,1.0,False,False,deficit,False,False,False
application,0.8543,False,excess,1,18,0.005698,0.027104,0.2102,-0.021406,0.0768,0.5326,-0.035667,-0.008583,5.6349,0.017606762933527177,0.038707296057519276,1.0,True,False,deficit,False,False,False
アーティファクト-artifact,0.8502,False,excess,5,8,0.017094,0.012839,1.3314,0.004255,0.3994,3.4975,-0.009998,0.019931,0.0097,0.9213996625251715,1.0,1.0,False,False,excess,False,False,False
件数,0.8502,False,excess,7,14,0.022792,0.021398,1.0651,0.001394,0.4199,2.2844,-0.015712,0.019923,0.0,1.0,1.0,1.0,False,False,excess,False,False,False
Exception,0.8502,False,excess,3,9,0.011396,0.014265,0.7989,-0.002869,0.1664,1.9972,-0.0157,0.009941,0.0948,0.7581196220041039,0.8732376494219637,1.0,False,False,deficit,False,False,False
注文,0.8334,False,excess,14,24,0.042735,0.035663,1.1983,0.007072,0.6102,2.2198,-0.017159,0.032756,0.0853,0.7702070561519412,0.8859485536611127,1.0,False,False,excess,False,False,False
Node,0.8322,False,excess,25,32,0.074074,0.047076,1.5735,0.026998,0.9395,2.5564,-0.002974,0.056974,2.5252,0.11203755665479788,0.18624999546562648,1.0,False,False,excess,False,False,False
強化,0.8317,False,excess,25,50,0.074074,0.072753,1.0182,0.001321,0.6276,1.5537,-0.032871,0.035521,0.0,1.0,1.0,1.0,False,False,excess,False,False,False
ステージング-staging,0.8303,False,excess,15,28,0.045584,0.041369,1.1019,0.004215,0.5326,1.9972,-0.022857,0.029872,0.003,0.9560942500306766,1.0,1.0,False,False,excess,False,False,False
作用,0.8303,False,excess,8,19,0.025641,0.028531,0.8987,-0.00289,0.3841,1.7758,-0.021427,0.015643,0.0428,0.8361658042291429,0.9387354762145843,1.0,False,False,deficit,False,False,False
達成,0.8219,False,excess,15,51,0.045584,0.07418,0.6145,-0.028596,0.3442,0.9991,-0.054253,-3.4e-05,3.0739,0.0795584815512063,0.14199368990631586,1.0,False,False,deficit,False,False,False
種類,0.8212,True,excess,36,150,0.105413,0.215407,0.4894,-0.109993,0.3328,0.6609,-0.157009,-0.067234,19.1186,1.2284357324743138e-05,5.8769482201327966e-05,0.020686857734867444,True,True,deficit,False,False,False
原因,0.8207,False,excess,52,87,0.150997,0.125535,1.2028,0.025462,0.8585,1.6367,-0.018775,0.068201,0.9961,0.3182635131577115,0.4462579152019868,1.0,False,False,excess,False,False,False
優れる,0.8186,False,excess,19,47,0.05698,0.068474,0.8321,-0.011494,0.4831,1.3459,-0.040008,0.021268,0.4547,0.5001026042062828,0.638977834205903,1.0,False,False,deficit,False,False,False
IaC,0.8186,False,excess,5,13,0.017094,0.019971,0.8559,-0.002877,0.2853,1.9972,-0.018561,0.014221,0.0636,0.8009090411181709,0.909461109401888,1.0,False,False,deficit,False,False,False
秘密,0.8186,False,excess,4,8,0.014245,0.012839,1.1095,0.001406,0.3329,3.1954,-0.01142,0.015659,0.0,1.0,1.0,1.0,False,False,excess,False,False,False
高まる,0.8109,False,excess,12,35,0.037037,0.051355,0.7212,-0.014318,0.3629,1.2482,-0.038545,0.011323,1.0051,0.3160804595640951,0.44393619174807014,1.0,False,False,deficit,False,False,False
プッシュ-push,0.8036,False,excess,23,38,0.068376,0.055635,1.229,0.012741,0.6967,1.9972,-0.020028,0.044097,0.3677,0.5442762795058915,0.6824520087825603,1.0,False,False,excess,False,False,False
モチベーション-motivation,0.8013,False,excess,12,29,0.037037,0.042796,0.8654,-0.005759,0.4318,1.5216,-0.028567,0.017093,0.1555,0.6933706838502323,0.8211225257410627,1.0,False,False,deficit,False,False,False
ストレス-stress,0.8013,False,excess,8,18,0.025641,0.027104,0.946,-0.001463,0.3994,1.9972,-0.019992,0.018532,0.0049,0.9440247097318845,1.0,1.0,False,False,deficit,False,False,False
慎重,0.8013,False,excess,7,19,0.022792,0.028531,0.7989,-0.005739,0.3071,1.5986,-0.025694,0.01279,0.2416,0.6230828377780546,0.7579485105454102,1.0,False,False,deficit,False,False,False
Entity,0.8013,False,excess,7,5,0.022792,0.008559,2.6629,0.014233,0.9963,7.3395,-5.6e-05,0.029904,2.3708,0.12362009135914868,0.20389445039060372,1.0,False,False,excess,False,False,False
Desktop,0.7981,False,excess,15,28,0.045584,0.041369,1.1019,0.004215,0.599,1.9142,-0.020016,0.029876,0.003,0.9560942500306766,1.0,1.0,False,False,excess,False,False,False
合わせる,0.7858,True,excess,62,166,0.179487,0.238231,0.7534,-0.058744,0.5847,0.9602,-0.105822,-0.008864,4.5948,0.03206986153743734,0.06522497091790828,1.0,False,False,deficit,False,False,False
テンプレート-template,0.7852,False,excess,34,47,0.099715,0.068474,1.4563,0.031241,0.9641,2.179,-0.002939,0.069701,2.5434,0.11075397861700619,0.18448041542140298,1.0,False,False,excess,False,False,False
回避,0.7828,False,excess,17,46,0.051282,0.067047,0.7649,-0.015765,0.4223,1.2415,-0.042857,0.01275,0.9309,0.3346418742876881,0.4645811346252817,1.0,False,False,deficit,False,False,False
カスタム-custom,0.7731,False,excess,22,42,0.065527,0.061341,1.0682,0.004186,0.6273,1.6946,-0.02722,0.036956,0.0021,0.9636243514029005,1.0,1.0,False,False,excess,False,False,False
証明,0.7731,False,excess,4,20,0.014245,0.029957,0.4755,-0.015712,0.1535,0.9986,-0.031396,-2.4e-05,2.3506,0.12523455059571995,0.20575120312506576,1.0,False,False,deficit,False,False,False
焦点,0.7731,False,excess,14,30,0.042735,0.044223,0.9664,-0.001487,0.5398,1.7367,-0.024292,0.025639,0.003,0.9565740022378617,1.0,1.0,False,False,deficit,False,False,False
完結,0.7731,False,excess,9,28,0.02849,0.041369,0.6887,-0.012879,0.2958,1.3314,-0.035676,0.009937,1.012,0.31442112809142264,0.4423435085262788,1.0,False,False,deficit,False,False,False
次,0.7706,True,excess,69,283,0.19943,0.405136,0.4923,-0.205705,0.3862,0.6106,-0.262714,-0.148693,44.0013,3.2816613521842166e-11,3.864557844110644e-10,5.526317717078221e-08,True,True,deficit,False,False,False
意識,0.7646,True,excess,79,142,0.22792,0.203994,1.1173,0.023926,0.8787,1.4071,-0.027372,0.076639,0.6025,0.4376302588698754,0.576207471412721,1.0,False,False,excess,False,False,False
Ubuntu,0.7474,False,excess,14,20,0.042735,0.029957,1.4265,0.012778,0.7356,2.5691,-0.01001,0.037,0.6421,0.42294565341357515,0.5625912167049452,1.0,False,False,excess,False,False,False
従う,0.7459,False,excess,43,127,0.125356,0.182596,0.6865,-0.05724,0.4888,0.9177,-0.101406,-0.013058,5.4755,0.019285105019074687,0.041904666905963575,1.0,True,False,deficit,False,False,False
環境,0.7432,True,excess,136,347,0.390313,0.496434,0.7862,-0.10612,0.6715,0.9124,-0.168824,-0.04192,10.3563,0.0012903494980819477,0.0038391317222084805,1.0,True,False,deficit,False,False,False
モデリング-modeling,0.742,False,excess,5,15,0.017094,0.022825,0.7489,-0.005731,0.2496,1.7758,-0.02141,0.011376,0.3122,0.576335380355518,0.714689823651467,1.0,False,False,deficit,False,False,False
ボーディング-boarding,0.742,False,excess,7,8,0.022792,0.012839,1.7752,0.009953,0.7133,4.9929,-0.0043,0.028474,0.6848,0.4079446987715286,0.5465225717830184,1.0,False,False,excess,False,False,False
習慣,0.742,False,excess,7,13,0.022792,0.019971,1.1412,0.002821,0.3994,2.5963,-0.015712,0.022772,0.0,1.0,1.0,1.0,False,False,excess,False,False,False
INT,0.742,False,excess,1,3,0.005698,0.005706,0.9986,-8e-06,0.2853,3.9943,-0.007137,0.00712,0.0,1.0,1.0,1.0,False,False,deficit,False,False,False
基礎,0.7337,False,excess,25,73,0.074074,0.105563,0.7017,-0.031489,0.4493,1.0289,-0.064279,0.002715,2.6012,0.10678305533443937,0.17875016419800782,1.0,False,False,deficit,False,False,False
互換,0.7322,False,excess,23,42,0.068376,0.061341,1.1147,0.007035,0.6654,1.7752,-0.024312,0.038438,0.0512,0.8209031207081033,0.9271635514905742,1.0,False,False,excess,False,False,False
高速,0.7245,False,excess,46,79,0.133903,0.114123,1.1733,0.01978,0.8383,1.6429,-0.021541,0.065385,0.6005,0.43839246963054523,0.576760092857686,1.0,False,False,excess,False,False,False
取り組み,0.7194,False,excess,27,58,0.079772,0.084165,0.9478,-0.004393,0.5929,1.386,-0.038578,0.028381,0.04,0.8414746220400002,0.941556985724492,1.0,False,False,deficit,False,False,False
再現,0.7194,False,excess,17,26,0.051282,0.038516,1.3314,0.012766,0.7132,2.3133,-0.012892,0.039837,0.5123,0.4741633508837112,0.6142239099139767,1.0,False,False,excess,False,False,False
歩,0.7194,False,excess,12,24,0.037037,0.035663,1.0385,0.001374,0.4989,1.902,-0.021431,0.025596,0.0,1.0,1.0,1.0,False,False,excess,False,False,False
指摘,0.7115,False,excess,28,78,0.082621,0.112696,0.7331,-0.030075,0.4876,1.0774,-0.064283,0.006994,2.2049,0.13757269326739385,0.22319115169777576,1.0,False,False,deficit,False,False,False
レベル-level,0.7105,True,excess,58,136,0.168091,0.195435,0.8601,-0.027344,0.6512,1.1112,-0.074355,0.021097,1.082,0.2982505701628174,0.42312886280891704,1.0,False,False,deficit,False,False,False
場,0.7075,False,excess,15,47,0.045584,0.068474,0.6657,-0.02289,0.3687,1.1097,-0.048559,0.005668,2.0591,0.15130109734038089,0.24105113332185565,1.0,False,False,deficit,False,False,False
走る,0.7075,False,excess,13,29,0.039886,0.042796,0.932,-0.00291,0.4699,1.7248,-0.027145,0.022747,0.0279,0.867339931945124,0.9621873816835236,1.0,False,False,deficit,False,False,False
Terraform,0.7075,False,excess,3,9,0.011396,0.014265,0.7989,-0.002869,0.2219,2.0021,-0.0157,0.009961,0.0948,0.7581196220041039,0.8732376494219637,1.0,False,False,deficit,False,False,False
且つ,0.6951,False,excess,42,114,0.122507,0.164051,0.7468,-0.041544,0.5255,0.9811,-0.085742,-0.00308,3.0576,0.08035811151513576,0.1430723619920473,1.0,False,False,deficit,False,False,False
停止,0.6887,False,excess,32,64,0.094017,0.092725,1.0139,0.001292,0.6657,1.4463,-0.035757,0.035493,0.0,1.0,1.0,1.0,False,False,excess,False,False,False
代表,0.6887,False,excess,29,51,0.08547,0.07418,1.1522,0.01129,0.7261,1.7369,-0.024316,0.04834,0.2047,0.650989186994599,0.785853613547602,1.0,False,False,excess,False,False,False
Issue,0.6887,False,excess,8,25,0.025641,0.03709,0.6913,-0.011449,0.2755,1.3587,-0.032823,0.009937,0.8799,0.3482215114505597,0.48144911763771964,1.0,False,False,deficit,False,False,False
正確,0.6865,False,excess,30,71,0.088319,0.10271,0.8599,-0.014391,0.5427,1.2317,-0.051457,0.019856,0.4943,0.4820011337370912,0.6209515830452685,1.0,False,False,deficit,False,False,False
診断,0.6778,False,excess,5,20,0.017094,0.029957,0.5706,-0.012863,0.1993,1.2616,-0.028547,0.00567,1.4802,0.22373636540424002,0.3358039566316758,1.0,False,False,deficit,False,False,False
性能,0.6712,False,excess,25,57,0.074074,0.082739,0.8953,-0.008665,0.5752,1.3314,-0.041431,0.022695,0.2001,0.6546593308613458,0.7891526937512572,1.0,False,False,deficit,False,False,False
than,0.6688,False,excess,6,6,0.019943,0.009986,1.9972,0.009957,0.7133,5.9915,-0.004288,0.025629,0.8535,0.35556286493785916,0.4875959809082694,1.0,False,False,excess,False,False,False
pytest,0.6688,False,excess,6,6,0.019943,0.009986,1.9972,0.009957,0.6657,5.9915,-0.004292,0.025633,0.8535,0.35556286493785916,0.4875959809082694,1.0,False,False,excess,False,False,False
一般,0.6621,True,excess,80,173,0.230769,0.248217,0.9297,-0.017448,0.7205,1.1503,-0.075851,0.033926,0.3443,0.5573398831509762,0.6967782948969887,1.0,False,False,deficit,False,False,False
アップ-up,0.6591,False,excess,54,129,0.156695,0.185449,0.8449,-0.028754,0.6145,1.1504,-0.078639,0.025476,1.2582,0.26198732559346427,0.3816493566603753,1.0,False,False,deficit,False,False,False
一種,0.6549,False,excess,5,18,0.017094,0.027104,0.6307,-0.01001,0.2216,1.3314,-0.025729,0.007088,0.939,0.332522822605034,0.4620758025404663,1.0,False,False,deficit,False,False,False
マニュアル-manual,0.6549,False,excess,3,14,0.011396,0.021398,0.5326,-0.010002,0.1331,1.2482,-0.022837,0.004247,1.2631,0.26106564534168686,0.3806359712167971,1.0,False,False,deficit,False,False,False
振り返る,0.647,False,excess,25,52,0.074074,0.075606,0.9797,-0.001532,0.5706,1.5615,-0.035729,0.034111,0.0018,0.9666142492420831,1.0,1.0,False,False,deficit,False,False,False
デバイス-device,0.6465,False,excess,11,36,0.034188,0.052782,0.6477,-0.018594,0.3239,1.1524,-0.044251,0.007051,1.7401,0.18712294249922445,0.2883028684068563,1.0,False,False,deficit,False,False,False
ドキュメント-document,0.6431,True,excess,86,161,0.247863,0.231098,1.0725,0.016765,0.8527,1.341,-0.037399,0.072421,0.2389,0.6250105428951114,0.7593923190731369,1.0,False,False,excess,False,False,False
プル-pull,0.6359,False,excess,37,52,0.108262,0.075606,1.4319,0.032656,0.9568,2.1082,-0.003006,0.072566,2.5796,0.10824850050978062,0.18102331167673344,1.0,False,False,excess,False,False,False
マージ-merge,0.6331,True,excess,51,77,0.148148,0.11127,1.3314,0.036879,0.9859,1.8503,-0.001618,0.081099,2.4567,0.11702356248357557,0.1937735292255076,1.0,False,False,excess,False,False,False
付与,0.6324,False,excess,25,47,0.074074,0.068474,1.0818,0.0056,0.6783,1.6721,-0.025763,0.039793,0.0168,0.8969465782150552,0.9898152278598642,1.0,False,False,excess,False,False,False
権限,0.6319,False,excess,44,79,0.128205,0.114123,1.1234,0.014082,0.816,1.5982,-0.02439,0.058241,0.259,0.6108091434621524,0.7480746164292834,1.0,False,False,excess,False,False,False
Primary,0.6305,False,excess,10,3,0.031339,0.005706,5.4922,0.025633,2.2461,18.9729,0.009918,0.045576,9.3562,0.00222229559804822,0.00627293128034832,1.0,True,False,excess,True,False,True
複合,0.6146,False,excess,11,14,0.034188,0.021398,1.5977,0.01279,0.7356,3.2454,-0.00858,0.03559,0.8656,0.3521735879570719,0.4855270058452202,1.0,False,False,excess,False,False,False
State,0.6076,False,excess,16,25,0.048433,0.03709,1.3058,0.011343,0.7086,2.2969,-0.012892,0.035617,0.3839,0.5355273481395377,0.6740119987047695,1.0,False,False,excess,False,False,False
完了,0.6032,False,excess,43,130,0.125356,0.186876,0.6708,-0.06152,0.481,0.902,-0.104284,-0.015919,6.2502,0.012418175408512068,0.028413325255345546,1.0,True,False,deficit,False,False,False
分岐,0.6028,False,excess,15,29,0.045584,0.042796,1.0651,0.002788,0.5444,1.9064,-0.022865,0.028445,0.0,1.0,1.0,1.0,False,False,excess,False,False,False
適する,0.5944,False,excess,26,44,0.076923,0.064194,1.1983,0.012729,0.7408,1.8641,-0.020049,0.046968,0.3233,0.5696062109588665,0.7105310068553565,1.0,False,False,excess,False,False,False
理解,0.5861,True,excess,127,258,0.364672,0.369472,0.987,-0.0048,0.835,1.1567,-0.063235,0.053631,0.0128,0.9098653733382654,0.9994868158523411,1.0,False,False,deficit,False,False,False
技術,0.5825,True,excess,108,204,0.310541,0.292439,1.0619,0.018102,0.8723,1.291,-0.04038,0.076637,0.2514,0.6161065827155223,0.7536912740406547,1.0,False,False,excess,False,False,False
Python,0.5761,True,excess,41,102,0.119658,0.146933,0.8144,-0.027275,0.5757,1.1278,-0.067229,0.016899,1.3853,0.23919198528376934,0.3548892539364472,1.0,False,False,deficit,False,False,False
入門,0.5761,False,excess,36,68,0.105413,0.098431,1.0709,0.006982,0.7306,1.583,-0.030063,0.046913,0.0334,0.8550931930918323,0.9542590703556298,1.0,False,False,excess,False,False,False
対処,0.5761,False,excess,19,59,0.05698,0.085592,0.6657,-0.028612,0.3883,1.032,-0.058545,0.002727,2.6331,0.10465707307355392,0.17606644461125354,1.0,False,False,deficit,False,False,False
禁止,0.5761,False,excess,9,20,0.02849,0.029957,0.951,-0.001467,0.3994,1.8725,-0.021427,0.019911,0.0044,0.9469168009740213,1.0,1.0,False,False,deficit,False,False,False
フラッグ-flag,0.5761,False,excess,8,20,0.025641,0.029957,0.8559,-0.004316,0.3566,1.7622,-0.02428,0.017062,0.1147,0.7348944916758657,0.8576315481511836,1.0,False,False,deficit,False,False,False
共同,0.5761,False,excess,9,17,0.02849,0.025678,1.1095,0.002812,0.4342,2.305,-0.018561,0.02419,0.0,1.0,1.0,1.0,False,False,excess,False,False,False
CORS,0.5761,False,excess,6,9,0.019943,0.014265,1.398,0.005678,0.4434,3.5949,-0.01142,0.022776,0.0761,0.7826720024770065,0.8958869225540558,1.0,False,False,excess,False,False,False
ツー-two,0.5761,False,excess,7,10,0.022792,0.015692,1.4525,0.0071,0.57,3.6626,-0.008576,0.024198,0.1868,0.6655524630489671,0.7954509210606533,1.0,False,False,excess,False,False,False
破壊,0.5761,False,excess,7,13,0.022792,0.019971,1.1412,0.002821,0.3994,2.598,-0.0157,0.021345,0.0,1.0,1.0,1.0,False,False,excess,False,False,False
伝達,0.5761,False,excess,6,16,0.019943,0.024251,0.8224,-0.004308,0.3073,1.7974,-0.02141,0.014213,0.1451,0.7032769383550264,0.8311006064490277,1.0,False,False,deficit,False,False,False
代替,0.5761,False,excess,6,17,0.019943,0.025678,0.7767,-0.005735,0.2853,1.6649,-0.022837,0.012794,0.2723,0.6018142066460896,0.7386699154460751,1.0,False,False,deficit,False,False,False
土台,0.5761,False,excess,6,15,0.019943,0.022825,0.8738,-0.002882,0.3329,1.9972,-0.018553,0.014229,0.0547,0.81513645901801,0.9218870362567689,1.0,False,False,deficit,False,False,False
リグレッションテスト,0.5761,False,excess,5,9,0.017094,0.014265,1.1983,0.002829,0.3329,2.9957,-0.011433,0.018496,0.0,1.0,1.0,1.0,False,False,excess,False,False,False
security,0.5761,False,excess,1,10,0.005698,0.015692,0.3631,-0.009994,0.1248,1.0021,-0.019976,2.7e-05,1.9408,0.16358315224587905,0.2574523629738882,1.0,False,False,deficit,False,False,False
矛盾,0.5761,False,excess,5,12,0.017094,0.018545,0.9218,-0.001451,0.3071,2.2468,-0.015704,0.015647,0.0075,0.9311071132138562,1.0,1.0,False,False,deficit,False,False,False
即,0.5761,False,excess,4,13,0.014245,0.019971,0.7133,-0.005726,0.235,1.6643,-0.01998,0.00857,0.3662,0.5450700426440283,0.6824520087825603,1.0,False,False,deficit,False,False,False
修正,0.5708,True,excess,90,176,0.259259,0.252496,1.0268,0.006763,0.8183,1.2757,-0.048819,0.063784,0.0157,0.900178706132,0.9907849288407111,1.0,False,False,excess,False,False,False
範囲,0.5661,False,excess,55,141,0.159544,0.202568,0.7876,-0.043024,0.5841,1.0313,-0.091485,0.00545,2.7295,0.0985076808448502,0.1677319863930513,1.0,False,False,deficit,False,False,False
明示,0.5604,False,excess,26,53,0.076923,0.077033,0.9986,-0.00011,0.5928,1.4865,-0.034326,0.03266,0.0,1.0,1.0,1.0,False,False,deficit,False,False,False
成果,0.5576,False,excess,26,68,0.076923,0.098431,0.7815,-0.021508,0.4993,1.1786,-0.055712,0.015526,1.2283,0.2677350874235605,0.38800850879627874,1.0,False,False,deficit,False,False,False
追跡,0.5576,False,excess,26,32,0.076923,0.047076,1.634,0.029847,0.9696,2.7161,-0.001559,0.061183,3.1229,0.07719757065499389,0.13956068815424882,1.0,False,False,excess,False,False,False
コラム-column,0.548,False,excess,18,42,0.054131,0.061341,0.8825,-0.00721,0.5193,1.4464,-0.034333,0.022703,0.179,0.6722536332959279,0.8006188956650231,1.0,False,False,deficit,False,False,False
Lint,0.5419,False,excess,10,8,0.031339,0.012839,2.441,0.0185,0.9986,5.9915,-2e-05,0.038455,3.1159,0.07753088874370552,0.13963852047529424,1.0,False,False,excess,False,False,False
テーブル-table,0.5382,True,excess,31,102,0.091168,0.146933,0.6205,-0.055765,0.3994,0.8928,-0.099947,-0.014464,6.3806,0.011537607739490701,0.026688642078712008,1.0,True,False,deficit,False,False,False
困難,0.5352,False,excess,21,53,0.062678,0.077033,0.8137,-0.014355,0.4991,1.2676,-0.044272,0.017056,0.656,0.4179643269630203,0.5572857692840271,1.0,False,False,deficit,False,False,False
最低,0.5335,False,excess,23,58,0.068376,0.084165,0.8124,-0.015789,0.4781,1.2665,-0.048575,0.018423,0.7374,0.3904808559883265,0.5273213805006751,1.0,False,False,deficit,False,False,False
検知,0.5298,False,excess,19,61,0.05698,0.088445,0.6442,-0.031465,0.3927,1.037,-0.061398,0.002743,3.1273,0.07698946857470915,0.13945143914502836,1.0,False,False,deficit,False,False,False
目指す,0.5265,False,excess,30,86,0.088319,0.124108,0.7116,-0.035789,0.4851,0.9986,-0.071456,-0.000162,2.9086,0.08810737433758302,0.1543941918673151,1.0,False,False,deficit,False,False,False
望ましい,0.5253,False,excess,10,27,0.031339,0.039943,0.7846,-0.008604,0.3421,1.4265,-0.029994,0.012786,0.4237,0.5150892859420275,0.6521882387416349,1.0,False,False,deficit,False,False,False
育成,0.5253,False,excess,2,16,0.008547,0.024251,0.3524,-0.015704,0.0951,0.8876,-0.029961,-0.001451,3.1159,0.07753088874370552,0.13963852047529424,1.0,False,False,deficit,False,False,False
分離,0.5213,False,excess,30,53,0.088319,0.077033,1.1465,0.011286,0.7189,1.6477,-0.02434,0.042642,0.1979,0.656445581720256,0.7901420684943413,1.0,False,False,excess,False,False,False
発生,0.5186,True,excess,105,253,0.301994,0.36234,0.8335,-0.060345,0.6762,0.9986,-0.123048,-0.000492,3.6498,0.05607670630936753,0.10598560429290114,1.0,False,False,deficit,False,False,False
示す,0.5149,False,excess,43,135,0.125356,0.194009,0.6461,-0.068652,0.4683,0.8698,-0.109989,-0.023056,7.6315,0.005735750942429172,0.014524818927895828,1.0,True,False,deficit,False,False,False
実装,0.5098,True,excess,132,290,0.378917,0.415121,0.9128,-0.036204,0.764,1.0715,-0.103151,0.027934,1.1891,0.2755106203154628,0.3968861288376727,1.0,False,False,deficit,False,False,False
準備,0.509,False,excess,50,118,0.145299,0.169757,0.8559,-0.024458,0.6361,1.1267,-0.065846,0.019728,0.9646,0.3260294743697063,0.45487459390106494,1.0,False,False,deficit,False,False,False
付け,0.5068,False,excess,23,46,0.068376,0.067047,1.0198,0.001329,0.6324,1.6294,-0.028604,0.034111,0.0,1.0,1.0,1.0,False,False,excess,False,False,False
振り返り,0.5068,False,excess,24,30,0.071225,0.044223,1.6106,0.027003,0.97,2.796,-0.001496,0.05978,2.6575,0.1030622809762307,0.1735568811639725,1.0,False,False,excess,False,False,False
期待,0.4992,False,excess,49,97,0.14245,0.1398,1.019,0.00265,0.7262,1.3929,-0.041524,0.046882,0.0,1.0,1.0,1.0,False,False,excess,False,False,False
SQL,0.4987,False,excess,45,85,0.131054,0.122682,1.0682,0.008372,0.7617,1.4701,-0.031582,0.05112,0.0538,0.8166234161764998,0.9229488811014938,1.0,False,False,excess,False,False,False
No,0.4932,False,excess,13,38,0.039886,0.055635,0.7169,-0.015749,0.3803,1.2291,-0.039984,0.009956,1.1361,0.28648587412584814,0.4078714381811569,1.0,False,False,deficit,False,False,False
視覚,0.4932,False,excess,11,22,0.034188,0.03281,1.042,0.001378,0.4993,1.9998,-0.019996,0.025596,0.0,1.0,1.0,1.0,False,False,excess,False,False,False
改竄,0.4932,False,excess,6,9,0.019943,0.014265,1.398,0.005678,0.4993,3.3352,-0.009998,0.021353,0.0761,0.7826720024770065,0.8958869225540558,1.0,False,False,excess,False,False,False
キャッシュ-cash,0.4917,False,excess,30,51,0.088319,0.07418,1.1906,0.014139,0.773,1.7977,-0.018694,0.048383,0.3762,0.5396186593793506,0.6782644563846458,1.0,False,False,excess,False,False,False
影響,0.4916,False,excess,76,163,0.219373,0.233951,0.9377,-0.014578,0.7241,1.1926,-0.067299,0.039598,0.2444,0.621011321136334,0.7579485105454102,1.0,False,False,deficit,False,False,False
繋がる,0.4901,False,excess,43,95,0.125356,0.136947,0.9154,-0.011591,0.6589,1.2615,-0.051498,0.032563,0.2346,0.6281021622625829,0.7620490210736235,1.0,False,False,deficit,False,False,False
方々,0.4861,False,excess,9,24,0.02849,0.035663,0.7989,-0.007173,0.3697,1.4979,-0.025753,0.012782,0.3168,0.5735528731388178,0.7138677297603615,1.0,False,False,deficit,False,False,False
アラート-alert,0.4834,False,excess,12,20,0.037037,0.029957,1.2363,0.00708,0.5592,2.283,-0.015733,0.028458,0.1007,0.7509601455199775,0.8732376494219637,1.0,False,False,excess,False,False,False
ヒント-hint,0.4776,False,excess,10,25,0.031339,0.03709,0.8449,-0.005751,0.3778,1.6132,-0.027129,0.018476,0.181,0.6704857256226119,0.7996444489720101,1.0,False,False,deficit,False,False,False
インフラストラクチャー-infrastructure,0.4776,False,excess,3,9,0.011396,0.014265,0.7989,-0.002869,0.2219,1.9972,-0.015696,0.009957,0.0948,0.7581196220041039,0.8732376494219637,1.0,False,False,deficit,False,False,False
双方,0.4776,False,excess,5,15,0.017094,0.022825,0.7489,-0.005731,0.2496,1.634,-0.02141,0.009953,0.3122,0.576335380355518,0.714689823651467,1.0,False,False,deficit,False,False,False
中間,0.471,False,excess,12,19,0.037037,0.028531,1.2981,0.008506,0.6307,2.5425,-0.011441,0.032729,0.2036,0.6518374236413189,0.7863139121862328,1.0,False,False,excess,False,False,False
取れる,0.4635,False,excess,8,60,0.025641,0.087019,0.2947,-0.061378,0.1158,0.5091,-0.085672,-0.037151,14.2009,0.00016428936298662055,0.0006245220931590722,0.276663287269469,True,False,deficit,False,False,False
Secure,0.4549,False,excess,7,18,0.022792,0.027104,0.8409,-0.004312,0.3473,1.8545,-0.022837,0.017062,0.128,0.7204637707483963,0.8460676359416314,1.0,False,False,deficit,False,False,False
安定,0.4517,False,excess,29,54,0.08547,0.078459,1.0894,0.007011,0.6764,1.6933,-0.027198,0.045487,0.0409,0.8397653863384431,0.9408948174277699,1.0,False,False,excess,False,False,False
状況,0.4423,False,excess,56,169,0.162393,0.242511,0.6696,-0.080118,0.5072,0.8523,-0.130022,-0.03307,8.7118,0.003161537320700633,0.008656957476520108,1.0,True,False,deficit,False,False,False
Datadog,0.4391,False,excess,6,3,0.019943,0.005706,3.495,0.014237,1.1983,14.03,0.001414,0.031331,3.152,0.0758331590521666,0.13761103431449198,1.0,False,False,excess,False,False,True
ロジック-logic,0.4328,False,excess,23,50,0.068376,0.072753,0.9398,-0.004377,0.5524,1.4128,-0.038573,0.025603,0.046,0.8301634627586405,0.9351138938364887,1.0,False,False,deficit,False,False,False
除外,0.4328,False,excess,10,20,0.031339,0.029957,1.0461,0.001382,0.4609,1.9972,-0.020004,0.022764,0.0,1.0,1.0,1.0,False,False,excess,False,False,False
生産,0.4244,False,excess,51,44,0.148148,0.064194,2.3078,0.083954,1.6272,3.3486,0.046909,0.123888,18.4727,1.7236001204040498e-05,8.085076887912032e-05,0.029025426027604197,True,True,excess,True,True,True
履歴,0.4239,False,excess,36,67,0.105413,0.097004,1.0867,0.008409,0.734,1.5977,-0.030138,0.048311,0.0659,0.7973518511702591,0.9084847884781572,1.0,False,False,excess,False,False,False
収集,0.4227,False,excess,22,46,0.065527,0.067047,0.9773,-0.00152,0.5836,1.5216,-0.031453,0.029831,0.002,0.9646379636401071,1.0,1.0,False,False,deficit,False,False,False
論理,0.4185,False,excess,14,30,0.042735,0.044223,0.9664,-0.001487,0.4841,1.7251,-0.02571,0.024213,0.003,0.9565740022378617,1.0,1.0,False,False,deficit,False,False,False
決済,0.4185,False,excess,5,16,0.017094,0.024251,0.7049,-0.007157,0.2216,1.5692,-0.024255,0.009949,0.492,0.48304428372286323,0.6209515830452685,1.0,False,False,deficit,False,False,False
Framework,0.4185,False,excess,3,10,0.011396,0.015692,0.7262,-0.004296,0.1997,1.9972,-0.01574,0.008539,0.2434,0.6217625173702859,0.7579485105454102,1.0,False,False,deficit,False,False,False
期限,0.4102,False,excess,14,26,0.042735,0.038516,1.1095,0.004219,0.5704,1.9972,-0.020004,0.031286,0.0032,0.954546855599387,1.0,1.0,False,False,excess,False,False,False
雰囲気,0.4084,False,excess,11,33,0.034188,0.048502,0.7049,-0.014314,0.3195,1.1836,-0.038537,0.007068,1.0704,0.3008496833666232,0.42578675834445845,1.0,False,False,deficit,False,False,False
発揮,0.4084,False,excess,12,32,0.037037,0.047076,0.7868,-0.010039,0.3803,1.4054,-0.03568,0.015615,0.5011,0.47901164437756916,0.62002737058557,1.0,False,False,deficit,False,False,False
カスタマイズ-customize,0.4057,False,excess,25,54,0.074074,0.078459,0.9441,-0.004385,0.5825,1.4204,-0.037171,0.028397,0.0428,0.8361489610244709,0.9387354762145843,1.0,False,False,deficit,False,False,False
保持,0.397,False,excess,30,73,0.088319,0.105563,0.8366,-0.017244,0.5508,1.2441,-0.054298,0.021244,0.7118,0.3988415835099882,0.5377495809694317,1.0,False,False,deficit,False,False,False
記録,0.3957,False,excess,33,76,0.096866,0.109843,0.8819,-0.012977,0.5834,1.2586,-0.051453,0.025495,0.3698,0.5431067462731727,0.6820221929336486,1.0,False,False,deficit,False,False,False
ミス-mistake,0.3936,False,excess,27,57,0.079772,0.082739,0.9641,-0.002967,0.6144,1.4563,-0.035784,0.031277,0.0146,0.903964879745646,0.9943023236392344,1.0,False,False,deficit,False,False,False
漏れ,0.3907,False,excess,12,34,0.037037,0.049929,0.7418,-0.012892,0.3716,1.3314,-0.037127,0.012762,0.8213,0.3647982592330147,0.4982321723831279,1.0,False,False,deficit,False,False,False
environment,0.3907,False,excess,2,7,0.008547,0.011412,0.7489,-0.002865,0.1997,1.9972,-0.012847,0.008535,0.1261,0.7225308352976738,0.8461348585822549,1.0,False,False,deficit,False,False,False
取り扱い,0.3907,False,excess,2,14,0.008547,0.021398,0.3994,-0.012851,0.111,0.9986,-0.027112,-2.4e-05,2.2927,0.1299794756724789,0.21230401264059598,1.0,False,False,deficit,False,False,False
単位,0.3891,False,excess,44,98,0.128205,0.141227,0.9078,-0.013022,0.6598,1.2456,-0.052924,0.029805,0.2942,0.5875500330384381,0.7275251879681837,1.0,False,False,deficit,False,False,False
依存,0.3861,False,excess,70,143,0.202279,0.205421,0.9847,-0.003142,0.7562,1.2639,-0.054416,0.048221,0.0066,0.9351247471288191,1.0,1.0,False,False,deficit,False,False,False
タスク-task,0.3842,False,excess,44,105,0.128205,0.151213,0.8478,-0.023007,0.6057,1.1632,-0.065767,0.021195,0.9395,0.33239819282688055,0.4620758025404663,1.0,False,False,deficit,False,False,False
文書,0.3839,False,excess,19,41,0.05698,0.059914,0.951,-0.002934,0.5447,1.513,-0.031429,0.024154,0.0199,0.8878549177295102,0.9810680324517684,1.0,False,False,deficit,False,False,False
異常,0.3839,False,excess,21,30,0.062678,0.044223,1.4173,0.018456,0.8081,2.4318,-0.010055,0.049803,1.1361,0.28648587412584814,0.4078714381811569,1.0,False,False,excess,False,False,False
RESTful,0.3791,False,excess,14,27,0.042735,0.039943,1.0699,0.002792,0.5444,1.916,-0.021439,0.028441,0.0,1.0,1.0,1.0,False,False,excess,False,False,False
重ねる,0.3791,False,excess,7,19,0.022792,0.028531,0.7989,-0.005739,0.3071,1.6447,-0.024271,0.014213,0.2416,0.6230828377780546,0.7579485105454102,1.0,False,False,deficit,False,False,False
隔離,0.3791,False,excess,6,12,0.019943,0.018545,1.0754,0.001398,0.3631,2.4964,-0.014282,0.0185,0.0,1.0,1.0,1.0,False,False,excess,False,False,False
導入,0.3768,False,excess,83,191,0.239316,0.273894,0.8738,-0.034578,0.6925,1.0814,-0.088781,0.021,1.3636,0.24291684803854163,0.3588350632428984,1.0,False,False,deficit,False,False,False
短縮,0.3766,False,excess,21,37,0.062678,0.054208,1.1562,0.00847,0.6832,1.8723,-0.018614,0.03845,0.1118,0.7381290941142629,0.8602141138328157,1.0,False,False,excess,False,False,False
下,0.3727,False,excess,2,86,0.008547,0.124108,0.0689,-0.115561,0.0212,0.1427,-0.142666,-0.089892,40.1877,2.3069435256554288e-10,2.354480543759844e-09,3.884892897203742e-07,True,True,deficit,False,False,False
残す,0.3687,False,excess,24,75,0.071225,0.108417,0.657,-0.037191,0.408,0.9822,-0.071416,-0.001573,3.626,0.05688447535586689,0.10709223227002507,1.0,False,False,deficit,False,False,False
単体,0.3652,False,excess,31,52,0.091168,0.075606,1.2058,0.015562,0.7872,1.8343,-0.01869,0.051197,0.4726,0.4917940353269936,0.6297955555062033,1.0,False,False,excess,False,False,False
基,0.3639,False,excess,14,26,0.042735,0.038516,1.1095,0.004219,0.6078,2.1023,-0.017218,0.031338,0.0032,0.954546855599387,1.0,1.0,False,False,excess,False,False,False
捕らえる,0.3612,False,excess,16,43,0.048433,0.062767,0.7716,-0.014334,0.418,1.2714,-0.040027,0.014176,0.8104,0.3680122652413327,0.5018078175436471,1.0,False,False,deficit,False,False,False
意見,0.3565,False,excess,26,68,0.076923,0.098431,0.7815,-0.021508,0.4921,1.1628,-0.054302,0.014115,1.2283,0.2677350874235605,0.38800850879627874,1.0,False,False,deficit,False,False,False
ロール-roll,0.351,False,excess,13,36,0.039886,0.052782,0.7557,-0.012896,0.3804,1.265,-0.037122,0.011327,0.7733,0.37918768365874134,0.515136037885064,1.0,False,False,deficit,False,False,False
通る,0.351,False,excess,12,34,0.037037,0.049929,0.7418,-0.012892,0.3715,1.3511,-0.035704,0.014232,0.8213,0.3647982592330147,0.4982321723831279,1.0,False,False,deficit,False,False,False
回帰,0.351,False,excess,8,15,0.025641,0.022825,1.1234,0.002816,0.4754,2.3977,-0.015708,0.021349,0.0,1.0,1.0,1.0,False,False,excess,False,False,False
許容,0.351,False,excess,7,21,0.022792,0.031384,0.7262,-0.008592,0.2754,1.4717,-0.025702,0.011348,0.555,0.45629079593362565,0.5933542087661974,1.0,False,False,deficit,False,False,False
列挙,0.351,False,excess,5,17,0.017094,0.025678,0.6657,-0.008584,0.2139,1.4528,-0.02569,0.008523,0.7022,0.40204108008874717,0.5399156984539598,1.0,False,False,deficit,False,False,False
以下,0.345,True,excess,222,450,0.635328,0.643367,0.9875,-0.008039,0.8972,1.0826,-0.067905,0.053214,0.0419,0.8379008513476225,0.9395240143148301,1.0,False,False,deficit,False,False,False
メモリー-memory,0.3424,False,excess,7,64,0.022792,0.092725,0.2458,-0.069933,0.0999,0.4477,-0.095594,-0.04565,17.7665,2.4974284013536957e-05,0.00011096753107861804,0.042056694278796235,True,True,deficit,False,False,False
GitHub,0.3422,False,excess,80,135,0.230769,0.194009,1.1895,0.036761,0.9262,1.5192,-0.015957,0.092343,1.615,0.20379164527587282,0.31085609659834224,1.0,False,False,excess,False,False,False
調整,0.3397,False,excess,32,65,0.094017,0.094151,0.9986,-0.000134,0.6657,1.4749,-0.035769,0.036932,0.0,1.0,1.0,1.0,False,False,deficit,False,False,False
設定,0.3383,True,excess,188,369,0.538462,0.527817,1.0202,0.010644,0.8992,1.1487,-0.054931,0.073415,0.0578,0.8099528777635769,0.9184920176120294,1.0,False,False,excess,False,False,False
次回,0.3382,False,excess,13,39,0.039886,0.057061,0.699,-0.017175,0.3473,1.2247,-0.041457,0.009944,1.3379,0.24740603756860707,0.36418860774959294,1.0,False,False,deficit,False,False,False
XML,0.3382,False,excess,10,22,0.031339,0.03281,0.9552,-0.001471,0.4279,1.8547,-0.022857,0.019903,0.004,0.9493884910096376,1.0,1.0,False,False,deficit,False,False,False
model,0.3382,False,excess,1,19,0.005698,0.028531,0.1997,-0.022833,0.074,0.5001,-0.037094,-0.00999,6.1229,0.013344350505756475,0.030326432188520786,1.0,True,False,deficit,False,False,False
一括,0.3336,False,excess,9,30,0.02849,0.044223,0.6442,-0.015733,0.2851,1.2488,-0.037166,0.008498,1.468,0.22566360626266865,0.33839493583823155,1.0,False,False,deficit,False,False,False
広い,0.3319,False,excess,20,59,0.059829,0.085592,0.699,-0.025763,0.416,1.0929,-0.057111,0.007003,2.096,0.1476860797598105,0.23588544703771158,1.0,False,False,deficit,False,False,False
対象,0.3187,False,excess,69,223,0.19943,0.319544,0.6241,-0.120113,0.4869,0.7772,-0.174297,-0.065958,16.5379,4.768746492336815e-05,0.0002033055466606379,0.08030569093095197,True,False,deficit,False,False,False
コメント-comment,0.316,False,excess,56,146,0.162393,0.2097,0.7744,-0.047307,0.583,1.014,-0.092975,0.002586,3.2373,0.07198052528604164,0.13204270651600666,1.0,False,False,deficit,False,False,False
ノート-note,0.3134,False,excess,10,18,0.031339,0.027104,1.1562,0.004235,0.5173,2.33,-0.01572,0.025613,0.0046,0.9460050222382372,1.0,1.0,False,False,excess,False,False,False
Date,0.3134,False,excess,1,14,0.005698,0.021398,0.2663,-0.0157,0.0951,0.6657,-0.028535,-0.005714,3.7283,0.05349906973405906,0.10195969633311862,1.0,False,False,deficit,False,False,False
侵入,0.3134,False,excess,5,6,0.017094,0.009986,1.7118,0.007108,0.4993,5.3299,-0.007141,0.02278,0.2871,0.5920858373089233,0.7304560806067596,1.0,False,False,excess,False,False,False
支える,0.3134,False,excess,5,15,0.017094,0.022825,0.7489,-0.005731,0.285,1.6904,-0.019992,0.011372,0.3122,0.576335380355518,0.714689823651467,1.0,False,False,deficit,False,False,False
組み込み,0.3094,False,excess,14,28,0.042735,0.041369,1.033,0.001366,0.5358,1.8072,-0.021478,0.025592,0.0,1.0,1.0,1.0,False,False,excess,False,False,False
HTML,0.302,False,excess,13,41,0.039886,0.059914,0.6657,-0.020028,0.3524,1.1651,-0.04569,0.007056,1.779,0.18227327908993396,0.281345739676855,1.0,False,False,deficit,False,False,False
性質,0.3003,False,excess,8,24,0.025641,0.035663,0.719,-0.010022,0.3073,1.3555,-0.029974,0.009933,0.6809,0.409274327985352,0.5474328580836638,1.0,False,False,deficit,False,False,False
g,0.298,False,excess,2,24,0.008547,0.035663,0.2397,-0.027116,0.0688,0.5595,-0.041421,-0.012847,6.7488,0.009380839038289478,0.022414017909314722,1.0,True,False,deficit,False,False,False
定義,0.2946,False,excess,112,251,0.321937,0.359486,0.8955,-0.037549,0.7333,1.0657,-0.100324,0.022309,1.3689,0.24199848685684275,0.3583767800018041,1.0,False,False,deficit,False,False,False
タイミング-timing,0.2895,False,excess,21,96,0.062678,0.138374,0.453,-0.075696,0.2799,0.6804,-0.111374,-0.038579,13.2559,0.0002717180513931188,0.0009798141296488482,0.4575731985460121,True,False,deficit,False,False,False
返す,0.2872,False,excess,29,129,0.08547,0.185449,0.4609,-0.099979,0.3053,0.6598,-0.138484,-0.058654,17.9931,2.2170241747311774e-05,9.929438059168359e-05,0.03733468710247303,True,True,deficit,False,False,False
仮想,0.284,False,excess,29,61,0.08547,0.088445,0.9664,-0.002975,0.6431,1.478,-0.034319,0.034095,0.0137,0.9069180657713063,0.9968994926624541,1.0,False,False,deficit,False,False,False
加える,0.2823,False,excess,13,120,0.039886,0.172611,0.2311,-0.132725,0.1258,0.3745,-0.165519,-0.095671,36.8317,1.2877905505856752e-09,1.1981432525891033e-08,2.168639287186277e-06,True,True,deficit,False,False,False
O,0.2823,False,excess,3,27,0.011396,0.039943,0.2853,-0.028547,0.095,0.6243,-0.045657,-0.011437,6.5239,0.010643453084271807,0.024824896113453912,1.0,True,False,deficit,False,False,False
網羅,0.2759,False,excess,15,32,0.045584,0.047076,0.9683,-0.001492,0.5255,1.831,-0.027145,0.029856,0.0028,0.9579187305745582,1.0,1.0,False,False,deficit,False,False,False
レコード-record,0.2753,False,excess,18,51,0.054131,0.07418,0.7297,-0.020049,0.4188,1.1821,-0.04999,0.009932,1.4135,0.23446927631553108,0.3503516072008468,1.0,False,False,deficit,False,False,False
ストレージ-storage,0.2751,False,excess,18,56,0.054131,0.081312,0.6657,-0.027181,0.3804,1.0386,-0.058541,0.002747,2.4878,0.11472959622831075,0.1901620472918064,1.0,False,False,deficit,False,False,False
ネスト-nest,0.273,False,excess,9,22,0.02849,0.03281,0.8683,-0.00432,0.3566,1.6643,-0.02569,0.017053,0.1039,0.7472302586999132,0.8696169700419171,1.0,False,False,deficit,False,False,False
独立,0.2711,False,excess,19,51,0.05698,0.07418,0.7681,-0.0172,0.428,1.1985,-0.049969,0.014143,1.0121,0.3143961220639233,0.4423435085262788,1.0,False,False,deficit,False,False,False
直感,0.2686,False,excess,11,27,0.034188,0.039943,0.8559,-0.005755,0.4132,1.5533,-0.027141,0.017054,0.1672,0.6825795135171693,0.8111954133824368,1.0,False,False,deficit,False,False,False
スピード-speed,0.2686,False,excess,11,34,0.034188,0.049929,0.6847,-0.015741,0.3176,1.2157,-0.041445,0.00849,1.2799,0.257926788339638,0.3767118053460108,1.0,False,False,deficit,False,False,False
実体,0.2609,False,excess,8,10,0.025641,0.015692,1.634,0.009949,0.6647,3.7996,-0.0072,0.02847,0.5723,0.4493420267826058,0.5870379930969032,1.0,False,False,excess,False,False,False
満たす,0.2553,False,excess,21,72,0.062678,0.104137,0.6019,-0.041459,0.3687,0.9219,-0.074304,-0.007246,4.7913,0.028603688707910316,0.059394095911369876,1.0,False,False,deficit,False,False,False
形式,0.2462,False,excess,66,174,0.190883,0.249643,0.7646,-0.05876,0.5963,0.9864,-0.10719,-0.003107,4.4297,0.03531897396880656,0.07037999977833792,1.0,False,False,deficit,False,False,False
小さい,0.2462,False,excess,31,74,0.091168,0.10699,0.8521,-0.015822,0.5561,1.2564,-0.0515,0.024068,0.5833,0.4450087187467361,0.5840956214883114,1.0,False,False,deficit,False,False,False
ユーザー-user,0.2449,False,excess,109,281,0.31339,0.402282,0.779,-0.088892,0.6402,0.9364,-0.150177,-0.023336,7.7144,0.0054782690242330375,0.013956739843885681,1.0,True,False,deficit,False,False,False
解析,0.2443,False,excess,26,52,0.076923,0.075606,1.0174,0.001317,0.6548,1.5408,-0.030035,0.032672,0.0,1.0,1.0,1.0,False,False,excess,False,False,False
README,0.2443,False,excess,19,25,0.05698,0.03709,1.5363,0.01989,0.8634,2.6638,-0.007182,0.048397,1.5686,0.21041458416225892,0.31773320447246844,1.0,False,False,excess,False,False,False
プライマリー-primary,0.2443,False,excess,3,8,0.011396,0.012839,0.8876,-0.001443,0.2848,2.2825,-0.012847,0.009965,0.0115,0.9146595356254833,1.0,1.0,False,False,deficit,False,False,False
入力,0.2413,False,excess,52,170,0.150997,0.243937,0.619,-0.09294,0.4674,0.8069,-0.139979,-0.041617,11.8822,0.0005667415560989403,0.0018567952927443878,0.9543927804706154,True,False,deficit,False,False,False
開催,0.2402,False,excess,12,35,0.037037,0.051355,0.7212,-0.014318,0.3631,1.2396,-0.038545,0.009913,1.0051,0.3160804595640951,0.44393619174807014,1.0,False,False,deficit,False,False,False
読み取り,0.2335,False,excess,6,14,0.019943,0.021398,0.932,-0.001455,0.3324,1.9972,-0.018557,0.014225,0.0064,0.9363797855292915,1.0,1.0,False,False,deficit,False,False,False
担保,0.2313,False,excess,22,55,0.065527,0.079886,0.8203,-0.014359,0.482,1.2436,-0.047153,0.016996,0.6324,0.4264704387329211,0.5668320590578052,1.0,False,False,deficit,False,False,False
Server,0.2313,False,excess,15,38,0.045584,0.055635,0.8193,-0.010051,0.4438,1.3696,-0.035688,0.017033,0.4198,0.5170500992893284,0.6541790888078355,1.0,False,False,deficit,False,False,False
欠陥,0.2294,False,excess,9,14,0.02849,0.021398,1.3314,0.007092,0.5706,2.7244,-0.010018,0.027035,0.1389,0.7093646281383864,0.8377068960624424,1.0,False,False,excess,False,False,False
個別,0.2259,False,excess,19,56,0.05698,0.081312,0.7008,-0.024332,0.4057,1.1235,-0.055688,0.00845,1.9546,0.1620903660221163,0.2555806894955467,1.0,False,False,deficit,False,False,False
引き起こす,0.2259,False,excess,7,21,0.022792,0.031384,0.7262,-0.008592,0.2853,1.4722,-0.027124,0.011352,0.555,0.45629079593362565,0.5933542087661974,1.0,False,False,deficit,False,False,False
指標,0.2223,False,excess,22,39,0.065527,0.057061,1.1484,0.008466,0.6967,1.8261,-0.018606,0.039809,0.1066,0.7440452662951478,0.8665091482994667,1.0,False,False,excess,False,False,False
観点,0.2217,False,excess,33,104,0.096866,0.149786,0.6467,-0.05292,0.4369,0.9118,-0.091408,-0.011587,5.5918,0.018044471117748824,0.03951481061415997,1.0,True,False,deficit,False,False,False
分割,0.2175,False,excess,34,68,0.099715,0.098431,1.013,0.001284,0.6552,1.4794,-0.037212,0.041195,0.0,1.0,1.0,1.0,False,False,excess,False,False,False
高い,0.2135,False,excess,110,239,0.316239,0.342368,0.9237,-0.026129,0.7595,1.0968,-0.085991,0.030907,0.6572,0.4175531940689666,0.5571787470777653,1.0,False,False,deficit,False,False,False
従来,0.2124,False,excess,17,55,0.051282,0.079886,0.6419,-0.028604,0.3631,1.0219,-0.058553,0.001337,2.835,0.09222926025322693,0.1591332728139694,1.0,False,False,deficit,False,False,False
多く,0.212,False,excess,72,153,0.207977,0.219686,0.9467,-0.011709,0.7208,1.2157,-0.067263,0.045256,0.1591,0.6899948772616326,0.8188522715352989,1.0,False,False,deficit,False,False,False
制御,0.2032,False,excess,30,101,0.088319,0.145506,0.607,-0.057187,0.3854,0.8811,-0.099931,-0.015862,6.804,0.009095197752002654,0.02192253480403791,1.0,True,False,deficit,False,False,False
リクエスト-request,0.2026,False,excess,67,168,0.193732,0.241084,0.8036,-0.047352,0.6246,1.0245,-0.097213,0.005385,2.8953,0.08883566926490664,0.15534711011640995,1.0,False,False,deficit,False,False,False
課題,0.1958,False,excess,59,150,0.17094,0.215407,0.7936,-0.044466,0.5903,1.0263,-0.094355,0.005406,2.7785,0.09553520422214928,0.16383022801435784,1.0,False,False,deficit,False,False,False
デザイン-design,0.194,False,excess,15,45,0.045584,0.065621,0.6947,-0.020036,0.3698,1.1095,-0.047172,0.005668,1.6108,0.20438002175673656,0.3109087232505369,1.0,False,False,deficit,False,False,False
将来,0.1821,False,excess,18,56,0.054131,0.081312,0.6657,-0.027181,0.3777,1.0356,-0.055696,0.002739,2.4878,0.11472959622831075,0.1901620472918064,1.0,False,False,deficit,False,False,False
スタック-stack,0.1821,False,excess,12,29,0.037037,0.042796,0.8654,-0.005759,0.428,1.5634,-0.028563,0.019894,0.1555,0.6933706838502323,0.8211225257410627,1.0,False,False,deficit,False,False,False
事例,0.1821,False,excess,9,42,0.02849,0.061341,0.4645,-0.032851,0.2158,0.8321,-0.054245,-0.008616,5.2166,0.02237207552215332,0.04768933567000783,1.0,True,False,deficit,False,False,False
埋め込む,0.1821,False,excess,11,29,0.034188,0.042796,0.7989,-0.008608,0.3715,1.4979,-0.034261,0.015619,0.3931,0.5306742652608771,0.6689037894455967,1.0,False,False,deficit,False,False,False
適応,0.1821,False,excess,2,15,0.008547,0.022825,0.3745,-0.014278,0.1051,0.9078,-0.027112,-0.001443,2.6981,0.10046821323264757,0.17020972946054175,1.0,False,False,deficit,False,False,False
定量,0.1821,False,excess,7,13,0.022792,0.019971,1.1412,0.002821,0.4539,2.6629,-0.014274,0.021345,0.0,1.0,1.0,1.0,False,False,excess,False,False,False
アンチ-anti,0.1821,False,excess,5,16,0.017094,0.024251,0.7049,-0.007157,0.2302,1.5537,-0.024263,0.008531,0.492,0.48304428372286323,0.6209515830452685,1.0,False,False,deficit,False,False,False
正しく,0.1821,False,excess,5,19,0.017094,0.028531,0.5991,-0.011437,0.1995,1.2709,-0.027124,0.005665,1.1993,0.27346417445207055,0.3946132560216682,1.0,False,False,deficit,False,False,False
JSON,0.1763,False,excess,28,69,0.082621,0.099857,0.8274,-0.017236,0.5219,1.2482,-0.052906,0.021248,0.7511,0.3861322413309707,0.5231268659705186,1.0,False,False,deficit,False,False,False
事前,0.1757,False,excess,37,106,0.108262,0.152639,0.7093,-0.044377,0.4945,1.0083,-0.081439,0.001216,3.7654,0.052322110605204024,0.10001184365398817,1.0,False,False,deficit,False,False,False
通知,0.1756,False,excess,26,58,0.076923,0.084165,0.914,-0.007242,0.5892,1.3707,-0.040016,0.028376,0.131,0.7173798169452952,0.8442121675303125,1.0,False,False,deficit,False,False,False
機会,0.1746,False,excess,23,104,0.068376,0.149786,0.4565,-0.08141,0.2806,0.6723,-0.115623,-0.044348,14.2972,0.0001560974837212626,0.0005987885252542283,0.2628681625866062,True,False,deficit,False,False,False
互い,0.172,False,excess,22,58,0.065527,0.084165,0.7786,-0.018638,0.4738,1.1787,-0.051429,0.012768,1.0571,0.3038766860475256,0.4293022980738533,1.0,False,False,deficit,False,False,False
番,0.1694,False,excess,6,50,0.019943,0.072753,0.2741,-0.05281,0.1192,0.5099,-0.077053,-0.030014,12.5652,0.0003929892896149635,0.0013451096823406475,0.6617939637115986,True,False,deficit,False,False,False
会,0.1627,False,excess,22,51,0.065527,0.07418,0.8834,-0.008653,0.5416,1.3828,-0.03859,0.022699,0.2227,0.6370108477787897,0.7706366865369841,1.0,False,False,deficit,False,False,False
許可,0.1558,False,excess,19,50,0.05698,0.072753,0.7832,-0.015773,0.4575,1.209,-0.04571,0.012733,0.8551,0.3551119599395882,0.4875959809082694,1.0,False,False,deficit,False,False,False
作り,0.1558,False,excess,10,29,0.031339,0.042796,0.7323,-0.011457,0.3585,1.3828,-0.032839,0.012766,0.749,0.38680163154234337,0.5231919257167118,1.0,False,False,deficit,False,False,False
タイプ-type,0.1507,False,excess,30,79,0.088319,0.114123,0.7739,-0.025804,0.505,1.1217,-0.062841,0.011309,1.5675,0.21056428514921305,0.31773320447246844,1.0,False,False,deficit,False,False,False
不足,0.1463,False,excess,15,41,0.045584,0.059914,0.7608,-0.01433,0.4076,1.3152,-0.04141,0.014219,0.8512,0.35621281511343195,0.4880898133856952,1.0,False,False,deficit,False,False,False
得意,0.1463,False,excess,4,21,0.014245,0.031384,0.4539,-0.017139,0.121,1.0511,-0.034249,0.001386,2.7095,0.09975148974304371,0.16950707237869386,1.0,False,False,deficit,False,False,False
紹介,0.1427,False,excess,140,274,0.401709,0.392297,1.024,0.009413,0.8737,1.1829,-0.051868,0.067852,0.0404,0.8407465612559526,0.9413678252360532,1.0,False,False,excess,False,False,False
踏む,0.1413,False,excess,7,27,0.022792,0.039943,0.5706,-0.017151,0.2348,1.1021,-0.037098,0.002847,2.0099,0.15627184830513016,0.24710027469092882,1.0,False,False,deficit,False,False,False
merge,0.1399,False,excess,3,28,0.011396,0.041369,0.2755,-0.029973,0.0666,0.5917,-0.047084,-0.012867,6.9844,0.008222170298583398,0.020037821682799484,1.0,True,False,deficit,False,False,False
議論,0.136,False,excess,26,59,0.076923,0.085592,0.8987,-0.008669,0.5658,1.3858,-0.041447,0.028384,0.1936,0.6599249665313747,0.7932288676936723,1.0,False,False,deficit,False,False,False
悪用,0.1348,False,excess,5,16,0.017094,0.024251,0.7049,-0.007157,0.2219,1.634,-0.022837,0.009993,0.492,0.48304428372286323,0.6209515830452685,1.0,False,False,deficit,False,False,False
スイート-sweet,0.1348,False,excess,5,11,0.017094,0.017118,0.9986,-2.4e-05,0.2996,2.6629,-0.0157,0.01707,0.0,1.0,1.0,1.0,False,False,deficit,False,False,False
妥当,0.1348,False,excess,5,17,0.017094,0.025678,0.6657,-0.008584,0.2102,1.4648,-0.024263,0.008523,0.7022,0.40204108008874717,0.5399156984539598,1.0,False,False,deficit,False,False,False
メソッド-method,0.1344,False,excess,39,106,0.11396,0.152639,0.7466,-0.038679,0.5235,1.056,-0.078633,0.00695,2.8095,0.09370552477794268,0.1611849884842242,1.0,False,False,deficit,False,False,False
挿入,0.1307,False,excess,10,29,0.031339,0.042796,0.7323,-0.011457,0.3326,1.3872,-0.035688,0.012782,0.749,0.38680163154234337,0.5231919257167118,1.0,False,False,deficit,False,False,False
用途,0.1284,False,excess,19,63,0.05698,0.091298,0.6241,-0.034318,0.3744,0.9986,-0.064314,-9.8e-05,3.6526,0.05598070853083289,0.10598560429290114,1.0,False,False,deficit,False,False,False
orders,0.1258,False,excess,5,3,0.017094,0.005706,2.9957,0.011388,0.9986,11.9829,-1.2e-05,0.025633,1.9051,0.1675040765463246,0.2616668505603067,1.0,False,False,excess,False,False,False
悪い,0.1242,False,excess,29,84,0.08547,0.121255,0.7049,-0.035785,0.4644,1.0127,-0.072851,0.00128,2.9763,0.08449338984441153,0.14946099632141704,1.0,False,False,deficit,False,False,False
最大,0.1242,False,excess,23,78,0.068376,0.112696,0.6067,-0.04432,0.3759,0.8988,-0.078537,-0.010052,5.0953,0.023990498488333845,0.05062656573227343,1.0,False,False,deficit,False,False,False
大量,0.122,False,excess,27,70,0.079772,0.101284,0.7876,-0.021512,0.5056,1.1563,-0.057134,0.014107,1.1941,0.2745096343109122,0.39578272618114396,1.0,False,False,deficit,False,False,False
選択,0.1201,False,excess,68,214,0.196581,0.306705,0.6409,-0.110124,0.4971,0.8066,-0.162853,-0.055917,14.1864,0.0001655638628409865,0.0006279494257302281,0.2788095450242213,True,False,deficit,False,False,False
構造,0.1199,False,excess,59,150,0.17094,0.215407,0.7936,-0.044466,0.6015,1.0208,-0.092991,0.003999,2.7785,0.09553520422214928,0.16383022801435784,1.0,False,False,deficit,False,False,False
パッチ-patch,0.1199,False,excess,8,16,0.025641,0.024251,1.0573,0.00139,0.4278,2.2836,-0.017143,0.021341,0.0,1.0,1.0,1.0,False,False,excess,False,False,False
バリュー-value,0.1199,False,excess,1,18,0.005698,0.027104,0.2102,-0.021406,0.0768,0.5257,-0.034284,-0.008571,5.6349,0.017606762933527177,0.038707296057519276,1.0,True,False,deficit,False,False,False
コミット-commit,0.1167,False,excess,55,109,0.159544,0.156919,1.0167,0.002625,0.7599,1.3635,-0.040126,0.049712,0.0,1.0,1.0,1.0,False,False,excess,False,False,False
拡張,0.1164,False,excess,47,124,0.136752,0.178317,0.7669,-0.041565,0.562,1.0172,-0.08579,0.002631,2.837,0.09211428884348748,0.1591332728139694,1.0,False,False,deficit,False,False,False
新人,0.1126,False,excess,8,17,0.025641,0.025678,0.9986,-3.7e-05,0.3994,1.9972,-0.018565,0.019915,0.0,1.0,1.0,1.0,False,False,deficit,False,False,False
複数,0.1075,False,excess,94,264,0.270655,0.378031,0.716,-0.107376,0.5747,0.8628,-0.168692,-0.050312,11.762,0.0006045087008824084,0.0019539206377849824,1.0,True,False,deficit,False,False,False
スコープ-scope,0.1053,False,excess,12,23,0.037037,0.034237,1.0818,0.0028,0.5285,2.1303,-0.02,0.028441,0.0,1.0,1.0,1.0,False,False,excess,False,False,False
成熟,0.1033,False,excess,6,18,0.019943,0.027104,0.7358,-0.007161,0.2723,1.634,-0.024267,0.011368,0.4317,0.5111347158064397,0.6481557691400937,1.0,False,False,deficit,False,False,False
システム-system,0.1028,False,excess,112,272,0.321937,0.389444,0.8267,-0.067506,0.6851,0.9866,-0.130201,-0.004779,4.4387,0.035132156518870375,0.07009780992627691,1.0,False,False,deficit,False,False,False
解決,0.0996,False,excess,70,204,0.202279,0.292439,0.6917,-0.09016,0.5351,0.8619,-0.144312,-0.037384,9.6451,0.0018985662836300803,0.005409789545910415,1.0,True,False,deficit,False,False,False
対話,0.0977,False,excess,9,25,0.02849,0.03709,0.7681,-0.0086,0.3408,1.4716,-0.029986,0.012782,0.4597,0.49774562543597956,0.636661960377767,1.0,False,False,deficit,False,False,False
リ-ris,0.0972,False,excess,32,51,0.094017,0.07418,1.2674,0.019837,0.8364,1.946,-0.012988,0.058301,0.8651,0.35232422870716096,0.4855270058452202,1.0,False,False,excess,False,False,False
オープン-open,0.097,False,excess,23,60,0.068376,0.087019,0.7858,-0.018642,0.4911,1.1822,-0.048568,0.014178,1.0221,0.3120317766627168,0.4397167463598453,1.0,False,False,deficit,False,False,False
based,0.0912,False,excess,8,25,0.025641,0.03709,0.6913,-0.011449,0.2853,1.2983,-0.034249,0.008511,0.8799,0.3482215114505597,0.48144911763771964,1.0,False,False,deficit,False,False,False
ビルディング-building,0.0912,False,excess,5,11,0.017094,0.017118,0.9986,-2.4e-05,0.3329,2.5678,-0.014278,0.017117,0.0,1.0,1.0,1.0,False,False,deficit,False,False,False
ステージ-stage,0.0862,False,excess,12,23,0.037037,0.034237,1.0818,0.0028,0.5177,1.9972,-0.020012,0.025596,0.0,1.0,1.0,1.0,False,False,excess,False,False,False
ウェブ-web,0.0862,False,excess,4,41,0.014245,0.059914,0.2378,-0.045669,0.0815,0.4874,-0.065641,-0.025663,11.5187,0.0006890116037411115,0.002205885058365079,1.0,True,False,deficit,False,False,False
pull,0.0824,False,excess,6,37,0.019943,0.054208,0.3679,-0.034265,0.136,0.7192,-0.057086,-0.012879,6.6957,0.00966447839690881,0.022890269508290345,1.0,True,False,deficit,False,False,False
ビジネス-business,0.0808,False,excess,36,95,0.105413,0.136947,0.7697,-0.031534,0.5154,1.0912,-0.071453,0.011221,2.0158,0.1556682605347442,0.24637720934258386,1.0,False,False,deficit,False,False,False
OpenAPI,0.0808,False,excess,17,18,0.051282,0.027104,1.892,0.024178,0.9662,3.8127,-0.001463,0.05125,3.1071,0.07794958978127166,0.13994361321072651,1.0,False,False,excess,False,False,False
案,0.0808,False,excess,14,32,0.042735,0.047076,0.9078,-0.004341,0.4673,1.6107,-0.029998,0.024166,0.071,0.7898179251974916,0.9017311091746277,1.0,False,False,deficit,False,False,False
担う,0.0746,False,excess,10,30,0.031339,0.044223,0.7087,-0.012884,0.3073,1.3314,-0.037114,0.011339,0.9389,0.3325628697619033,0.4620758025404663,1.0,False,False,deficit,False,False,False
コンパイル-compile,0.0746,False,excess,8,17,0.025641,0.025678,0.9986,-3.7e-05,0.3994,2.1969,-0.018569,0.021337,0.0,1.0,1.0,1.0,False,False,deficit,False,False,False
注入,0.0746,False,excess,4,9,0.014245,0.014265,0.9986,-2e-05,0.3073,2.4964,-0.012851,0.014233,0.0,1.0,1.0,1.0,False,False,deficit,False,False,False
手続き,0.0746,False,excess,2,17,0.008547,0.025678,0.3329,-0.017131,0.0951,0.7994,-0.029965,-0.002877,3.5444,0.05974677491348119,0.11191720684572005,1.0,False,False,deficit,False,False,False
衝突,0.0746,False,excess,4,13,0.014245,0.019971,0.7133,-0.005726,0.2102,1.7974,-0.019984,0.009953,0.3662,0.5450700426440283,0.6824520087825603,1.0,False,False,deficit,False,False,False
皆,0.0715,False,excess,48,143,0.139601,0.205421,0.6796,-0.06582,0.5027,0.9047,-0.111436,-0.017366,6.6245,0.01005832553954805,0.023660783000410454,1.0,True,False,deficit,False,False,False
読み取る,0.0706,False,excess,19,52,0.05698,0.075606,0.7536,-0.018626,0.4476,1.1724,-0.048555,0.011291,1.1802,0.27732486428309533,0.3991099375621261,1.0,False,False,deficit,False,False,False
遅延,0.0706,False,excess,12,25,0.037037,0.03709,0.9986,-5.3e-05,0.5153,1.8319,-0.022849,0.022755,0.0,1.0,1.0,1.0,False,False,deficit,False,False,False
問題,0.0703,False,excess,144,316,0.413105,0.452211,0.9135,-0.039106,0.7784,1.0639,-0.103315,0.027876,1.3584,0.24380762084143748,0.35983526160997437,1.0,False,False,deficit,False,False,False
結論,0.0695,False,excess,17,65,0.051282,0.094151,0.5447,-0.042869,0.3026,0.8513,-0.072786,-0.012885,5.7559,0.016433265454254595,0.03646063112643575,1.0,True,False,deficit,False,False,False
Jest,0.0677,False,excess,7,12,0.022792,0.018545,1.229,0.004247,0.4438,2.7473,-0.012859,0.022756,0.0067,0.9347622723817319,1.0,1.0,False,False,excess,False,False,False
クライアント-client,0.0634,False,excess,34,123,0.099715,0.17689,0.5637,-0.077175,0.3716,0.7893,-0.119947,-0.034411,10.718,0.0010609545751093005,0.0032249954954585956,1.0,True,False,deficit,False,False,False
無効,0.0598,False,excess,12,30,0.037037,0.044223,0.8375,-0.007186,0.4094,1.5631,-0.029986,0.018472,0.2511,0.6162903113740984,0.7536912740406547,1.0,False,False,deficit,False,False,False
規模,0.0569,False,excess,43,116,0.125356,0.166904,0.7511,-0.041548,0.527,0.9988,-0.084276,-0.000168,3.0101,0.08274956678527366,0.14653025285636262,1.0,False,False,deficit,False,False,False
事項,0.0507,False,excess,18,54,0.054131,0.078459,0.6899,-0.024328,0.3923,1.1095,-0.052839,0.007031,2.0298,0.15423967387628054,0.24480641923436047,1.0,False,False,deficit,False,False,False
相互,0.0507,False,excess,8,37,0.025641,0.054208,0.473,-0.028567,0.2102,0.8935,-0.049953,-0.004336,4.4142,0.0356414236645243,0.070778487560211,1.0,False,False,deficit,False,False,False
好み,0.0507,False,excess,3,30,0.011396,0.044223,0.2577,-0.032827,0.0666,0.5549,-0.049937,-0.015673,7.9193,0.004890888545978686,0.012671163556043242,1.0,True,False,deficit,False,False,False
エクスポート-export,0.0507,False,excess,1,12,0.005698,0.018545,0.3073,-0.012847,0.1051,0.7989,-0.024299,-0.002865,2.8137,0.09346362187831714,0.16093327120969944,1.0,False,False,deficit,False,False,False
コンテンツ-contents,0.0472,False,excess,11,50,0.034188,0.072753,0.4699,-0.038565,0.225,0.7991,-0.065649,-0.012904,6.1112,0.013432957782946557,0.030445627061214002,1.0,True,False,deficit,False,False,False
注意,0.0443,False,excess,46,181,0.133903,0.259629,0.5157,-0.125726,0.3781,0.6736,-0.172765,-0.078691,21.5154,3.509959407970494e-06,1.8944780907122797e-05,0.005910771643022312,True,True,deficit,False,False,False
与える,0.0427,False,excess,34,100,0.099715,0.14408,0.6921,-0.044365,0.4772,0.9863,-0.084315,-0.001617,3.9789,0.04607472353964741,0.08897916793665853,1.0,False,False,deficit,False,False,False
動作,0.0417,False,excess,78,218,0.225071,0.312411,0.7204,-0.08734,0.5821,0.8866,-0.138658,-0.033208,8.6101,0.0033430831284438586,0.009109631049028248,1.0,True,False,deficit,False,False,False
起動,0.0397,False,excess,32,151,0.094017,0.216833,0.4336,-0.122816,0.2989,0.5898,-0.16273,-0.080032,24.1892,8.732098166870144e-07,5.308611304335496e-06,0.0014704853313009323,True,True,deficit,False,False,False
更新,0.0346,False,excess,87,184,0.250712,0.263909,0.95,-0.013196,0.7571,1.1708,-0.067431,0.043831,0.1797,0.6716517094993393,0.8004681378605005,1.0,False,False,deficit,False,False,False
ループ-loop,0.0316,False,excess,12,27,0.037037,0.039943,0.9272,-0.002906,0.473,1.7118,-0.027129,0.022731,0.03,0.8625834884388393,0.9581732153898452,1.0,False,False,deficit,False,False,False
限定,0.0316,False,excess,11,43,0.034188,0.062767,0.5447,-0.028579,0.2638,0.9511,-0.051447,-0.002926,3.7117,0.05403162438381942,0.10246537777291881,1.0,False,False,deficit,False,False,False
終わり,0.0312,False,excess,39,165,0.11396,0.236805,0.4812,-0.122844,0.3369,0.6536,-0.167047,-0.075786,22.2378,2.408897177959737e-06,1.3432393535378138e-05,0.0040565828476841976,True,True,deficit,False,False,False
粒度,0.0279,False,excess,10,34,0.031339,0.049929,0.6277,-0.01859,0.2663,1.0818,-0.042825,0.002835,1.8532,0.17340851474733895,0.26914280076914177,1.0,False,False,deficit,False,False,False
稼働,0.0279,False,excess,13,37,0.039886,0.054208,0.7358,-0.014322,0.3666,1.3059,-0.03998,0.012762,0.9476,0.3303245707689902,0.46048557713160554,1.0,False,False,deficit,False,False,False
vs,0.0279,False,excess,5,13,0.017094,0.019971,0.8559,-0.002877,0.2853,1.9972,-0.018557,0.014217,0.0636,0.8009090411181709,0.909461109401888,1.0,False,False,deficit,False,False,False
プロダクション-production,0.0279,False,excess,3,15,0.011396,0.022825,0.4993,-0.011429,0.1248,1.1412,-0.027112,0.002821,1.5898,0.20736144006792862,0.313898879204964,1.0,False,False,deficit,False,False,False
Custom,0.0279,False,excess,1,7,0.005698,0.011412,0.4993,-0.005714,0.1536,1.5004,-0.015696,0.00288,0.7715,0.3797524517544325,0.515136037885064,1.0,False,False,deficit,False,False,False
push,0.0257,False,excess,10,71,0.031339,0.10271,0.3051,-0.071371,0.1386,0.5239,-0.101308,-0.041455,16.3893,5.157504470709697e-05,0.0002187717261631015,0.0868523752867513,True,False,deficit,False,False,False
ログ-log,0.0185,False,excess,61,170,0.176638,0.243937,0.7241,-0.067299,0.561,0.9257,-0.114318,-0.017308,6.0002,0.014303853434201767,0.03224590252101175,1.0,True,False,deficit,False,False,False
然し,0.014,False,excess,90,190,0.259259,0.272468,0.9515,-0.013209,0.7595,1.1774,-0.068783,0.046641,0.1759,0.6748915230109516,0.8031924556540229,1.0,False,False,deficit,False,False,False
提示,0.0132,False,excess,9,29,0.02849,0.042796,0.6657,-0.014306,0.3026,1.2709,-0.035688,0.008502,1.2321,0.2670009829033261,0.38761177173206995,1.0,False,False,deficit,False,False,False
浸透,0.0132,False,excess,6,22,0.019943,0.03281,0.6078,-0.012867,0.2304,1.2616,-0.031404,0.007084,1.3255,0.24960272188577998,0.36614197182548214,1.0,False,False,deficit,False,False,False
整う,0.0132,False,excess,6,23,0.019943,0.034237,0.5825,-0.014294,0.2102,1.2158,-0.034245,0.005657,1.6002,0.20587042835022276,0.31232955075835594,1.0,False,False,deficit,False,False,False
アクセス-access,0.0123,False,excess,68,225,0.196581,0.322397,0.6097,-0.125815,0.4699,0.7576,-0.178591,-0.07164,18.1222,2.071674296232697e-05,9.385377954638652e-05,0.03488699514855862,True,True,deficit,False,False,False
決める,0.0118,False,excess,40,120,0.116809,0.172611,0.6767,-0.055801,0.4774,0.9322,-0.099975,-0.010221,5.4648,0.019403763534273866,0.04205397399191401,1.0,True,False,deficit,False,False,False
以上,0.0098,False,excess,74,229,0.213675,0.328103,0.6512,-0.114427,0.5175,0.8046,-0.167153,-0.061672,14.6599,0.0001287581406979655,0.0005042528114776137,0.21682870893537387,True,False,deficit,False,False,False
スケール-scale,0.0087,False,excess,10,41,0.031339,0.059914,0.5231,-0.028575,0.2605,0.9219,-0.051388,-0.004297,3.9183,0.04776439235070343,0.09203116329357502,1.0,False,False,deficit,False,False,False
操作,0.0074,False,excess,78,215,0.225071,0.308131,0.7304,-0.08306,0.5813,0.9032,-0.135777,-0.027478,7.8258,0.00515042331044072,0.013241699014934615,1.0,True,False,deficit,False,False,False
幸い,0.006,False,excess,25,122,0.074074,0.175464,0.4222,-0.10139,0.2778,0.6121,-0.137041,-0.061491,19.6577,9.26298385454516e-06,4.4824324169695546e-05,0.015598864811054049,True,True,deficit,False,False,False
フレームワーク-framework,0.006,False,excess,23,77,0.068376,0.11127,0.6145,-0.042894,0.3673,0.9381,-0.078524,-0.005844,4.8093,0.0283069303806922,0.058850457729735385,1.0,False,False,deficit,False,False,False
度,0.0058,False,excess,98,300,0.282051,0.429387,0.6569,-0.147335,0.5446,0.7801,-0.204348,-0.09028,21.2557,4.019036179640176e-06,2.148589500480653e-05,0.006768056926514056,True,True,deficit,False,False,False
標準,0.005,False,excess,47,114,0.136752,0.164051,0.8336,-0.027299,0.6157,1.1246,-0.070055,0.018309,1.2554,0.2625274538163352,0.38177567549802116,1.0,False,False,deficit,False,False,False
ナレッジ-knowledge,0.0048,False,excess,13,16,0.039886,0.024251,1.6447,0.015635,0.7573,3.1622,-0.007205,0.038435,1.2811,0.25769987821878326,0.3767118053460108,1.0,False,False,excess,False,False,False
URL,0.0043,False,excess,27,115,0.079772,0.165478,0.4821,-0.085706,0.3072,0.6999,-0.125629,-0.045748,14.4151,0.00014661832634707068,0.0005662964714873097,0.246905261568467,True,False,deficit,False,False,False
共,0.003,False,excess,28,97,0.082621,0.1398,0.591,-0.057179,0.3673,0.8459,-0.098512,-0.02011,7.0844,0.007775878776333979,0.019005195731997708,1.0,True,False,deficit,False,False,False
カレンダー-calendar,0.003,False,excess,2,44,0.008547,0.064194,0.1331,-0.055647,0.0392,0.2996,-0.07561,-0.037063,16.8496,4.046216868445779e-05,0.00017606793815149076,0.06813829206462692,True,False,deficit,False,False,False
連携,0.0018,False,excess,39,130,0.11396,0.186876,0.6098,-0.072916,0.4348,0.8323,-0.11566,-0.028663,8.9925,0.0027109295121461145,0.00750856134614154,1.0,True,False,deficit,False,False,False
日々,-0.0011,False,deficit,13,57,0.039886,0.082739,0.4821,-0.042853,0.2589,0.8152,-0.070004,-0.01292,6.6601,0.009859668101071688,0.02328707024152135,1.0,True,False,deficit,True,False,True
通り,-0.0035,False,deficit,53,258,0.153846,0.369472,0.4164,-0.215626,0.3175,0.5285,-0.262713,-0.165734,51.7401,6.335466095610993e-13,9.277326004355576e-12,1.0668924905008913e-09,True,True,deficit,True,True,True
貢献,-0.0046,False,deficit,15,45,0.045584,0.065621,0.6947,-0.020036,0.3631,1.1692,-0.049957,0.009868,1.6108,0.20438002175673656,0.3109087232505369,1.0,False,False,deficit,False,False,False
削減,-0.0076,False,deficit,27,65,0.079772,0.094151,0.8473,-0.014379,0.5385,1.2532,-0.048588,0.019829,0.5376,0.4634322007806926,0.6021757917551592,1.0,False,False,deficit,False,False,False
体系,-0.0086,False,deficit,11,46,0.034188,0.067047,0.5099,-0.032859,0.2541,0.8738,-0.057102,-0.007194,4.6957,0.030238199904168594,0.06240334391987734,1.0,False,False,deficit,False,False,True
プラグ-plug,-0.0149,False,deficit,9,27,0.02849,0.039943,0.7133,-0.011453,0.3195,1.3581,-0.031455,0.00998,0.809,0.3684200068364206,0.5019573555926637,1.0,False,False,deficit,False,False,False
返答,-0.0149,False,deficit,1,9,0.005698,0.014265,0.3994,-0.008567,0.1427,1.1427,-0.017127,0.00141,1.527,0.21655674026463131,0.32589950903095544,1.0,False,False,deficit,False,False,False
パッケージ-package,-0.0158,False,deficit,28,80,0.082621,0.115549,0.715,-0.032928,0.4627,1.043,-0.067145,0.004145,2.6125,0.10602716043970008,0.1778383846418874,1.0,False,False,deficit,False,False,False
限り,-0.0162,False,deficit,22,93,0.065527,0.134094,0.4887,-0.068567,0.2937,0.7337,-0.10419,-0.032877,11.0163,0.0009031253605579421,0.0028060204929512443,1.0,True,False,deficit,True,False,True
消費,-0.0186,False,deficit,10,24,0.031339,0.035663,0.8787,-0.004324,0.428,1.6498,-0.025706,0.017057,0.095,0.7579297672030606,0.8732376494219637,1.0,False,False,deficit,False,False,False
絞る,-0.0186,False,deficit,10,45,0.031339,0.065621,0.4776,-0.034282,0.2252,0.8282,-0.059935,-0.010039,5.298,0.0213503283153336,0.04591820291573664,1.0,True,False,deficit,True,False,True
確り,-0.0265,False,deficit,20,62,0.059829,0.089872,0.6657,-0.030043,0.3865,0.9986,-0.061465,-0.000106,2.7796,0.09547372225113936,0.16383022801435784,1.0,False,False,deficit,False,False,True
会議,-0.0265,False,deficit,6,22,0.019943,0.03281,0.6078,-0.012867,0.2304,1.2616,-0.029969,0.00567,1.3255,0.24960272188577998,0.36614197182548214,1.0,False,False,deficit,False,False,False
ホワイト-white,-0.0265,False,deficit,5,16,0.017094,0.024251,0.7049,-0.007157,0.2496,1.634,-0.022837,0.009953,0.492,0.48304428372286323,0.6209515830452685,1.0,False,False,deficit,False,False,False
ブランチ-branch,-0.029,False,deficit,58,96,0.168091,0.138374,1.2148,0.029717,0.9042,1.6064,-0.015875,0.073912,1.3022,0.25381376041639137,0.3719951022986972,1.0,False,False,excess,False,False,False
反映,-0.0308,False,deficit,25,82,0.074074,0.118402,0.6256,-0.044328,0.3919,0.9013,-0.081414,-0.011507,4.8402,0.027803633539080982,0.05787554867714756,1.0,False,False,deficit,False,False,True
検出,-0.032,False,deficit,37,45,0.108262,0.065621,1.6498,0.042642,1.086,2.5081,0.007006,0.079687,5.0019,0.02531942878764774,0.05309827905155517,1.0,False,False,excess,False,False,False
専用,-0.0328,False,deficit,17,57,0.051282,0.082739,0.6198,-0.031457,0.3504,0.9653,-0.061394,-0.002938,3.3601,0.06679323309618045,0.12346850113498119,1.0,False,False,deficit,False,False,True
メーン-main,-0.036,False,deficit,16,73,0.048433,0.105563,0.4588,-0.05713,0.2628,0.7155,-0.085653,-0.025779,9.5772,0.001970049813660983,0.0055945428097893685,1.0,True,False,deficit,True,False,True
OS,-0.0368,False,deficit,33,83,0.096866,0.119829,0.8084,-0.022963,0.5573,1.145,-0.05859,0.014107,1.1642,0.28060160262899664,0.4028415164767522,1.0,False,False,deficit,False,False,False
解消,-0.039,False,deficit,23,68,0.068376,0.098431,0.6947,-0.030055,0.4097,1.0397,-0.065702,0.004126,2.5282,0.11182953286133542,0.18608787879297314,1.0,False,False,deficit,False,False,False
クエリー-query,-0.0391,False,deficit,54,86,0.156695,0.124108,1.2626,0.032587,0.917,1.7118,-0.011591,0.07823,1.7318,0.1881812541507851,0.2896684021845723,1.0,False,False,excess,False,False,False
ドメイン-domain,-0.0406,False,deficit,17,66,0.051282,0.095578,0.5365,-0.044296,0.2984,0.8322,-0.074288,-0.014355,6.0849,0.013634103514316856,0.030777252437144215,1.0,True,False,deficit,True,False,True
構成,-0.0414,False,deficit,67,205,0.193732,0.293866,0.6593,-0.100134,0.5091,0.8205,-0.151503,-0.048784,11.9834,0.0005367627646988019,0.0017723695995152595,0.9039084957527823,True,False,deficit,True,False,True
報告,-0.0424,False,deficit,11,42,0.034188,0.061341,0.5573,-0.027153,0.2851,0.97,-0.05138,-0.001496,3.4004,0.06518007756365515,0.12101791688775665,1.0,False,False,deficit,False,False,True
ルート-route,-0.0437,False,deficit,8,46,0.025641,0.067047,0.3824,-0.041406,0.1566,0.699,-0.065641,-0.017128,7.9286,0.0048659718474495335,0.012626034809098637,1.0,True,False,deficit,True,False,True
無駄,-0.0443,False,deficit,16,57,0.048433,0.082739,0.5854,-0.034306,0.3385,0.9423,-0.062808,-0.00433,4.0652,0.04377654720014716,0.08512668069866955,1.0,False,False,deficit,False,False,True
分類,-0.0489,False,deficit,8,55,0.025641,0.079886,0.321,-0.054245,0.1362,0.5708,-0.077112,-0.028571,11.8731,0.000569505299835844,0.0018622270386865268,0.9590469249235613,True,False,deficit,True,False,True
フェーズ-phase,-0.0543,False,deficit,17,51,0.051282,0.07418,0.6913,-0.022898,0.3768,1.1098,-0.054241,0.007019,1.8889,0.16932931645407184,0.2637840600450111,1.0,False,False,deficit,False,False,False
集合,-0.0543,False,deficit,10,25,0.031339,0.03709,0.8449,-0.005751,0.3865,1.5533,-0.027133,0.015682,0.181,0.6704857256226119,0.7996444489720101,1.0,False,False,deficit,False,False,False
週,-0.0543,False,deficit,8,19,0.025641,0.028531,0.8987,-0.00289,0.3524,1.7625,-0.022841,0.017066,0.0428,0.8361658042291429,0.9387354762145843,1.0,False,False,deficit,False,False,False
旧,-0.0543,False,deficit,5,19,0.017094,0.028531,0.5991,-0.011437,0.2219,1.3314,-0.029961,0.007096,1.1993,0.27346417445207055,0.3946132560216682,1.0,False,False,deficit,False,False,False
カウント-count,-0.0543,False,deficit,1,20,0.005698,0.029957,0.1902,-0.024259,0.0713,0.4699,-0.038525,-0.011428,6.6144,0.010115562621327222,0.02375816939235013,1.0,True,False,deficit,True,False,True
クラス-class,-0.0573,False,deficit,20,81,0.059829,0.116976,0.5115,-0.057147,0.3039,0.7523,-0.089953,-0.025783,8.5461,0.003462710088881153,0.009408654696613452,1.0,True,False,deficit,True,False,True
サイズ-size,-0.0594,False,deficit,30,71,0.088319,0.10271,0.8599,-0.014391,0.5626,1.2397,-0.052851,0.021236,0.4943,0.4820011337370912,0.6209515830452685,1.0,False,False,deficit,False,False,False
機能,-0.0616,False,deficit,150,405,0.430199,0.579173,0.7428,-0.148973,0.6454,0.8471,-0.213162,-0.087627,20.4711,6.053750503033146e-06,3.063314177592547e-05,0.010194515847107817,True,True,deficit,True,True,True
詳細,-0.0633,False,deficit,68,207,0.196581,0.296719,0.6625,-0.100138,0.5153,0.8363,-0.150014,-0.045923,11.8986,0.0005617726481500097,0.001844103585739993,0.9460251394846163,True,False,deficit,True,False,True
Error,-0.0633,False,deficit,14,36,0.042735,0.052782,0.8097,-0.010047,0.4279,1.3529,-0.0357,0.014184,0.4436,0.5053779915905391,0.6442517318989158,1.0,False,False,deficit,False,False,False
具合,-0.0633,False,deficit,19,48,0.05698,0.0699,0.8152,-0.01292,0.4584,1.2954,-0.042861,0.017001,0.5759,0.4479125207890149,0.5869919727694172,1.0,False,False,deficit,False,False,False
トリガー-trigger,-0.0687,False,deficit,10,33,0.031339,0.048502,0.6461,-0.017163,0.312,1.2126,-0.040019,0.007072,1.6035,0.20541412630046818,0.31191829458069287,1.0,False,False,deficit,False,False,False
確認,-0.074,False,deficit,132,397,0.378917,0.56776,0.6674,-0.188843,0.5768,0.7713,-0.248701,-0.126089,32.9395,9.507031011207058e-09,7.697038568688792e-08,1.6009840222872688e-05,True,True,deficit,True,True,True
レイヤー-layer,-0.0806,False,deficit,13,46,0.039886,0.067047,0.5949,-0.027161,0.3039,0.9486,-0.055671,-0.00293,3.0731,0.07959741286909867,0.14199368990631586,1.0,False,False,deficit,False,False,True
チューニング-tuning,-0.0806,False,deficit,6,17,0.019943,0.025678,0.7767,-0.005735,0.3195,1.634,-0.022841,0.011376,0.2723,0.6018142066460896,0.7386699154460751,1.0,False,False,deficit,False,False,False
チャット-chat,-0.0826,False,deficit,12,22,0.037037,0.03281,1.1288,0.004227,0.5441,2.1303,-0.017155,0.028433,0.0038,0.9508494414494203,1.0,1.0,False,False,excess,False,False,False
心理,-0.0826,False,deficit,11,29,0.034188,0.042796,0.7989,-0.008608,0.3992,1.4383,-0.030033,0.015619,0.3931,0.5306742652608771,0.6689037894455967,1.0,False,False,deficit,False,False,False
トレーニング-training,-0.083,False,deficit,9,20,0.02849,0.029957,0.951,-0.001467,0.4161,1.8725,-0.020004,0.019911,0.0044,0.9469168009740213,1.0,1.0,False,False,deficit,False,False,False
インストール-install,-0.0845,False,deficit,35,168,0.102564,0.241084,0.4254,-0.13852,0.2915,0.5765,-0.18269,-0.091429,28.4338,9.695906919896059e-08,6.610488766439256e-07,0.00016327907253104964,True,True,deficit,True,True,True
節,-0.0848,False,deficit,3,16,0.011396,0.024251,0.4699,-0.012855,0.1248,1.0754,-0.027112,0.001398,1.9364,0.1640648946333778,0.2574886137582556,1.0,False,False,deficit,False,False,False
失う,-0.0848,False,deficit,3,25,0.011396,0.03709,0.3073,-0.025694,0.0832,0.7049,-0.042808,-0.008556,5.6186,0.017771054143439657,0.03901754260437078,1.0,True,False,deficit,True,False,True
プロトコル-protocol,-0.0885,False,deficit,10,38,0.031339,0.055635,0.5633,-0.024296,0.2496,0.9993,-0.048531,-1.4e-05,2.9718,0.08472801393800321,0.14956181915261782,1.0,False,False,deficit,False,False,True
情報,-0.0894,False,deficit,143,372,0.410256,0.532097,0.771,-0.121841,0.6606,0.8834,-0.188906,-0.060454,13.6054,0.0002255343521192238,0.0008203020496085808,0.3797998489687729,True,False,deficit,True,False,True
データ-data,-0.0903,False,deficit,115,335,0.330484,0.479315,0.6895,-0.148831,0.578,0.8149,-0.211509,-0.084694,20.8294,5.020697514094483e-06,2.6110602562289902e-05,0.008454854613735109,True,True,deficit,True,True,True
生きる,-0.0907,False,deficit,5,20,0.017094,0.029957,0.5706,-0.012863,0.1871,1.1988,-0.029973,0.004282,1.4802,0.22373636540424002,0.3358039566316758,1.0,False,False,deficit,False,False,False
保管,-0.0907,False,deficit,5,20,0.017094,0.029957,0.5706,-0.012863,0.1933,1.2491,-0.029969,0.005666,1.4802,0.22373636540424002,0.3358039566316758,1.0,False,False,deficit,False,False,False
OK,-0.0952,False,deficit,20,100,0.059829,0.14408,0.4152,-0.084251,0.2538,0.6052,-0.119898,-0.051477,16.0993,6.01064282080929e-05,0.0002499240125985888,0.10121922510242845,True,False,deficit,True,False,True
先ず,-0.0966,False,deficit,91,285,0.262108,0.407989,0.6424,-0.14588,0.5195,0.7763,-0.20573,-0.087445,21.3424,3.8413673334484795e-06,2.06014732150549e-05,0.006468862589527239,True,True,deficit,True,True,True
基盤,-0.1009,False,deficit,22,53,0.065527,0.077033,0.8506,-0.011506,0.5255,1.3181,-0.042869,0.021265,0.4038,0.5251095978041522,0.6638772993259703,1.0,False,False,deficit,False,False,False
例えば,-0.1013,False,deficit,73,296,0.210826,0.42368,0.4976,-0.212854,0.3994,0.6187,-0.267069,-0.152984,46.0722,1.139756476304965e-11,1.4323506761922099e-10,1.919349906097561e-08,True,True,deficit,True,True,True
速度,-0.1032,False,deficit,18,69,0.054131,0.099857,0.5421,-0.045726,0.3194,0.8518,-0.077082,-0.012897,6.2178,0.012647409044329738,0.02889855743643321,1.0,True,False,deficit,True,False,True
複雑,-0.1041,False,deficit,43,146,0.125356,0.2097,0.5978,-0.084344,0.4287,0.8018,-0.131367,-0.040135,11.0409,0.0008912162513297955,0.0027792743837766216,1.0,True,False,deficit,True,False,True
正しい,-0.1041,False,deficit,30,105,0.088319,0.151213,0.5841,-0.062893,0.3755,0.8354,-0.104222,-0.021501,8.0423,0.004569622406224317,0.012023818956377734,1.0,True,False,deficit,True,False,True
時間,-0.1053,False,deficit,95,302,0.273504,0.43224,0.6328,-0.158735,0.5146,0.7574,-0.218593,-0.098894,24.7275,6.603527623385565e-07,4.088360484478416e-06,0.0011120340517781291,True,True,deficit,True,True,True
誤る,-0.1079,False,deficit,8,39,0.025641,0.057061,0.4494,-0.03142,0.192,0.8266,-0.054272,-0.007189,5.148,0.023273339710131218,0.04917478553558466,1.0,True,False,deficit,True,False,True
意思,-0.1079,False,deficit,8,31,0.025641,0.045649,0.5617,-0.020008,0.2282,1.0387,-0.04139,0.001374,2.4267,0.119285906077963,0.19732560494625706,1.0,False,False,deficit,False,False,False
マイクロ-micro,-0.1084,False,deficit,17,41,0.051282,0.059914,0.8559,-0.008632,0.499,1.4268,-0.034278,0.021288,0.276,0.59931991821665,0.7366822936327289,1.0,False,False,deficit,False,False,False
合格,-0.1134,False,deficit,6,14,0.019943,0.021398,0.932,-0.001455,0.3153,1.9972,-0.018557,0.015647,0.0064,0.9363797855292915,1.0,1.0,False,False,deficit,False,False,False
記事,-0.1165,False,deficit,247,486,0.706553,0.694722,1.017,0.011831,0.9309,1.1043,-0.049458,0.07025,0.0955,0.7573470117633152,0.8732376494219637,1.0,False,False,excess,False,False,False
ID,-0.1195,False,deficit,25,104,0.074074,0.149786,0.4945,-0.075712,0.3203,0.7174,-0.111371,-0.038588,12.1795,0.0004831824055711723,0.0016112458831323846,0.8136791709818542,True,False,deficit,True,False,True
表,-0.1203,False,deficit,16,80,0.048433,0.115549,0.4192,-0.067116,0.2429,0.6657,-0.098476,-0.034275,12.395,0.0004304911113852134,0.001464539457722625,0.7249470315726994,True,False,deficit,True,False,True
結合,-0.1271,False,deficit,24,79,0.071225,0.114123,0.6241,-0.042898,0.3897,0.9382,-0.078532,-0.005832,4.684,0.03044492330941306,0.06275306101964699,1.0,False,False,deficit,False,False,True
質問,-0.1284,False,deficit,31,68,0.091168,0.098431,0.9262,-0.007263,0.5991,1.3207,-0.044332,0.028369,0.1129,0.7368445925887039,0.8593118378943057,1.0,False,False,deficit,False,False,False
Step,-0.129,False,deficit,1,12,0.005698,0.018545,0.3073,-0.012847,0.111,0.7989,-0.024255,-0.002861,2.8137,0.09346362187831714,0.16093327120969944,1.0,False,False,deficit,False,False,True
パターン-pattern,-0.13,False,deficit,36,116,0.105413,0.166904,0.6316,-0.061491,0.4204,0.87,-0.102832,-0.020103,6.9473,0.008394494588472145,0.020428220934952446,1.0,True,False,deficit,True,False,True
フロー-flow,-0.1304,False,deficit,58,100,0.168091,0.14408,1.1667,0.024011,0.8586,1.561,-0.021577,0.071042,0.7832,0.37616387136609597,0.5116800964301338,1.0,False,False,excess,False,False,False
当てる,-0.1315,False,deficit,9,40,0.02849,0.058488,0.4871,-0.029998,0.235,0.8559,-0.051427,-0.005775,4.4982,0.033930941356024424,0.06778138225806066,1.0,False,False,deficit,False,False,True
プログラミング-programming,-0.1366,False,deficit,26,86,0.076923,0.124108,0.6198,-0.047185,0.4085,0.9183,-0.082817,-0.008725,5.2784,0.02159114867485035,0.04637690608220407,1.0,True,False,deficit,True,False,True
取り組む,-0.1374,False,deficit,24,81,0.071225,0.116976,0.6089,-0.045751,0.3896,0.8937,-0.078588,-0.011483,5.25,0.02194677100324683,0.046961070355105036,1.0,True,False,deficit,True,False,True
求める,-0.1382,False,deficit,30,116,0.088319,0.166904,0.5292,-0.078585,0.3418,0.7397,-0.119931,-0.038675,11.8149,0.0005875775404939676,0.001910194166393516,0.9894805781918413,True,False,deficit,True,False,True
能力,-0.1403,False,deficit,13,46,0.039886,0.067047,0.5949,-0.027161,0.3045,1.0289,-0.054245,0.001358,3.0731,0.07959741286909867,0.14199368990631586,1.0,False,False,deficit,False,False,False
知見,-0.1403,False,deficit,6,44,0.019943,0.064194,0.3107,-0.044251,0.1152,0.577,-0.068482,-0.022865,9.7676,0.0017761174188318375,0.005120663637779635,1.0,True,False,deficit,True,False,True
提供,-0.1469,False,deficit,76,236,0.219373,0.338088,0.6489,-0.118715,0.5034,0.7939,-0.175736,-0.06597,15.5187,8.169168853582562e-05,0.0003306942391690633,0.13756880349433034,True,False,deficit,True,False,True
削除,-0.15,False,deficit,69,172,0.19943,0.24679,0.8081,-0.04736,0.6373,1.0308,-0.093015,0.006808,2.8442,0.09170410504060958,0.15887830544072687,1.0,False,False,deficit,False,False,False
毎日,-0.1513,False,deficit,6,27,0.019943,0.039943,0.4993,-0.02,0.1814,0.9986,-0.039963,-3.7e-05,2.851,0.09131908548600859,0.158374191512295,1.0,False,False,deficit,False,False,True
トラッキング-tracking,-0.1557,False,deficit,5,10,0.017094,0.015692,1.0894,0.001402,0.3329,2.6629,-0.014278,0.015659,0.0,1.0,1.0,1.0,False,False,excess,False,False,False
実際,-0.1566,False,deficit,86,320,0.247863,0.457917,0.5413,-0.210054,0.4365,0.653,-0.26992,-0.152979,43.0946,5.2156543822669504e-11,5.778396039301017e-10,8.783161979737545e-08,True,True,deficit,True,True,True
技法,-0.1594,False,deficit,3,10,0.011396,0.015692,0.7262,-0.004296,0.1816,1.9972,-0.017127,0.008531,0.2434,0.6217625173702859,0.7579485105454102,1.0,False,False,deficit,False,False,False
強み,-0.1594,False,deficit,6,27,0.019943,0.039943,0.4993,-0.02,0.1761,0.9986,-0.041382,-4.9e-05,2.851,0.09131908548600859,0.158374191512295,1.0,False,False,deficit,False,False,True
パス-pass,-0.1627,False,deficit,25,89,0.074074,0.128388,0.577,-0.054314,0.3649,0.8559,-0.089949,-0.015826,6.919,0.008528631990122326,0.02066505938326043,1.0,True,False,deficit,True,False,True
競合,-0.1627,False,deficit,15,34,0.045584,0.049929,0.913,-0.004345,0.5096,1.5692,-0.029998,0.022731,0.0669,0.7959089321548858,0.9074547337500526,1.0,False,False,deficit,False,False,False
新しい,-0.1634,False,deficit,47,209,0.136752,0.299572,0.4565,-0.16282,0.3255,0.5846,-0.21127,-0.114362,33.2729,8.00913214983743e-09,6.64402883759913e-08,1.3487378540326233e-05,True,True,deficit,True,True,True
並行,-0.1656,False,deficit,11,45,0.034188,0.065621,0.521,-0.031433,0.2348,0.8878,-0.057098,-0.005775,4.3598,0.036797656182818814,0.07281698356271078,1.0,False,False,deficit,False,False,True
実用,-0.1656,False,deficit,6,28,0.019943,0.041369,0.4821,-0.021426,0.1762,0.9587,-0.041378,-0.001463,3.1954,0.07384654961513969,0.13517129299119046,1.0,False,False,deficit,False,False,True
サイン-sign,-0.1656,False,deficit,1,17,0.005698,0.025678,0.2219,-0.01998,0.0832,0.5548,-0.032818,-0.008567,5.1508,0.02323567345313273,0.049156877003863717,1.0,True,False,deficit,True,False,True
バックグラウンド-background,-0.1725,False,deficit,5,28,0.017094,0.041369,0.4132,-0.024275,0.1479,0.8739,-0.041429,-0.004269,4.2588,0.03904635629767415,0.07663643823459589,1.0,False,False,deficit,False,False,True
採用,-0.1771,False,deficit,53,158,0.153846,0.226819,0.6783,-0.072973,0.5056,0.8877,-0.121455,-0.023104,7.5631,0.005957669358114813,0.014996584751966135,1.0,True,False,deficit,True,False,True
トークン-token,-0.1848,False,deficit,29,52,0.08547,0.075606,1.1305,0.009864,0.7564,1.725,-0.018702,0.044072,0.1354,0.7128479925210001,0.8400531976244675,1.0,False,False,excess,False,False,False
習得,-0.1848,False,deficit,5,15,0.017094,0.022825,0.7489,-0.005731,0.2496,1.7313,-0.021406,0.011372,0.3122,0.576335380355518,0.714689823651467,1.0,False,False,deficit,False,False,False
天子,-0.1848,False,deficit,3,10,0.011396,0.015692,0.7262,-0.004296,0.1816,1.9972,-0.017131,0.008531,0.2434,0.6217625173702859,0.7579485105454102,1.0,False,False,deficit,False,False,False
コスト-cost,-0.1897,False,deficit,34,149,0.099715,0.21398,0.466,-0.114265,0.3329,0.6434,-0.157021,-0.070091,20.9133,4.805367535978178e-06,2.5209467073480535e-05,0.008092238930587251,True,True,deficit,True,True,True
手段,-0.1906,False,deficit,16,69,0.048433,0.099857,0.485,-0.051424,0.2698,0.7868,-0.08421,-0.018638,8.0662,0.004509823478306361,0.011917672566573287,1.0,True,False,deficit,True,False,True
コンポーネント-component,-0.1912,False,deficit,22,70,0.065527,0.101284,0.647,-0.035757,0.3897,0.9827,-0.068543,-0.001536,3.5755,0.058637400296461986,0.11020689966433257,1.0,False,False,deficit,False,False,True
hotfix,-0.1927,False,deficit,12,13,0.037037,0.019971,1.8545,0.017066,0.8733,4.2162,-0.00289,0.038439,1.849,0.17389690619460824,0.269156608485037,1.0,False,False,excess,False,False,False
Azure,-0.1975,False,deficit,8,35,0.025641,0.051355,0.4993,-0.025714,0.2124,0.9272,-0.048518,-0.002918,3.7131,0.053986806248278445,0.10246537777291881,1.0,False,False,deficit,False,False,True
ニーズ-needs,-0.1986,False,deficit,10,34,0.031339,0.049929,0.6277,-0.01859,0.2973,1.1415,-0.04139,0.005641,1.8532,0.17340851474733895,0.26914280076914177,1.0,False,False,deficit,False,False,False
生ずる,-0.2008,False,deficit,11,51,0.034188,0.07418,0.4609,-0.039992,0.214,0.7636,-0.068502,-0.01433,6.4815,0.010900247085257438,0.025353613386151278,1.0,True,False,deficit,True,False,True
作成,-0.2014,False,deficit,174,444,0.498575,0.634807,0.7854,-0.136232,0.6979,0.8953,-0.196164,-0.064999,17.5611,2.7822793013893863e-05,0.0001229752846073419,0.046853583435397264,True,True,deficit,True,True,True
アジャイル,-0.2024,False,deficit,12,24,0.037037,0.035663,1.0385,0.001374,0.5154,1.9972,-0.020004,0.025593,0.0,1.0,1.0,1.0,False,False,excess,False,False,False
ケース-case,-0.2033,False,deficit,51,191,0.148148,0.273894,0.5409,-0.125746,0.4047,0.699,-0.1742,-0.075886,20.5565,5.789756710762752e-06,2.963510729764278e-05,0.009749950300924475,True,True,deficit,True,True,True
ソース-sauce,-0.2035,False,deficit,36,182,0.105413,0.261056,0.4038,-0.155643,0.2837,0.5513,-0.199833,-0.11003,34.0752,5.30215859028244e-09,4.509512659613954e-08,8.92883506603563e-06,True,True,deficit,True,True,True
勧める,-0.2055,False,deficit,35,132,0.102564,0.189729,0.5406,-0.087165,0.3703,0.7511,-0.128498,-0.040117,13.0315,0.0003063026316659175,0.001086707775133853,0.5158136317254051,True,False,deficit,True,False,True
取得,-0.2103,False,deficit,63,220,0.182336,0.315264,0.5784,-0.132928,0.4384,0.7316,-0.185673,-0.081597,20.6948,5.386242974650869e-06,2.773832773489928e-05,0.009070433169312064,True,True,deficit,True,True,True
メリット-merit,-0.2119,False,deficit,43,152,0.125356,0.21826,0.5743,-0.092904,0.4076,0.7609,-0.1385,-0.048689,13.1002,0.00029526387030609215,0.0010534414355836,0.4972243575954592,True,False,deficit,True,False,True
ネットワーク-network,-0.2119,False,deficit,15,99,0.045584,0.142653,0.3195,-0.097069,0.1756,0.4948,-0.131294,-0.064287,22.4174,2.1937217912586667e-06,1.2438476419123214e-05,0.003694227496479595,True,True,deficit,True,True,True
製品,-0.2119,False,deficit,19,77,0.05698,0.11127,0.5121,-0.05429,0.2984,0.799,-0.087072,-0.020093,8.0612,0.004522204732803047,0.011917672566573287,1.0,True,False,deficit,True,False,True
develop,-0.2119,False,deficit,14,33,0.042735,0.048502,0.8811,-0.005767,0.4644,1.5365,-0.032843,0.022719,0.1364,0.7118603980852478,0.8394768279940877,1.0,False,False,deficit,False,False,False
クローン-clone,-0.2119,False,deficit,2,18,0.008547,0.027104,0.3153,-0.018557,0.0908,0.7681,-0.032818,-0.0043,3.9821,0.04598621022911643,0.08891019291140305,1.0,False,False,deficit,False,False,True
one,-0.2119,False,deficit,1,16,0.005698,0.024251,0.235,-0.018553,0.0868,0.5706,-0.029965,-0.007149,4.6712,0.03067217685295651,0.06284648846603262,1.0,False,False,deficit,False,False,True
全て,-0.2177,False,deficit,93,329,0.267806,0.470756,0.5689,-0.20295,0.4609,0.681,-0.264185,-0.144495,39.6643,3.01584183190756e-10,3.059444364417067e-09,5.078677644932331e-07,True,True,deficit,True,True,True
作業,-0.2198,False,deficit,66,212,0.190883,0.303852,0.6282,-0.112968,0.4862,0.7874,-0.168538,-0.058809,15.0743,0.00010336217994880403,0.00040955743772655526,0.174061911033786,True,False,deficit,True,False,True
マルチ-multi,-0.2201,False,deficit,15,43,0.045584,0.062767,0.7262,-0.017183,0.3916,1.189,-0.042841,0.011311,1.2067,0.27197783042243273,0.3938182858395329,1.0,False,False,deficit,False,False,False
項目,-0.2216,False,deficit,48,123,0.139601,0.17689,0.7892,-0.037289,0.5682,1.0754,-0.080091,0.012575,2.2712,0.13179812783077946,0.2150659372742564,1.0,False,False,deficit,False,False,False
見付かる,-0.2219,False,deficit,13,55,0.039886,0.079886,0.4993,-0.04,0.2589,0.8137,-0.067076,-0.012916,5.9457,0.01475308243933522,0.0330374878029794,1.0,True,False,deficit,True,False,True
CPU,-0.2227,False,deficit,2,35,0.008547,0.051355,0.1664,-0.042808,0.0512,0.37,-0.059918,-0.025694,12.1897,0.0004805472644772058,0.0016072146643499644,0.8092415933796147,True,False,deficit,True,False,True
意味,-0.2229,False,deficit,41,200,0.119658,0.286733,0.4173,-0.167075,0.3065,0.5542,-0.211328,-0.120032,36.5465,1.4906868364465404e-09,1.379294853063722e-08,2.510316632575974e-06,True,True,deficit,True,True,True
詳しい,-0.2253,False,deficit,27,125,0.079772,0.179743,0.4438,-0.099971,0.2918,0.6186,-0.138499,-0.064324,18.5784,1.6305520622220103e-05,7.691455666055645e-05,0.02745849672781865,True,True,deficit,True,True,True
構文,-0.2291,False,deficit,10,27,0.031339,0.039943,0.7846,-0.008604,0.3398,1.4525,-0.031408,0.014201,0.4237,0.5150892859420275,0.6521882387416349,1.0,False,False,deficit,False,False,False
見積もり,-0.2303,False,deficit,7,18,0.022792,0.027104,0.8409,-0.004312,0.3473,1.7118,-0.021422,0.014208,0.128,0.7204637707483963,0.8460676359416314,1.0,False,False,deficit,False,False,False
上,-0.2325,False,deficit,45,254,0.131054,0.363766,0.3603,-0.232712,0.2663,0.469,-0.285437,-0.184234,61.7383,3.922686351147446e-15,8.055858311380852e-14,6.605803815332299e-12,True,True,deficit,True,True,True
扱う,-0.2329,False,deficit,42,151,0.122507,0.216833,0.565,-0.094326,0.3994,0.7576,-0.141444,-0.048693,13.6177,0.0002240629767063295,0.000820265332116215,0.37732205277345887,True,False,deficit,True,False,True
手動,-0.2332,False,deficit,20,67,0.059829,0.097004,0.6168,-0.037175,0.3653,0.9442,-0.068562,-0.004413,4.0747,0.04353036143144,0.0847458134688381,1.0,False,False,deficit,False,False,True
深い,-0.2332,False,deficit,16,75,0.048433,0.108417,0.4467,-0.059983,0.2441,0.7262,-0.092773,-0.025771,10.3609,0.0012871574021309866,0.003838163238553184,1.0,True,False,deficit,True,False,True
場面,-0.2351,False,deficit,8,52,0.025641,0.075606,0.3391,-0.049965,0.1565,0.5917,-0.072825,-0.02573,10.5199,0.0011809674628763284,0.0035450074999710105,1.0,True,False,deficit,True,False,True
取る,-0.2353,False,deficit,60,232,0.173789,0.332382,0.5229,-0.158593,0.3945,0.648,-0.214239,-0.110124,28.9622,7.380386957518108e-08,5.22208892288256e-07,0.00012428571636460494,True,True,deficit,True,True,True
ボリューム-volume,-0.2401,False,deficit,5,21,0.017094,0.031384,0.5447,-0.01429,0.2139,1.1418,-0.0314,0.002864,1.7796,0.18219300969020005,0.281345739676855,1.0,False,False,deficit,False,False,False
リンク-link,-0.2411,False,deficit,26,108,0.076923,0.155492,0.4947,-0.078569,0.3133,0.7262,-0.114263,-0.038654,12.7043,0.0003648083310743813,0.001264068373516992,0.6143372295292581,True,False,deficit,True,False,True
フィルター-filter,-0.2435,False,deficit,5,22,0.017094,0.03281,0.521,-0.015716,0.1902,1.1234,-0.034249,0.002816,2.0956,0.14772831932899685,0.23588544703771158,1.0,False,False,deficit,False,False,False
前,-0.2548,False,deficit,64,315,0.185185,0.450785,0.4108,-0.265599,0.3115,0.5083,-0.322597,-0.20714,71.0371,3.5056512292990063e-17,9.370661381173852e-16,5.903516670139527e-14,True,True,deficit,True,True,True
順序,-0.257,False,deficit,11,38,0.034188,0.055635,0.6145,-0.021447,0.2786,1.0288,-0.047147,0.001357,2.2504,0.1335774401932724,0.21754778460877244,1.0,False,False,deficit,False,False,False
RDB,-0.2575,False,deficit,13,32,0.039886,0.047076,0.8473,-0.00719,0.4437,1.5433,-0.031412,0.019882,0.2351,0.627786333657421,0.7620490210736235,1.0,False,False,deficit,False,False,False
ページ-page,-0.2585,False,deficit,35,155,0.102564,0.222539,0.4609,-0.119975,0.3094,0.6361,-0.168445,-0.074371,22.4017,2.2118275533263826e-06,1.2469860165205424e-05,0.0037247175998016283,True,True,deficit,True,True,True
向かう,-0.2612,False,deficit,5,24,0.017094,0.035663,0.4793,-0.018569,0.1598,0.9986,-0.03568,-4.1e-05,2.7705,0.0960171464497629,0.16415520266132055,1.0,False,False,deficit,False,False,True
主流,-0.2612,False,deficit,5,24,0.017094,0.035663,0.4793,-0.018569,0.176,0.9986,-0.035676,-4e-05,2.7705,0.0960171464497629,0.16415520266132055,1.0,False,False,deficit,False,False,True
担当,-0.2619,False,deficit,24,103,0.071225,0.148359,0.4801,-0.077134,0.3059,0.6929,-0.114192,-0.040065,12.8192,0.0003430775605528483,0.0012061432400229573,0.5777426119709965,True,False,deficit,True,False,True
ブログ-blog,-0.2626,False,deficit,16,70,0.048433,0.101284,0.4782,-0.052851,0.2736,0.7453,-0.082776,-0.022871,8.4366,0.003677349666840975,0.009908250942336324,1.0,True,False,deficit,True,False,True
繰り返す,-0.2669,False,deficit,19,87,0.05698,0.125535,0.4539,-0.068555,0.2678,0.6741,-0.102771,-0.034354,11.8377,0.0005804234184752301,0.001894250071147844,0.9774330367122875,True,False,deficit,True,False,True
fetch,-0.2682,False,deficit,2,20,0.008547,0.029957,0.2853,-0.02141,0.0832,0.7489,-0.035671,-0.005726,4.8807,0.027159063063018594,0.0567442459033788,1.0,False,False,deficit,False,False,True
直ぐ,-0.2701,False,deficit,22,104,0.065527,0.149786,0.4375,-0.084259,0.2613,0.6503,-0.118488,-0.047206,15.4322,8.551753456030829e-05,0.0003428845909513314,0.14401152819955917,True,False,deficit,True,False,True
過程,-0.2726,False,deficit,5,34,0.017094,0.049929,0.3424,-0.032835,0.121,0.7325,-0.051411,-0.011457,6.7408,0.009423470712467234,0.022414017909314722,1.0,True,False,deficit,True,False,True
セットアップ-set-up,-0.2758,False,deficit,10,49,0.031339,0.071327,0.4394,-0.039988,0.2102,0.7767,-0.065692,-0.014322,6.7905,0.009164642705753944,0.02201606036589107,1.0,True,False,deficit,True,False,True
マシン-machine,-0.2763,False,deficit,23,59,0.068376,0.085592,0.7989,-0.017216,0.4916,1.2205,-0.048564,0.01698,0.8747,0.3496537395728082,0.4826368011808271,1.0,False,False,deficit,False,False,False
直接,-0.2766,False,deficit,36,152,0.105413,0.21826,0.483,-0.112847,0.3387,0.6609,-0.15702,-0.067234,19.9634,7.894069195160106e-06,3.853221021637571e-05,0.013293612524649619,True,True,deficit,True,True,True
並列,-0.2768,False,deficit,11,38,0.034188,0.055635,0.6145,-0.021447,0.2996,1.0952,-0.045729,0.004211,2.2504,0.1335774401932724,0.21754778460877244,1.0,False,False,deficit,False,False,False
踏まえる,-0.2768,False,deficit,11,63,0.034188,0.091298,0.3745,-0.05711,0.1884,0.6406,-0.084198,-0.027177,11.3415,0.0007579252315768322,0.0023856936261222156,1.0,True,False,deficit,True,False,True
サポート-support,-0.2784,False,deficit,21,141,0.062678,0.202568,0.3094,-0.13989,0.1872,0.4609,-0.179859,-0.099979,34.6929,3.860377353918376e-09,3.3242793878463275e-08,6.500875463998545e-06,True,True,deficit,True,True,True
仕組み,-0.2787,False,deficit,36,148,0.105413,0.212553,0.4959,-0.10714,0.3501,0.6849,-0.148486,-0.060113,18.2867,1.9002593865679325e-05,8.791309909286809e-05,0.03200036806980398,True,True,deficit,True,True,True
else,-0.2787,False,deficit,5,12,0.017094,0.018545,0.9218,-0.001451,0.2992,2.1974,-0.017131,0.015643,0.0075,0.9311071132138562,1.0,1.0,False,False,deficit,False,False,False
変化,-0.2828,False,deficit,16,92,0.048433,0.132668,0.3651,-0.084235,0.2015,0.5678,-0.11561,-0.051382,17.6602,2.6409088387410964e-05,0.00011703396011684227,0.044472904844400064,True,True,deficit,True,True,True
CRUD,-0.2836,False,deficit,3,17,0.011396,0.025678,0.4438,-0.014282,0.111,1.0651,-0.028539,0.001394,2.3001,0.1293689447711734,0.21192344649285602,1.0,False,False,deficit,False,False,False
向ける,-0.2887,False,deficit,16,85,0.048433,0.122682,0.3948,-0.074249,0.235,0.6188,-0.105664,-0.042854,14.5273,0.00013813996913089466,0.0005397394617550501,0.2326277080164266,True,False,deficit,True,False,True
ダウンロード-download,-0.2892,False,deficit,18,75,0.054131,0.108417,0.4993,-0.054285,0.2894,0.7526,-0.088506,-0.021512,8.2952,0.0039749964268150076,0.010591604403095685,1.0,True,False,deficit,True,False,True
自社,-0.2907,False,deficit,10,43,0.031339,0.062767,0.4993,-0.031428,0.233,0.8738,-0.055707,-0.005795,4.5927,0.03210896727490853,0.06522497091790828,1.0,False,False,deficit,False,False,True
有用,-0.2907,False,deficit,6,26,0.019943,0.038516,0.5178,-0.018573,0.1997,1.0461,-0.038576,0.001382,2.5181,0.11254255696630917,0.18690499598744048,1.0,False,False,deficit,False,False,False
ボトル-bottle,-0.2907,False,deficit,6,21,0.019943,0.031384,0.6355,-0.011441,0.2395,1.299,-0.029961,0.007088,1.0692,0.30113540925668053,0.42578675834445845,1.0,False,False,deficit,False,False,False
js,-0.2949,False,deficit,26,70,0.076923,0.101284,0.7595,-0.024361,0.4651,1.1318,-0.060004,0.012677,1.5607,0.2115689859526561,0.3189634488310411,1.0,False,False,deficit,False,False,False
形成,-0.2958,False,deficit,7,24,0.022792,0.035663,0.6391,-0.012871,0.2698,1.2709,-0.031447,0.008498,1.2008,0.2731670347829095,0.3946132560216682,1.0,False,False,deficit,False,False,False
疑問,-0.2958,False,deficit,6,36,0.019943,0.052782,0.3778,-0.032839,0.1461,0.6865,-0.052798,-0.014302,6.2779,0.012225276403436984,0.028012542155387954,1.0,True,False,deficit,True,False,True
確率,-0.2958,False,deficit,7,21,0.022792,0.031384,0.7262,-0.008592,0.2605,1.4528,-0.027124,0.009941,0.555,0.45629079593362565,0.5933542087661974,1.0,False,False,deficit,False,False,False
docs,-0.2958,False,deficit,7,12,0.022792,0.018545,1.229,0.004247,0.4438,2.998,-0.012859,0.024194,0.0067,0.9347622723817319,1.0,1.0,False,False,excess,False,False,False
マネージャー-manager,-0.2964,False,deficit,16,58,0.048433,0.084165,0.5755,-0.035732,0.3267,0.9349,-0.062872,-0.004369,4.3632,0.03672221845269631,0.07275319514628305,1.0,False,False,deficit,False,False,True
図,-0.3,False,deficit,17,122,0.051282,0.175464,0.2923,-0.124182,0.165,0.4419,-0.162653,-0.089949,31.0212,2.5522777926222714e-08,1.910238134567069e-07,4.298035802775905e-05,True,True,deficit,True,True,True
アップデート-update,-0.301,False,deficit,14,61,0.042735,0.088445,0.4832,-0.04571,0.2663,0.799,-0.077065,-0.015726,7.1238,0.007606535141112855,0.018692159893180654,1.0,True,False,deficit,True,False,True
関連,-0.3024,False,deficit,46,191,0.133903,0.273894,0.4889,-0.139991,0.3513,0.633,-0.19129,-0.095766,25.9018,3.5923737045832055e-07,2.291498984287166e-06,0.0006049557318518118,True,True,deficit,True,True,True
プラットホーム-platform,-0.303,False,deficit,30,81,0.088319,0.116976,0.755,-0.028657,0.4871,1.0999,-0.065718,0.009831,1.9153,0.16637417748349417,0.26086975314916594,1.0,False,False,deficit,False,False,False
出力,-0.3031,False,deficit,36,134,0.105413,0.192582,0.5474,-0.087169,0.3771,0.7445,-0.129921,-0.044339,12.8451,0.0003383589417834958,0.0011920427990866254,0.5697964579634069,True,False,deficit,True,False,True
記述,-0.3047,False,deficit,40,164,0.116809,0.235378,0.4963,-0.118569,0.3503,0.6657,-0.162771,-0.070151,20.7046,5.358734703825234e-06,2.7681316690925442e-05,0.009024109241241694,True,True,deficit,True,True,True
What,-0.3047,False,deficit,3,17,0.011396,0.025678,0.4438,-0.014282,0.1248,1.0754,-0.028535,0.001398,2.3001,0.1293689447711734,0.21192344649285602,1.0,False,False,deficit,False,False,False
Update,-0.3047,False,deficit,3,14,0.011396,0.021398,0.5326,-0.010002,0.1331,1.3314,-0.024255,0.005674,1.2631,0.26106564534168686,0.3806359712167971,1.0,False,False,deficit,False,False,False
検索,-0.3064,False,deficit,37,110,0.108262,0.158345,0.6837,-0.050083,0.4671,0.9305,-0.092843,-0.010156,4.7075,0.03003089980788622,0.06205157702635631,1.0,False,False,deficit,False,False,True
面,-0.3071,False,deficit,10,70,0.031339,0.101284,0.3094,-0.069945,0.1447,0.5224,-0.098451,-0.041434,15.9141,6.628439388312824e-05,0.000272916673103149,0.11162291929918795,True,False,deficit,True,False,True
満足,-0.308,False,deficit,6,25,0.019943,0.03709,0.5377,-0.017147,0.2139,1.0463,-0.035676,0.001382,2.198,0.1381938247526436,0.2233381966251937,1.0,False,False,deficit,False,False,False
無くす,-0.308,False,deficit,3,33,0.011396,0.048502,0.235,-0.037106,0.057,0.5137,-0.055643,-0.018569,9.3519,0.0022275611078671586,0.00627293128034832,1.0,True,False,deficit,True,False,True
中心,-0.3104,False,deficit,13,62,0.039886,0.089872,0.4438,-0.049986,0.2428,0.736,-0.078512,-0.020041,8.5454,0.0034639940094420073,0.009408654696613452,1.0,True,False,deficit,True,False,True
VM,-0.3104,False,deficit,8,20,0.025641,0.029957,0.8559,-0.004316,0.3841,1.7123,-0.022849,0.015635,0.1147,0.7348944916758657,0.8576315481511836,1.0,False,False,deficit,False,False,False
投げる,-0.3104,False,deficit,5,30,0.017094,0.044223,0.3865,-0.027129,0.1331,0.785,-0.047088,-0.007177,5.0579,0.024514182539788293,0.051537931831465024,1.0,False,False,deficit,False,False,True
良く,-0.3107,False,deficit,43,214,0.125356,0.306705,0.4087,-0.181349,0.2999,0.5507,-0.225531,-0.130054,41.2225,1.3585159270663632e-10,1.420957031788668e-09,2.2877408211797556e-07,True,True,deficit,True,True,True
ハッシュ-hash,-0.3111,False,deficit,14,37,0.042735,0.054208,0.7883,-0.011473,0.4097,1.3826,-0.035704,0.015611,0.5796,0.44645984008952855,0.585543902422715,1.0,False,False,deficit,False,False,False
整数,-0.3122,False,deficit,6,22,0.019943,0.03281,0.6078,-0.012867,0.2139,1.2366,-0.031392,0.005665,1.3255,0.24960272188577998,0.36614197182548214,1.0,False,False,deficit,False,False,False
パラメーター-parameter,-0.3136,False,deficit,22,72,0.065527,0.104137,0.6292,-0.03861,0.3889,0.9495,-0.07138,-0.004397,4.1027,0.04281585461743602,0.08345127219416927,1.0,False,False,deficit,False,False,True
下げる,-0.3136,False,deficit,9,46,0.02849,0.067047,0.4249,-0.038557,0.1964,0.761,-0.062804,-0.012856,6.737,0.009443433796760744,0.02242982018863906,1.0,True,False,deficit,True,False,True
アーキテクチャー-architecture,-0.3145,False,deficit,31,98,0.091168,0.141227,0.6455,-0.050059,0.4303,0.9182,-0.088555,-0.011575,5.2595,0.02182672764983563,0.04676362514290484,1.0,True,False,deficit,True,False,True
整理,-0.3184,False,deficit,28,107,0.082621,0.154066,0.5363,-0.071445,0.3513,0.7879,-0.107071,-0.030068,10.4139,0.0012506799984334004,0.003747589176800438,1.0,True,False,deficit,True,False,True
組織,-0.3187,False,deficit,16,114,0.048433,0.164051,0.2952,-0.115618,0.1677,0.4462,-0.151274,-0.078549,28.4459,9.635292974309909e-08,6.602287568075206e-07,0.00016225833368737887,True,True,deficit,True,True,True
つく,-0.3195,True,deficit,182,472,0.521368,0.67475,0.7727,-0.153383,0.6909,0.8666,-0.211818,-0.086334,22.9925,1.6263737602127913e-06,9.542903875255543e-06,0.0027388134121983407,True,True,deficit,True,True,True
モジュール-module,-0.3208,False,deficit,22,60,0.065527,0.087019,0.753,-0.021491,0.4498,1.1474,-0.052855,0.011282,1.3906,0.23830170687586086,0.35414472615883774,1.0,False,False,deficit,False,False,False
フィールド-field,-0.3245,False,deficit,16,45,0.048433,0.065621,0.7381,-0.017187,0.3994,1.1983,-0.04569,0.011311,1.1509,0.2833656676432149,0.40646318936215836,1.0,False,False,deficit,False,False,False
備える,-0.3245,False,deficit,6,38,0.019943,0.055635,0.3585,-0.035692,0.1427,0.6657,-0.057074,-0.014298,7.1194,0.007625602046683557,0.018692159893180654,1.0,True,False,deficit,True,False,True
カバー-cover,-0.3245,False,deficit,6,37,0.019943,0.054208,0.3679,-0.034265,0.1426,0.7491,-0.055655,-0.011457,6.6957,0.00966447839690881,0.022890269508290345,1.0,True,False,deficit,True,False,True
トラフィック-traffic,-0.3245,False,deficit,4,17,0.014245,0.025678,0.5548,-0.011433,0.1814,1.229,-0.027156,0.004247,1.3666,0.24239379597509197,0.3583767800018041,1.0,False,False,deficit,False,False,False
法,-0.3313,False,deficit,10,49,0.031339,0.071327,0.4394,-0.039988,0.2179,0.7745,-0.062847,-0.014338,6.7905,0.009164642705753944,0.02201606036589107,1.0,True,False,deficit,True,False,True
方針,-0.3319,False,deficit,12,55,0.037037,0.079886,0.4636,-0.042849,0.2329,0.7795,-0.069925,-0.014351,6.9371,0.008442809866233405,0.020486587629304113,1.0,True,False,deficit,True,False,True
参考,-0.3344,False,deficit,91,370,0.262108,0.529244,0.4953,-0.267136,0.4085,0.5969,-0.32701,-0.205855,67.2513,2.3901180324171043e-16,5.6689560092822585e-15,4.0249587665904036e-13,True,True,deficit,True,True,True
スクリプト-script,-0.3347,False,deficit,37,83,0.108262,0.119829,0.9035,-0.011567,0.6181,1.3063,-0.051474,0.03403,0.2646,0.6069658533685012,0.7439086587136506,1.0,False,False,deficit,False,False,False
但し,-0.3385,False,deficit,25,114,0.074074,0.164051,0.4515,-0.089977,0.2829,0.6406,-0.127082,-0.055744,16.1952,5.713888819335167e-05,0.00024055471929401056,0.09622188771760422,True,False,deficit,True,False,True
macOS,-0.3402,False,deficit,10,39,0.031339,0.057061,0.5492,-0.025722,0.2662,0.9986,-0.049957,-6.9e-05,3.278,0.07021564104971319,0.12894562652968047,1.0,False,False,deficit,False,False,True
負担,-0.3402,False,deficit,6,30,0.019943,0.044223,0.451,-0.02428,0.1816,0.9078,-0.044231,-0.002894,3.9155,0.04784290809119298,0.09207709397207882,1.0,False,False,deficit,False,False,True
商品,-0.3423,False,deficit,14,33,0.042735,0.048502,0.8811,-0.005767,0.4494,1.4979,-0.03142,0.019886,0.1364,0.7118603980852478,0.8394768279940877,1.0,False,False,deficit,False,False,False
Kubernetes,-0.3423,False,deficit,27,23,0.079772,0.034237,2.33,0.045535,1.2953,4.1054,0.012769,0.078313,9.1376,0.002504059356661687,0.006981516484467353,1.0,True,False,excess,False,False,False
ホスト-host,-0.3433,False,deficit,18,70,0.054131,0.101284,0.5344,-0.047153,0.2929,0.8137,-0.078524,-0.015781,6.5504,0.010486017309062892,0.024559740123034645,1.0,True,False,deficit,True,False,True
一定,-0.3433,False,deficit,9,48,0.02849,0.0699,0.4076,-0.04141,0.1736,0.7133,-0.065645,-0.017171,7.534,0.006054573941809266,0.015195085719831303,1.0,True,False,deficit,True,False,True
学び,-0.3433,False,deficit,5,28,0.017094,0.041369,0.4132,-0.024275,0.1426,0.7989,-0.044235,-0.007165,4.2588,0.03904635629767415,0.07663643823459589,1.0,False,False,deficit,False,False,True
gitlab,-0.351,False,deficit,2,15,0.008547,0.022825,0.3745,-0.014278,0.0997,0.9413,-0.028535,-0.001403,2.6981,0.10046821323264757,0.17020972946054175,1.0,False,False,deficit,False,False,True
保存,-0.3537,False,deficit,36,148,0.105413,0.212553,0.4959,-0.10714,0.3484,0.68,-0.148536,-0.062979,18.2867,1.9002593865679325e-05,8.791309909286809e-05,0.03200036806980398,True,True,deficit,True,True,True
アウト-out,-0.3552,False,deficit,15,57,0.045584,0.082739,0.5509,-0.037155,0.3119,0.9078,-0.064247,-0.007218,4.8481,0.027677185891483023,0.057683639902546296,1.0,False,False,deficit,False,False,True
沿う,-0.3552,False,deficit,9,54,0.02849,0.078459,0.3631,-0.049969,0.1721,0.6311,-0.074212,-0.024261,10.0494,0.001523982228326868,0.004447809484406318,1.0,True,False,deficit,True,False,True
スナップ-snap,-0.361,False,deficit,5,12,0.017094,0.018545,0.9218,-0.001451,0.3329,2.2477,-0.015712,0.014233,0.0075,0.9311071132138562,1.0,1.0,False,False,deficit,False,False,False
ビジョン-vision,-0.3635,False,deficit,4,20,0.014245,0.029957,0.4755,-0.015712,0.1427,1.0754,-0.031396,0.001398,2.3506,0.12523455059571995,0.20575120312506576,1.0,False,False,deficit,False,False,False
列,-0.3662,False,deficit,28,126,0.082621,0.18117,0.456,-0.098549,0.2987,0.6657,-0.138463,-0.055797,17.853,2.386401136600341e-05,0.0001063148019585972,0.04018699514034974,True,True,deficit,True,True,True
通信,-0.3696,False,deficit,34,111,0.099715,0.159772,0.6241,-0.060057,0.4322,0.8752,-0.097185,-0.017301,6.8903,0.008666411933710597,0.020968732322368743,1.0,True,False,deficit,True,False,True
行,-0.3712,False,deficit,38,103,0.111111,0.148359,0.7489,-0.037248,0.5135,1.0399,-0.078577,0.005535,2.6635,0.10267301095410629,0.17324784613899297,1.0,False,False,deficit,False,False,False
纏める,-0.3714,False,deficit,59,273,0.17094,0.39087,0.4373,-0.21993,0.3289,0.5577,-0.272691,-0.16434,51.8936,5.859202570934774e-13,8.655172920573823e-12,9.866897129454158e-10,True,True,deficit,True,True,True
障害,-0.373,False,deficit,21,62,0.062678,0.089872,0.6974,-0.027194,0.4256,1.0937,-0.058565,0.007007,2.2387,0.1345930664438073,0.21899007139262947,1.0,False,False,deficit,False,False,False
箇所,-0.3755,False,deficit,23,122,0.068376,0.175464,0.3897,-0.107088,0.2496,0.568,-0.144134,-0.068595,22.2052,2.4500554892132074e-06,1.3616810045660201e-05,0.004125893443835041,True,True,deficit,True,True,True
特徴,-0.3763,False,deficit,34,115,0.099715,0.165478,0.6026,-0.065763,0.4126,0.84,-0.105686,-0.024426,8.096,0.004436280958292936,0.011764877376008355,1.0,True,False,deficit,True,False,True
コマンド-command,-0.3778,True,deficit,40,235,0.116809,0.336662,0.347,-0.219853,0.2496,0.4531,-0.266896,-0.17281,58.0419,2.5659301726697424e-14,4.454666402861697e-13,4.321026410775846e-11,True,True,deficit,True,True,True
狙う,-0.3778,False,deficit,5,26,0.017094,0.038516,0.4438,-0.021422,0.1596,0.9511,-0.041378,-0.001463,3.4943,0.06158066377830772,0.1148414593606536,1.0,False,False,deficit,False,False,True
初期,-0.3784,False,deficit,25,106,0.074074,0.152639,0.4853,-0.078565,0.2941,0.7025,-0.118459,-0.038638,12.9529,0.00031943399042778426,0.0011300984031100603,0.5379268398803887,True,False,deficit,True,False,True
持つ,-0.3788,True,deficit,68,334,0.196581,0.477889,0.4114,-0.281308,0.3252,0.5077,-0.332622,-0.225662,77.8186,1.1295212777805068e-18,3.396631842468524e-17,1.9021138317823734e-15,True,True,deficit,True,True,True
既存,-0.3791,False,deficit,20,114,0.059829,0.164051,0.3647,-0.104222,0.2181,0.5337,-0.139865,-0.069947,22.482,2.1212145032091565e-06,1.2191553663495629e-05,0.0035721252234042194,True,True,deficit,True,True,True
平均,-0.3791,False,deficit,11,34,0.034188,0.049929,0.6847,-0.015741,0.3493,1.2396,-0.038549,0.009909,1.2799,0.257926788339638,0.3767118053460108,1.0,False,False,deficit,False,False,False
プログラム-program,-0.3819,False,deficit,21,131,0.062678,0.188302,0.3329,-0.125624,0.1997,0.4827,-0.162686,-0.088563,29.448,5.743792452447845e-08,4.1159772297541154e-07,9.67254648992217e-05,True,True,deficit,True,True,True
投資,-0.3833,False,deficit,6,25,0.019943,0.03709,0.5377,-0.017147,0.2101,1.0822,-0.035672,0.0028,2.198,0.1381938247526436,0.2233381966251937,1.0,False,False,deficit,False,False,False
場合,-0.3843,True,deficit,151,505,0.433048,0.721826,0.5999,-0.288778,0.5192,0.6792,-0.354329,-0.227509,82.4725,1.0714869522440134e-19,3.4699692838056126e-18,1.8043840275789184e-16,True,True,deficit,True,True,True
インスタンス-instance,-0.3847,False,deficit,18,52,0.054131,0.075606,0.716,-0.021475,0.4062,1.1565,-0.052835,0.009845,1.6091,0.20462453295381428,0.3109997414207791,1.0,False,False,deficit,False,False,False
顧客,-0.3853,False,deficit,12,63,0.037037,0.091298,0.4057,-0.054261,0.2048,0.6542,-0.08419,-0.025759,10.0962,0.00148579100429884,0.004359010542228652,1.0,True,False,deficit,True,False,True
フォロー-follow,-0.3871,False,deficit,6,31,0.019943,0.045649,0.4369,-0.025706,0.1576,0.8559,-0.0471,-0.005699,4.2897,0.03834452988405372,0.075611461738579,1.0,False,False,deficit,False,False,True
背景,-0.3899,False,deficit,14,77,0.042735,0.11127,0.3841,-0.068535,0.1997,0.6019,-0.101325,-0.039977,13.5733,0.0002294215705903168,0.0008326420794700291,0.38634592487409347,True,False,deficit,True,False,True
リアル-real,-0.3899,False,deficit,13,42,0.039886,0.061341,0.6502,-0.021455,0.3329,1.1337,-0.045741,0.007043,2.017,0.15554445697532818,0.24637720934258386,1.0,False,False,deficit,False,False,False
公式,-0.391,False,deficit,23,129,0.068376,0.185449,0.3687,-0.117073,0.2263,0.5448,-0.156992,-0.077138,25.5479,4.315435128517345e-07,2.7423368892163054e-06,0.0007267192756423209,True,True,deficit,True,True,True
UI,-0.391,False,deficit,13,67,0.039886,0.097004,0.4112,-0.057118,0.2022,0.6848,-0.084249,-0.027173,10.5558,0.0011582312770548706,0.003501726158995336,1.0,True,False,deficit,True,False,True
伴う,-0.3938,False,deficit,9,57,0.02849,0.082739,0.3443,-0.054249,0.1611,0.5918,-0.081341,-0.027169,11.368,0.0007472161879291105,0.0023608106200236813,1.0,True,False,deficit,True,False,True
冒頭,-0.3938,False,deficit,5,34,0.017094,0.049929,0.3424,-0.032835,0.1246,0.6866,-0.052794,-0.011457,6.7408,0.009423470712467234,0.022414017909314722,1.0,True,False,deficit,True,False,True
行動,-0.3952,False,deficit,6,38,0.019943,0.055635,0.3585,-0.035692,0.1393,0.6833,-0.057086,-0.014314,7.1194,0.007625602046683557,0.018692159893180654,1.0,True,False,deficit,True,False,True
又,-0.3953,True,deficit,110,428,0.316239,0.611983,0.5167,-0.295744,0.4359,0.6035,-0.355675,-0.234412,81.2732,1.9657769103330875e-19,6.2459779566055086e-18,3.3103683170009197e-16,True,True,deficit,True,True,True
ノウハウ,-0.3964,False,deficit,6,24,0.019943,0.035663,0.5592,-0.01572,0.2219,1.0989,-0.032878,0.002809,1.8915,0.169027863270161,0.2635582608768066,1.0,False,False,deficit,False,False,False
JavaScript,-0.3974,False,deficit,12,37,0.037037,0.054208,0.6832,-0.017171,0.3398,1.1749,-0.041398,0.008474,1.4155,0.2341374508386224,0.3503516072008468,1.0,False,False,deficit,False,False,False
回す,-0.3996,False,deficit,8,37,0.025641,0.054208,0.473,-0.028567,0.2048,0.8739,-0.05138,-0.005712,4.4142,0.0356414236645243,0.070778487560211,1.0,False,False,deficit,False,False,True
ポート-port,-0.4001,False,deficit,10,46,0.031339,0.067047,0.4674,-0.035708,0.2219,0.841,-0.059982,-0.008624,5.6613,0.017343148572641028,0.03827766998208059,1.0,True,False,deficit,True,False,True
E,-0.4035,False,deficit,20,66,0.059829,0.095578,0.626,-0.035749,0.3672,0.9653,-0.068539,-0.002963,3.8012,0.05121713240704754,0.09812246982192044,1.0,False,False,deficit,False,False,True
見付ける,-0.4054,False,deficit,18,104,0.054131,0.149786,0.3614,-0.095655,0.2092,0.5488,-0.131345,-0.058589,20.5067,5.942433795801691e-06,3.0324419733727416e-05,0.010007058512130048,True,True,deficit,True,True,True
feature,-0.406,False,deficit,17,33,0.051282,0.048502,1.0573,0.00278,0.5937,1.7752,-0.0243,0.02986,0.0,1.0,1.0,1.0,False,False,excess,False,False,False
リスト-list,-0.4061,False,deficit,16,93,0.048433,0.134094,0.3612,-0.085661,0.1939,0.5447,-0.118459,-0.05431,18.1208,2.0732545125448803e-05,9.385377954638652e-05,0.034913605991255786,True,True,deficit,True,True,True
サイト-site,-0.409,False,deficit,44,173,0.128205,0.248217,0.5165,-0.120012,0.3744,0.6744,-0.16564,-0.072914,20.2501,6.794933613335671e-06,3.375418349515419e-05,0.011442668204857271,True,True,deficit,True,True,True
Linux,-0.409,False,deficit,21,61,0.062678,0.088445,0.7087,-0.025767,0.4341,1.1021,-0.057182,0.007066,2.0256,0.15467138532264924,0.24526046410860766,1.0,False,False,deficit,False,False,False
テーマ-theme,-0.409,False,deficit,7,43,0.022792,0.062767,0.3631,-0.039975,0.1377,0.6809,-0.06278,-0.015753,7.9406,0.004833713699682899,0.0126005787465418,1.0,True,False,deficit,True,False,True
container,-0.409,False,deficit,2,14,0.008547,0.021398,0.3994,-0.012851,0.111,0.9986,-0.025682,-1.6e-05,2.2927,0.1299794756724789,0.21230401264059598,1.0,False,False,deficit,False,False,True
次元,-0.409,False,deficit,5,24,0.017094,0.035663,0.4793,-0.018569,0.1536,0.9986,-0.038525,-4.1e-05,2.7705,0.0960171464497629,0.16415520266132055,1.0,False,False,deficit,False,False,True
同時,-0.4123,False,deficit,18,105,0.054131,0.151213,0.358,-0.097081,0.2121,0.5487,-0.131302,-0.061447,20.9789,4.6437787212689166e-06,2.451449331227854e-05,0.007820123366616855,True,True,deficit,True,True,True
因る,-0.4126,True,deficit,110,419,0.316239,0.599144,0.5278,-0.282905,0.4396,0.6126,-0.342726,-0.225849,74.3019,6.7037861185183796e-18,1.8815293039308254e-16,1.1289175823584952e-14,True,True,deficit,True,True,True
番号,-0.4126,False,deficit,26,76,0.076923,0.109843,0.7003,-0.03292,0.4408,1.0396,-0.069982,0.004125,2.7486,0.09733797298637023,0.1660761362806965,1.0,False,False,deficit,False,False,False
体験,-0.4135,False,deficit,16,75,0.048433,0.108417,0.4467,-0.059983,0.2496,0.7154,-0.092809,-0.027201,10.3609,0.0012871574021309866,0.003838163238553184,1.0,True,False,deficit,True,False,True
タイトル-title,-0.4138,False,deficit,11,65,0.034188,0.094151,0.3631,-0.059963,0.1844,0.6029,-0.085641,-0.031457,12.2147,0.0004741433245520806,0.0015937272625662748,0.7984573585457037,True,False,deficit,True,False,True
アップロード-upload,-0.415,False,deficit,6,42,0.019943,0.061341,0.3251,-0.041398,0.1248,0.6462,-0.061365,-0.017167,8.8663,0.0029049096763113054,0.007993248194294507,1.0,True,False,deficit,True,False,True
及び,-0.4163,False,deficit,21,126,0.062678,0.18117,0.346,-0.118492,0.2118,0.5038,-0.155569,-0.08002,26.9192,2.1214117006923867e-07,1.3954911343617106e-06,0.0003572457303965979,True,True,deficit,True,True,True
負荷,-0.4163,False,deficit,18,62,0.054131,0.089872,0.6023,-0.035741,0.3328,0.963,-0.064286,-0.002959,4.061,0.04388529116085802,0.08522528768877251,1.0,False,False,deficit,False,False,True
格納,-0.4163,False,deficit,18,77,0.054131,0.11127,0.4865,-0.057139,0.2816,0.7418,-0.091351,-0.025783,9.0287,0.002657695086311338,0.0073732430401125095,1.0,True,False,deficit,True,False,True
部分,-0.4166,True,deficit,62,267,0.179487,0.382311,0.4695,-0.202824,0.3658,0.5874,-0.255541,-0.148624,44.314,2.7970772238990035e-11,3.3406227269829233e-10,4.710278045045922e-08,True,True,deficit,True,True,True
応答,-0.4171,False,deficit,6,40,0.019943,0.058488,0.341,-0.038545,0.1302,0.6462,-0.059935,-0.015741,7.9829,0.004722180500355517,0.012367265882735132,1.0,True,False,deficit,True,False,True
組み合わせ,-0.4175,False,deficit,16,53,0.048433,0.077033,0.6287,-0.0286,0.363,0.9986,-0.057098,-8.9e-05,2.9492,0.08591784127686138,0.15143975617030525,1.0,False,False,deficit,False,False,True
素早い,-0.418,False,deficit,8,34,0.025641,0.049929,0.5136,-0.024288,0.2124,0.9256,-0.047092,-0.002902,3.3761,0.06614776340524461,0.12267933213043164,1.0,False,False,deficit,False,False,True
側,-0.4185,False,deficit,42,199,0.122507,0.285307,0.4294,-0.1628,0.3109,0.5821,-0.206969,-0.112884,34.6885,3.869113776828267e-09,3.3242793878463275e-08,6.515587600178802e-06,True,True,deficit,True,True,True
Access,-0.4193,False,deficit,4,15,0.014245,0.022825,0.6241,-0.00858,0.1997,1.398,-0.022837,0.007096,0.8107,0.3679066247747994,0.5018078175436471,1.0,False,False,deficit,False,False,False
ネック-neck,-0.421,False,deficit,6,25,0.019943,0.03709,0.5377,-0.017147,0.1997,1.0651,-0.035684,0.001394,2.198,0.1381938247526436,0.2233381966251937,1.0,False,False,deficit,False,False,False
両方,-0.4221,False,deficit,10,75,0.031339,0.108417,0.2891,-0.077078,0.1409,0.4993,-0.104174,-0.047132,18.3198,1.8675643410089753e-05,8.687785497953354e-05,0.031449783502591144,True,True,deficit,True,True,True
推進,-0.4234,False,deficit,8,41,0.025641,0.059914,0.428,-0.034273,0.1948,0.7731,-0.057086,-0.011426,5.9111,0.01504617343239951,0.03364907843314844,1.0,True,False,deficit,True,False,True
増加,-0.4234,False,deficit,10,48,0.031339,0.0699,0.4483,-0.038561,0.208,0.7833,-0.062788,-0.014322,6.4078,0.011361780508853263,0.026318072045266705,1.0,True,False,deficit,True,False,True
止める,-0.4234,False,deficit,10,56,0.031339,0.081312,0.3854,-0.049973,0.1722,0.6391,-0.075651,-0.024312,9.6218,0.0019227623447024623,0.0054694793724306525,1.0,True,False,deficit,True,False,True
字,-0.4234,False,deficit,10,12,0.031339,0.018545,1.6899,0.012794,0.7352,3.773,-0.005735,0.034211,0.9808,0.3220070813542859,0.4503819975088185,1.0,False,False,excess,False,False,False
関する,-0.4238,True,deficit,26,249,0.076923,0.356633,0.2157,-0.27971,0.1438,0.2968,-0.322486,-0.236887,94.1496,2.92557315108074e-22,1.2316662966049917e-20,4.926665186419967e-19,True,True,deficit,True,True,True
使う,-0.4241,True,deficit,129,551,0.37037,0.787447,0.4703,-0.417076,0.4059,0.5406,-0.474077,-0.357175,177.307,1.8769129200830762e-40,3.9509016967748757e-38,3.1607213574199006e-37,True,True,deficit,True,True,True
無し,-0.428,False,deficit,11,79,0.034188,0.114123,0.2996,-0.079935,0.1498,0.5067,-0.108453,-0.048559,18.7168,1.5164082073112857e-05,7.173121969416307e-05,0.02553631421112205,True,True,deficit,True,True,True
ジョブ-job,-0.4319,False,deficit,19,32,0.05698,0.047076,1.2104,0.009904,0.6332,2.0934,-0.020041,0.039829,0.2087,0.6478161379455543,0.7825842010762649,1.0,False,False,excess,False,False,False
release,-0.4326,False,deficit,12,21,0.037037,0.031384,1.1801,0.005653,0.5326,2.2321,-0.018569,0.02988,0.0352,0.8511832397032766,0.9512188713717121,1.0,False,False,excess,False,False,False
ハードウェア-hardware,-0.4326,False,deficit,5,32,0.017094,0.047076,0.3631,-0.029982,0.1175,0.7323,-0.049949,-0.010022,5.8865,0.01525754692263301,0.03407653715877187,1.0,True,False,deficit,True,False,True
大きい,-0.4354,False,deficit,45,213,0.131054,0.305278,0.4293,-0.174224,0.3181,0.5748,-0.22128,-0.120084,37.9286,7.338105820983225e-10,7.142988556379047e-09,1.235737020253575e-06,True,True,deficit,True,True,True
エッジ-edge,-0.4354,False,deficit,5,13,0.017094,0.019971,0.8559,-0.002877,0.2663,1.9972,-0.018553,0.014229,0.0636,0.8009090411181709,0.909461109401888,1.0,False,False,deficit,False,False,False
伝える,-0.4365,False,deficit,21,87,0.062678,0.125535,0.4993,-0.062857,0.2943,0.7456,-0.095643,-0.028661,9.7648,0.0017788528670434002,0.005120663637779635,1.0,True,False,deficit,True,False,True
生成,-0.438,True,deficit,46,183,0.133903,0.262482,0.5101,-0.128579,0.3726,0.682,-0.177037,-0.077229,22.368,2.2509594065623325e-06,1.263538546883656e-05,0.003790615640650968,True,True,deficit,True,True,True
I,-0.4396,False,deficit,3,58,0.011396,0.084165,0.1354,-0.072769,0.0399,0.2855,-0.095633,-0.051336,22.193,2.4657166297180748e-06,1.3658772383043546e-05,0.004152266804445238,True,True,deficit,True,True,True
チャンネル-channel,-0.4401,False,deficit,6,28,0.019943,0.041369,0.4821,-0.021426,0.1737,0.9155,-0.041382,-0.00289,3.1954,0.07384654961513969,0.13517129299119046,1.0,False,False,deficit,False,False,True
ライブラリー-library,-0.4413,False,deficit,32,141,0.094017,0.202568,0.4641,-0.108551,0.3112,0.6457,-0.14988,-0.065787,19.7246,8.944404299383036e-06,4.340742605233727e-05,0.015062376840161032,True,True,deficit,True,True,True
インポート-import,-0.4437,False,deficit,1,33,0.005698,0.048502,0.1175,-0.042804,0.0487,0.2699,-0.058492,-0.027112,13.2261,0.00027608255010942934,0.0009913070669174393,0.464923014384279,True,False,deficit,True,False,True
main,-0.4462,False,deficit,19,70,0.05698,0.101284,0.5626,-0.044304,0.3177,0.8801,-0.078516,-0.011467,5.7101,0.016867341804663732,0.03737447841980753,1.0,True,False,deficit,True,False,True
始まる,-0.4467,False,deficit,10,59,0.031339,0.085592,0.3661,-0.054253,0.1752,0.6063,-0.078492,-0.028592,10.907,0.0009580359158119103,0.0029440373763271114,1.0,True,False,deficit,True,False,True
存在,-0.447,True,deficit,41,230,0.119658,0.329529,0.3631,-0.209871,0.2646,0.4827,-0.25978,-0.161369,53.3738,2.757556186784351e-13,4.22156783504077e-12,4.643724618544847e-10,True,True,deficit,True,True,True
共通,-0.4496,False,deficit,16,102,0.048433,0.146933,0.3296,-0.0985,0.191,0.5154,-0.13129,-0.064292,22.3997,2.214066620781723e-06,1.2469860165205424e-05,0.0037284881893964216,True,True,deficit,True,True,True
アドバイス-advice,-0.4502,False,deficit,5,17,0.017094,0.025678,0.6657,-0.008584,0.235,1.4979,-0.024263,0.008523,0.7022,0.40204108008874717,0.5399156984539598,1.0,False,False,deficit,False,False,False
物理,-0.4525,False,deficit,6,50,0.019943,0.072753,0.2741,-0.05281,0.0951,0.5122,-0.077049,-0.028588,12.5652,0.0003929892896149635,0.0013451096823406475,0.6617939637115986,True,False,deficit,True,False,True
マップ-map,-0.4565,False,deficit,6,35,0.019943,0.051355,0.3883,-0.031412,0.1425,0.7264,-0.054212,-0.011453,5.8663,0.015433820046915205,0.034379038305562444,1.0,True,False,deficit,True,False,True
配布,-0.4582,False,deficit,8,22,0.025641,0.03281,0.7815,-0.007169,0.3443,1.4979,-0.027124,0.012782,0.3474,0.5555735703752668,0.6950861014204676,1.0,False,False,deficit,False,False,False
同期,-0.4596,False,deficit,10,59,0.031339,0.085592,0.3661,-0.054253,0.1752,0.6214,-0.081333,-0.027185,10.907,0.0009580359158119103,0.0029440373763271114,1.0,True,False,deficit,True,False,True
学ぶ,-0.4606,False,deficit,25,123,0.074074,0.17689,0.4188,-0.102816,0.2663,0.6057,-0.141296,-0.062897,20.105,7.330645946411988e-06,3.599069321795273e-05,0.012344807773757788,True,True,deficit,True,True,True
流れ,-0.461,False,deficit,18,121,0.054131,0.174037,0.311,-0.119906,0.1909,0.4623,-0.155545,-0.082841,28.9067,7.594828148403792e-08,5.30692556095933e-07,0.00012789690601911985,True,True,deficit,True,True,True
対する,-0.4613,True,deficit,78,334,0.225071,0.477889,0.471,-0.252818,0.3793,0.5859,-0.305538,-0.188716,62.2201,3.0713424839831653e-15,6.385358942009445e-14,5.17214074302765e-12,True,True,deficit,True,True,True
セクション-section,-0.4627,False,deficit,3,21,0.011396,0.031384,0.3631,-0.019988,0.0832,0.7993,-0.035676,-0.004308,3.8857,0.04869922471759267,0.09361814432012108,1.0,False,False,deficit,False,False,True
分野,-0.4647,False,deficit,8,47,0.025641,0.068474,0.3745,-0.042833,0.161,0.6969,-0.065641,-0.017163,8.3487,0.0038596865024671627,0.010317003285959844,1.0,True,False,deficit,True,False,True
何故,-0.4672,False,deficit,31,168,0.091168,0.241084,0.3782,-0.149916,0.2628,0.5205,-0.191249,-0.105725,33.8539,5.9408591065562946e-09,4.977316783801393e-08,1.00044067354408e-05,True,True,deficit,True,True,True
現場,-0.4707,False,deficit,14,61,0.042735,0.088445,0.4832,-0.04571,0.2764,0.7846,-0.071419,-0.017208,7.1238,0.007606535141112855,0.018692159893180654,1.0,True,False,deficit,True,False,True
クラウド-crowd,-0.4746,False,deficit,19,97,0.05698,0.1398,0.4076,-0.08282,0.2349,0.6033,-0.118459,-0.048608,16.021,6.264316088368356e-05,0.00025983025351754464,0.10549108292812312,True,False,deficit,True,False,True
遅い,-0.4746,False,deficit,11,53,0.034188,0.077033,0.4438,-0.042845,0.214,0.7794,-0.069933,-0.01433,7.2401,0.0071291763431320055,0.017759664144725292,1.0,True,False,deficit,True,False,True
差,-0.4746,False,deficit,7,41,0.022792,0.059914,0.3804,-0.037122,0.1536,0.7087,-0.059935,-0.015693,7.0979,0.007717373655067667,0.018889618074322604,1.0,True,False,deficit,True,False,True
文脈,-0.4746,False,deficit,4,29,0.014245,0.042796,0.3329,-0.028551,0.111,0.6947,-0.047088,-0.010018,5.9483,0.01473139809685691,0.03303285538629432,1.0,True,False,deficit,True,False,True
バック-back,-0.4769,False,deficit,21,103,0.062678,0.148359,0.4225,-0.085681,0.2538,0.6297,-0.121368,-0.04862,16.1868,5.7393142998062106e-05,0.00024102257558288428,0.09665005280873659,True,False,deficit,True,False,True
駆動,-0.481,False,deficit,8,36,0.025641,0.052782,0.4858,-0.027141,0.2048,0.8655,-0.04857,-0.005751,4.0593,0.04392847370181386,0.08522528768877251,1.0,False,False,deficit,False,False,True
対応,-0.4814,True,deficit,72,287,0.207977,0.410842,0.5062,-0.202864,0.4053,0.6285,-0.257032,-0.143011,42.374,7.538471439647765e-11,8.085850894501169e-10,1.2694785904366836e-07,True,True,deficit,True,True,True
固定,-0.4828,False,deficit,6,40,0.019943,0.058488,0.341,-0.038545,0.1331,0.6183,-0.059939,-0.018542,7.9829,0.004722180500355517,0.012367265882735132,1.0,True,False,deficit,True,False,True
其々,-0.4846,True,deficit,32,219,0.094017,0.313837,0.2996,-0.21982,0.2041,0.4032,-0.265441,-0.172753,61.6816,4.037374938356207e-15,8.191493248423918e-14,6.798939396191852e-12,True,True,deficit,True,True,True
便利,-0.485,False,deficit,21,134,0.062678,0.192582,0.3255,-0.129904,0.2052,0.4622,-0.165598,-0.09283,30.9957,2.5859806115681873e-08,1.9268988273808972e-07,4.3547913498808276e-05,True,True,deficit,True,True,True
被害,-0.486,False,deficit,5,17,0.017094,0.025678,0.6657,-0.008584,0.2219,1.4979,-0.025694,0.008519,0.7022,0.40204108008874717,0.5399156984539598,1.0,False,False,deficit,False,False,False
オフ-off,-0.486,False,deficit,5,33,0.017094,0.048502,0.3524,-0.031408,0.1175,0.6913,-0.049945,-0.011445,6.3106,0.012001677939995079,0.0276481883049955,1.0,True,False,deficit,True,False,True
最終,-0.487,False,deficit,19,136,0.05698,0.195435,0.2916,-0.138455,0.173,0.4267,-0.175513,-0.102804,35.2419,2.911921200644074e-09,2.5808817378340108e-08,4.90367530188462e-06,True,True,deficit,True,True,True
users,-0.4926,False,deficit,7,21,0.022792,0.031384,0.7262,-0.008592,0.2575,1.4426,-0.028551,0.011348,0.555,0.45629079593362565,0.5933542087661974,1.0,False,False,deficit,False,False,False
判断,-0.4934,False,deficit,16,108,0.048433,0.155492,0.3115,-0.107059,0.1762,0.4739,-0.139896,-0.072843,25.3769,4.7152215993861105e-07,2.9851252531451916e-06,0.000794043317336621,True,True,deficit,True,True,True
create,-0.4934,False,deficit,1,32,0.005698,0.047076,0.121,-0.041378,0.0476,0.2856,-0.058536,-0.024267,12.7062,0.00036445411956874515,0.001264068373516992,0.6137407373537669,True,False,deficit,True,False,True
ショット-shot,-0.4934,False,deficit,6,22,0.019943,0.03281,0.6078,-0.012867,0.2395,1.2621,-0.031412,0.00708,1.3255,0.24960272188577998,0.36614197182548214,1.0,False,False,deficit,False,False,False
増やす,-0.495,False,deficit,10,60,0.031339,0.087019,0.3601,-0.05568,0.1769,0.6064,-0.081349,-0.027161,11.3438,0.0007570230615259813,0.0023856936261222156,1.0,True,False,deficit,True,False,True
返却,-0.497,False,deficit,4,24,0.014245,0.035663,0.3994,-0.021418,0.1174,0.8685,-0.038529,-0.002894,3.8573,0.04952919673831847,0.0949967736985516,1.0,False,False,deficit,False,False,True
概要,-0.4975,False,deficit,15,128,0.045584,0.184023,0.2477,-0.138439,0.1416,0.3804,-0.174066,-0.104163,37.6939,8.276468978011142e-10,7.986551856364565e-09,1.3937573758970765e-06,True,True,deficit,True,True,True
要約,-0.4985,False,deficit,7,30,0.022792,0.044223,0.5154,-0.021431,0.1948,1.0331,-0.042816,0.001366,2.945,0.08614411877377588,0.15143975617030525,1.0,False,False,deficit,False,False,False
カテゴリー-category,-0.4999,False,deficit,9,34,0.02849,0.049929,0.5706,-0.021439,0.2496,1.0388,-0.04429,0.001409,2.5492,0.11035279486916569,0.18417651789858772,1.0,False,False,deficit,False,False,False
支援,-0.5023,False,deficit,12,51,0.037037,0.07418,0.4993,-0.037143,0.241,0.8559,-0.064218,-0.010019,5.4901,0.0191242130926695,0.04171654773064176,1.0,True,False,deficit,True,False,True
ゴール-goal,-0.5023,False,deficit,7,31,0.022792,0.045649,0.4993,-0.022857,0.2101,0.9618,-0.042812,-0.001467,3.2799,0.07013385149243943,0.1289360326564061,1.0,False,False,deficit,False,False,True
方式,-0.5023,False,deficit,8,46,0.025641,0.067047,0.3824,-0.041406,0.1636,0.6992,-0.065641,-0.017175,7.9286,0.0048659718474495335,0.012626034809098637,1.0,True,False,deficit,True,False,True
円-助数詞,-0.5023,False,deficit,1,31,0.005698,0.045649,0.1248,-0.039951,0.0499,0.3027,-0.055643,-0.022837,12.1878,0.0004810191156961889,0.0016072146643499644,0.8100361908323821,True,False,deficit,True,False,True
追加,-0.5081,True,deficit,66,304,0.190883,0.435093,0.4387,-0.24421,0.3429,0.5447,-0.301247,-0.188561,60.6593,6.7858538347801016e-15,1.3287648671825222e-13,1.1427377857769691e-11,True,True,deficit,True,True,True
個人,-0.5105,True,deficit,33,221,0.096866,0.31669,0.3059,-0.219824,0.2102,0.4126,-0.265496,-0.174224,61.1828,5.2014217831388804e-15,1.0427612241435564e-13,8.759194282805874e-12,True,True,deficit,True,True,True
NULL,-0.5117,False,deficit,14,14,0.042735,0.021398,1.9972,0.021337,0.9986,3.9943,-4.5e-05,0.044141,2.8666,0.09043451163188397,0.1574888496257421,1.0,False,False,excess,False,False,False
Model,-0.5125,False,deficit,2,14,0.008547,0.021398,0.3994,-0.012851,0.111,0.9986,-0.025725,-2e-05,2.2927,0.1299794756724789,0.21230401264059598,1.0,False,False,deficit,False,False,True
CLI,-0.5133,False,deficit,3,44,0.011396,0.064194,0.1775,-0.052798,0.0499,0.3883,-0.071339,-0.032839,14.837,0.00011721288357802733,0.0004633485820314508,0.19738649594539803,True,False,deficit,True,False,True
層,-0.5139,False,deficit,10,43,0.031339,0.062767,0.4993,-0.031428,0.2219,0.8656,-0.055664,-0.007197,4.5927,0.03210896727490853,0.06522497091790828,1.0,False,False,deficit,False,False,True
進む,-0.5142,False,deficit,14,100,0.042735,0.14408,0.2966,-0.101345,0.1664,0.4712,-0.135553,-0.067132,24.4544,7.608992913926027e-07,4.659470569836884e-06,0.001281354406705143,True,True,deficit,True,True,True
後,-0.5143,True,deficit,41,320,0.119658,0.457917,0.2613,-0.338259,0.1872,0.3435,-0.388147,-0.288304,118.0579,1.6839707566279557e-27,1.0127881264862419e-25,2.8358067541614774e-24,True,True,deficit,True,True,True
完成,-0.5164,False,deficit,8,57,0.025641,0.082739,0.3099,-0.057098,0.1402,0.5592,-0.082759,-0.031432,12.7939,0.00034774616494070163,0.001217473059792394,0.5856045417601415,True,False,deficit,True,False,True
可,-0.5175,False,deficit,4,24,0.014245,0.035663,0.3994,-0.021418,0.1328,0.8409,-0.039955,-0.004312,3.8573,0.04952919673831847,0.0949967736985516,1.0,False,False,deficit,False,False,True
要因,-0.5192,False,deficit,6,40,0.019943,0.058488,0.341,-0.038545,0.1128,0.6278,-0.061349,-0.01853,7.9829,0.004722180500355517,0.012367265882735132,1.0,True,False,deficit,True,False,True
特に,-0.5196,True,deficit,34,221,0.099715,0.31669,0.3149,-0.216975,0.2143,0.4219,-0.261161,-0.171355,59.4398,1.2609365301074848e-14,2.385861928877533e-13,2.1234171167010045e-11,True,True,deficit,True,True,True
方向,-0.5224,False,deficit,10,61,0.031339,0.088445,0.3543,-0.057106,0.1585,0.5798,-0.085633,-0.031453,11.7845,0.000597248059482255,0.0019351106880250532,1.0,True,False,deficit,True,False,True
楽,-0.5224,False,deficit,10,64,0.031339,0.092725,0.338,-0.061386,0.1536,0.5755,-0.089913,-0.032891,13.1297,0.0002906474491513881,0.0010391726207450904,0.4894503043709376,True,False,deficit,True,False,True
トランザクション-transaction,-0.5232,False,deficit,9,42,0.02849,0.061341,0.4645,-0.032851,0.2139,0.8656,-0.057094,-0.007198,5.2166,0.02237207552215332,0.04768933567000783,1.0,True,False,deficit,True,False,True
上記,-0.5272,True,deficit,40,234,0.116809,0.335235,0.3484,-0.218426,0.2486,0.4568,-0.265462,-0.172801,57.4231,3.514534941384607e-14,5.97825943564816e-13,5.918476841291678e-11,True,True,deficit,True,True,True
工数,-0.5272,False,deficit,7,39,0.022792,0.057061,0.3994,-0.034269,0.1597,0.7731,-0.055667,-0.010055,6.2777,0.012226376772096287,0.028012542155387954,1.0,True,False,deficit,True,False,True
注目,-0.5272,False,deficit,6,53,0.019943,0.077033,0.2589,-0.05709,0.107,0.4891,-0.081329,-0.034269,14.0097,0.00018187312392738524,0.0006791005336889506,0.30627434069371673,True,False,deficit,True,False,True
運営,-0.5272,False,deficit,3,37,0.011396,0.054208,0.2102,-0.042812,0.0512,0.451,-0.062788,-0.022865,11.3089,0.00077134718767571,0.0024231798367812195,1.0,True,False,deficit,True,False,True
ライフ-life,-0.5272,False,deficit,5,34,0.017094,0.049929,0.3424,-0.032835,0.1247,0.6887,-0.052806,-0.012867,6.7408,0.009423470712467234,0.022414017909314722,1.0,True,False,deficit,True,False,True
所有,-0.5272,False,deficit,3,16,0.011396,0.024251,0.4699,-0.012855,0.1248,1.2709,-0.027116,0.004251,1.9364,0.1640648946333778,0.2574886137582556,1.0,False,False,deficit,False,False,False
Playwright,-0.5272,False,deficit,4,9,0.014245,0.014265,0.9986,-2e-05,0.2853,2.5006,-0.012851,0.01281,0.0,1.0,1.0,1.0,False,False,deficit,False,False,False
通常,-0.5299,False,deficit,16,110,0.048433,0.158345,0.3059,-0.109912,0.1682,0.4828,-0.145559,-0.074222,26.39,2.7897875389368715e-07,1.806923929065266e-06,0.00046980022155696915,True,True,deficit,True,True,True
動く,-0.5317,False,deficit,19,137,0.05698,0.196862,0.2894,-0.139882,0.1719,0.4121,-0.181207,-0.105649,35.7854,2.2028752675203553e-09,1.994431156185096e-08,3.7096419505042785e-06,True,True,deficit,True,True,True
名,-0.5324,True,deficit,52,259,0.150997,0.370899,0.4071,-0.219902,0.3066,0.5256,-0.26979,-0.167121,53.8234,2.193432241065705e-13,3.420129531439488e-12,3.693739893954647e-10,True,True,deficit,True,True,True
内部,-0.5324,False,deficit,15,93,0.045584,0.134094,0.3399,-0.08851,0.1857,0.5327,-0.121339,-0.055669,19.518,9.96572086953022e-06,4.794935412653969e-05,0.01678227394428889,True,True,deficit,True,True,True
工夫,-0.5324,False,deficit,8,61,0.025641,0.088445,0.2899,-0.062804,0.1248,0.4995,-0.089904,-0.037139,14.6764,0.0001276339959843505,0.0005021860963496408,0.21493564923764627,True,False,deficit,True,False,True
認識,-0.5326,False,deficit,7,130,0.022792,0.186876,0.122,-0.164084,0.0558,0.2118,-0.195444,-0.129863,55.0274,1.1886168179470103e-13,1.906314972783586e-12,2.0016307214227654e-10,True,True,deficit,True,True,True
異なる,-0.5356,True,deficit,41,210,0.119658,0.300999,0.3975,-0.18134,0.2878,0.517,-0.228435,-0.137166,41.8909,9.650997633999215e-11,1.0286253174464987e-09,1.625228001565468e-07,True,True,deficit,True,True,True
タグ-tag,-0.5364,False,deficit,20,61,0.059829,0.088445,0.6765,-0.028616,0.3936,1.0785,-0.061382,0.005597,2.5434,0.11075397861700619,0.18448041542140298,1.0,False,False,deficit,False,False,False
ボード-board,-0.5364,False,deficit,4,21,0.014245,0.031384,0.4539,-0.017139,0.1376,0.9522,-0.034241,-0.001412,2.7095,0.09975148974304371,0.16950707237869386,1.0,False,False,deficit,False,False,True
イベント-event,-0.5382,False,deficit,7,80,0.022792,0.115549,0.1972,-0.092757,0.081,0.3558,-0.119904,-0.065657,26.0695,3.2934064934385947e-07,2.1249412011304956e-06,0.0005546096534950594,True,True,deficit,True,True,True
サーバー-server,-0.5393,True,deficit,53,223,0.153846,0.319544,0.4815,-0.165697,0.3648,0.6261,-0.217016,-0.112956,32.7849,1.029439255402053e-08,8.215998607095057e-08,1.733575706097057e-05,True,True,deficit,True,True,True
文,-0.5417,False,deficit,17,75,0.051282,0.108417,0.473,-0.057134,0.2585,0.7376,-0.091351,-0.024332,9.2939,0.0022991234689848142,0.00646364594619437,1.0,True,False,deficit,True,False,True
ファイル-file,-0.542,True,deficit,77,316,0.222222,0.452211,0.4914,-0.229989,0.3958,0.6064,-0.285568,-0.168646,52.3783,4.577525873265326e-13,6.9366930895862595e-12,7.70855357057881e-10,True,True,deficit,True,True,True
減る,-0.5424,False,deficit,5,53,0.017094,0.077033,0.2219,-0.059939,0.0815,0.4309,-0.084178,-0.037118,15.7151,7.363584881744162e-05,0.00029974897581661525,0.12400276940857169,True,False,deficit,True,False,True
最後,-0.5454,True,deficit,34,271,0.099715,0.388017,0.257,-0.288302,0.1752,0.3395,-0.338194,-0.241267,93.8109,3.471551862817279e-22,1.3595565899963484e-20,5.846093336984298e-19,True,True,deficit,True,True,True
ランダム-random,-0.5454,False,deficit,3,31,0.011396,0.045649,0.2496,-0.034253,0.0624,0.5514,-0.052798,-0.015712,8.3931,0.0037664797979900647,0.010116031865734081,1.0,True,False,deficit,True,False,True
自作,-0.5454,False,deficit,4,23,0.014245,0.034237,0.4161,-0.019992,0.1287,0.946,-0.037102,-0.001463,3.4641,0.06271552857891402,0.11669939240540465,1.0,False,False,deficit,False,False,True
無い,-0.5464,True,deficit,171,581,0.490028,0.830243,0.5902,-0.340214,0.5248,0.6554,-0.398688,-0.281803,132.1455,1.3904437488340927e-30,1.0643214877439147e-28,2.341507273036612e-27,True,True,deficit,True,True,True
マッピング-mapping,-0.5466,False,deficit,7,18,0.022792,0.027104,0.8409,-0.004312,0.2996,1.8156,-0.022837,0.014264,0.128,0.7204637707483963,0.8460676359416314,1.0,False,False,deficit,False,False,False
状態,-0.5477,True,deficit,56,283,0.162393,0.405136,0.4008,-0.242742,0.3047,0.5066,-0.298333,-0.188532,62.5791,2.5595350118191344e-15,5.4560214682321797e-14,4.310256959903422e-12,True,True,deficit,True,True,True
サンプル-sample,-0.5497,False,deficit,17,90,0.051282,0.129815,0.395,-0.078532,0.2312,0.6016,-0.109904,-0.044312,15.4546,8.451248227573232e-05,0.0003404761247663474,0.14231902015233322,True,False,deficit,True,False,True
追う,-0.5497,False,deficit,6,42,0.019943,0.061341,0.3251,-0.041398,0.1109,0.631,-0.062831,-0.018598,8.8663,0.0029049096763113054,0.007993248194294507,1.0,True,False,deficit,True,False,True
Create,-0.5497,False,deficit,4,29,0.014245,0.042796,0.3329,-0.028551,0.108,0.7192,-0.047088,-0.009975,5.9483,0.01473139809685691,0.03303285538629432,1.0,True,False,deficit,True,False,True
Type,-0.5539,False,deficit,4,23,0.014245,0.034237,0.4161,-0.019992,0.1427,0.8562,-0.035671,-0.002894,3.4641,0.06271552857891402,0.11669939240540465,1.0,False,False,deficit,False,False,True
人気,-0.5539,False,deficit,4,33,0.014245,0.048502,0.2937,-0.034257,0.0999,0.6146,-0.05279,-0.014298,7.7354,0.005414798871305626,0.013815941362543445,1.0,True,False,deficit,True,False,True
差す-他動詞,-0.5544,False,deficit,15,96,0.045584,0.138374,0.3294,-0.09279,0.1779,0.5163,-0.124157,-0.059988,20.9551,4.701694564307693e-06,2.474266764466923e-05,0.007917653646294154,True,True,deficit,True,True,True
想定,-0.5544,False,deficit,18,126,0.054131,0.18117,0.2988,-0.127039,0.1762,0.4439,-0.162662,-0.092822,31.5177,1.9762583951036254e-08,1.4991077195290562e-07,3.328019137354505e-05,True,True,deficit,True,True,True
レポート-report,-0.5546,False,deficit,12,42,0.037037,0.061341,0.6038,-0.024304,0.2923,1.0511,-0.051392,0.002772,2.6575,0.1030622809762307,0.1735568811639725,1.0,False,False,deficit,False,False,False
限る,-0.555,False,deficit,6,68,0.019943,0.098431,0.2026,-0.078488,0.0788,0.3818,-0.104145,-0.05421,21.5909,3.374488876634194e-06,1.833109441371607e-05,0.005682639268251982,True,True,deficit,True,True,True
エンド-end,-0.5555,True,deficit,35,156,0.102564,0.223966,0.4579,-0.121402,0.3014,0.6178,-0.168425,-0.080072,22.8479,1.7534127813471288e-06,1.0181886633753671e-05,0.002952747123788565,True,True,deficit,True,True,True
程度,-0.5557,False,deficit,27,174,0.079772,0.249643,0.3195,-0.169871,0.2136,0.4453,-0.212635,-0.129949,43.2008,4.9399305275928917e-11,5.545895338977619e-10,8.318843008466429e-08,True,True,deficit,True,True,True
yml,-0.5595,False,deficit,9,50,0.02849,0.072753,0.3916,-0.044263,0.1788,0.6947,-0.068514,-0.018606,8.3528,0.003850884147399389,0.010309839275390415,1.0,True,False,deficit,True,False,True
分ける,-0.5608,False,deficit,17,117,0.051282,0.168331,0.3047,-0.117049,0.1702,0.4699,-0.152696,-0.081398,28.4102,9.814697921046853e-08,6.664496491549557e-07,0.000165279512990429,True,True,deficit,True,True,True
境界,-0.5613,False,deficit,6,31,0.019943,0.045649,0.4369,-0.025706,0.1664,0.8473,-0.044247,-0.005735,4.2897,0.03834452988405372,0.075611461738579,1.0,False,False,deficit,False,False,True
サイド-side,-0.5613,False,deficit,6,48,0.019943,0.0699,0.2853,-0.049957,0.111,0.5525,-0.072765,-0.027153,11.6183,0.0006530436506565683,0.0020987128009650018,1.0,True,False,deficit,True,False,True
安心,-0.5635,False,deficit,6,50,0.019943,0.072753,0.2741,-0.05281,0.1089,0.5211,-0.075674,-0.030002,12.5652,0.0003929892896149635,0.0013451096823406475,0.6617939637115986,True,False,deficit,True,False,True
更に,-0.5638,True,deficit,28,191,0.082621,0.273894,0.3017,-0.191273,0.1988,0.417,-0.231216,-0.148522,51.4134,7.482437812980665e-13,1.0678326505982575e-11,1.2600425277059438e-09,True,True,deficit,True,True,True
分,-0.5654,False,deficit,18,131,0.054131,0.188302,0.2875,-0.134171,0.1685,0.4454,-0.171217,-0.095675,34.1878,5.004106513199196e-09,4.277622014328653e-08,8.426915368227447e-06,True,True,deficit,True,True,True
compose,-0.5666,False,deficit,6,35,0.019943,0.051355,0.3883,-0.031412,0.1461,0.7576,-0.051384,-0.009975,5.8663,0.015433820046915205,0.034379038305562444,1.0,True,False,deficit,True,False,True
主に,-0.5669,False,deficit,12,100,0.037037,0.14408,0.2571,-0.107043,0.1342,0.4214,-0.139845,-0.075628,27.7365,1.390179860363069e-07,9.26544560212248e-07,0.00023410628848514084,True,True,deficit,True,True,True
内容,-0.5693,True,deficit,60,337,0.173789,0.482168,0.3604,-0.308379,0.279,0.4494,-0.35967,-0.251362,94.0481,3.0794419253937303e-22,1.264824439600742e-20,5.185780202363042e-19,True,True,deficit,True,True,True
条件,-0.5702,True,deficit,31,141,0.091168,0.202568,0.4501,-0.1114,0.2959,0.6189,-0.151318,-0.07005,20.8804,4.8885993371399355e-06,2.556646361411072e-05,0.008232401283743652,True,True,deficit,True,True,True
送信,-0.5702,False,deficit,20,93,0.059829,0.134094,0.4462,-0.074265,0.2605,0.6737,-0.109892,-0.038618,13.1509,0.00028738000459549434,0.0010296764419974733,0.48394792773881246,True,False,deficit,True,False,True
価格,-0.5702,False,deficit,7,30,0.022792,0.044223,0.5154,-0.021431,0.1996,0.9986,-0.042825,-4.1e-05,2.945,0.08614411877377588,0.15143975617030525,1.0,False,False,deficit,False,False,True
理想,-0.5702,False,deficit,7,46,0.022792,0.067047,0.3399,-0.044255,0.1461,0.6214,-0.067059,-0.02002,9.2425,0.0023646603747347803,0.006625770500920749,1.0,True,False,deficit,True,False,True
X,-0.5731,False,deficit,9,47,0.02849,0.068474,0.4161,-0.039984,0.1902,0.7637,-0.064214,-0.014343,7.1326,0.007569321727458741,0.018692159893180654,1.0,True,False,deficit,True,False,True
バックアップ-backup,-0.575,False,deficit,4,29,0.014245,0.042796,0.3329,-0.028551,0.1109,0.7325,-0.047088,-0.008583,5.9483,0.01473139809685691,0.03303285538629432,1.0,True,False,deficit,True,False,True
依頼,-0.5757,False,deficit,6,54,0.019943,0.078459,0.2542,-0.058516,0.0966,0.4796,-0.081337,-0.03429,14.4972,0.0001403710756499724,0.0005459235367079758,0.23638489139455351,True,False,deficit,True,False,True
Token,-0.5766,False,deficit,6,15,0.019943,0.022825,0.8738,-0.002882,0.3329,1.8438,-0.018561,0.014217,0.0547,0.81513645901801,0.9218870362567689,1.0,False,False,deficit,False,False,False
説明,-0.5781,True,deficit,59,304,0.17094,0.435093,0.3929,-0.264153,0.3034,0.4976,-0.314045,-0.205733,71.662,2.5540927123052434e-17,6.937245366971016e-16,4.30109212752203e-14,True,True,deficit,True,True,True
有り,-0.5797,False,deficit,5,62,0.017094,0.089872,0.1902,-0.072778,0.0677,0.3661,-0.097021,-0.048535,20.3289,6.520841698307379e-06,3.25848588129069e-05,0.010981097419949626,True,True,deficit,True,True,True
現実,-0.5797,False,deficit,8,53,0.025641,0.077033,0.3329,-0.051392,0.1331,0.5802,-0.078484,-0.027102,10.9671,0.0009274621273756968,0.0028605242170342,1.0,True,False,deficit,True,False,True
EC,-0.581,False,deficit,6,38,0.019943,0.055635,0.3585,-0.035692,0.1302,0.7018,-0.058504,-0.01429,7.1194,0.007625602046683557,0.018692159893180654,1.0,True,False,deficit,True,False,True
受け取る,-0.5828,False,deficit,8,57,0.025641,0.082739,0.3099,-0.057098,0.131,0.5654,-0.081341,-0.030022,12.7939,0.00034774616494070163,0.001217473059792394,0.5856045417601415,True,False,deficit,True,False,True
領域,-0.5852,False,deficit,16,88,0.048433,0.126961,0.3815,-0.078528,0.2295,0.5777,-0.109888,-0.047173,15.8499,6.856843322074602e-05,0.0002816322964481373,0.11546924154373629,True,False,deficit,True,False,True
そして,-0.5878,True,deficit,29,179,0.08547,0.256776,0.3329,-0.171306,0.2207,0.4739,-0.216914,-0.125677,42.8075,6.04006864222476e-11,6.604854281497725e-10,1.0171475593506497e-07,True,True,deficit,True,True,True
元,-0.5884,True,deficit,29,205,0.08547,0.293866,0.2908,-0.208396,0.1933,0.3995,-0.254029,-0.165573,58.2075,2.3587283524548e-14,4.137602651597795e-13,3.9720985455338835e-11,True,True,deficit,True,True,True
感,-0.5888,False,deficit,12,101,0.037037,0.145506,0.2545,-0.108469,0.1397,0.4217,-0.139833,-0.075675,28.2641,1.0584079570279822e-07,7.129435998540488e-07,0.0001782358999635122,True,True,deficit,True,True,True
アイディア-idea,-0.5888,False,deficit,5,30,0.017094,0.044223,0.3865,-0.027129,0.1377,0.7819,-0.045673,-0.008552,5.0579,0.024514182539788293,0.051537931831465024,1.0,False,False,deficit,False,False,True
応用,-0.5924,False,deficit,4,43,0.014245,0.062767,0.2269,-0.048522,0.0815,0.473,-0.069912,-0.028563,12.4983,0.00040732763099035727,0.0013913584798940397,0.6859397305877616,True,False,deficit,True,False,True
タイム-time,-0.5941,True,deficit,35,115,0.102564,0.165478,0.6198,-0.062914,0.4241,0.8617,-0.105669,-0.020115,7.3588,0.006673717177923544,0.01667439128727485,1.0,True,False,deficit,True,False,True
理由,-0.5947,True,deficit,23,163,0.068376,0.233951,0.2923,-0.165575,0.1816,0.4233,-0.206925,-0.122832,43.5809,4.067818713157464e-11,4.6285180492953847e-10,6.85020671295717e-08,True,True,deficit,True,True,True
指示,-0.5947,False,deficit,5,37,0.017094,0.054208,0.3153,-0.037114,0.1051,0.6102,-0.058496,-0.017167,8.0636,0.00451629577413316,0.011917672566573287,1.0,True,False,deficit,True,False,True
汎用,-0.5947,False,deficit,5,47,0.017094,0.068474,0.2496,-0.05138,0.0868,0.4793,-0.072769,-0.028575,12.7492,0.0003561659922045917,0.0012417878485973756,0.5997835308725324,True,False,deficit,True,False,True
人間,-0.5956,False,deficit,12,69,0.037037,0.099857,0.3709,-0.06282,0.188,0.6023,-0.092761,-0.032875,12.6569,0.00037417237720846225,0.0012885609063784263,0.6301062832190505,True,False,deficit,True,False,True
ラン-run,-0.5964,False,deficit,7,24,0.022792,0.035663,0.6391,-0.012871,0.2575,1.373,-0.031404,0.009929,1.2008,0.2731670347829095,0.3946132560216682,1.0,False,False,deficit,False,False,False
少ない,-0.5966,True,deficit,19,176,0.05698,0.252496,0.2257,-0.195516,0.1396,0.3329,-0.235491,-0.154192,58.6711,1.8636331191413114e-14,3.3863195481351616e-13,3.138358172633968e-11,True,True,deficit,True,True,True
低い,-0.5999,False,deficit,10,75,0.031339,0.108417,0.2891,-0.077078,0.1377,0.4852,-0.104178,-0.048563,18.3198,1.8675643410089753e-05,8.687785497953354e-05,0.031449783502591144,True,True,deficit,True,True,True
時,-0.6,True,deficit,113,500,0.324786,0.714693,0.4544,-0.389907,0.3819,0.5307,-0.451191,-0.329982,145.5293,1.6453065144230785e-33,1.73168510643029e-31,2.770696170288464e-30,True,True,deficit,True,True,True
準拠,-0.6004,False,deficit,6,20,0.019943,0.029957,0.6657,-0.010014,0.2575,1.3733,-0.027112,0.008511,0.8331,0.36136904936928904,0.4943505110787024,1.0,False,False,deficit,False,False,False
間違い,-0.6004,False,deficit,5,58,0.017094,0.084165,0.2031,-0.067071,0.0726,0.4132,-0.088469,-0.042828,18.2561,1.931086729461193e-05,8.860899325375065e-05,0.03251950052412649,True,True,deficit,True,True,True
手,-0.6012,False,deficit,14,116,0.042735,0.166904,0.256,-0.124169,0.1401,0.3994,-0.156967,-0.08857,32.8443,9.984212420397169e-09,8.044695557870255e-08,1.681341371594883e-05,True,True,deficit,True,True,True
一人,-0.6018,False,deficit,8,60,0.025641,0.087019,0.2947,-0.061378,0.1268,0.5366,-0.084233,-0.032875,14.2009,0.00016428936298662055,0.0006245220931590722,0.276663287269469,True,False,deficit,True,False,True
細かい,-0.6032,False,deficit,10,98,0.031339,0.141227,0.2219,-0.109888,0.1033,0.3679,-0.139888,-0.078516,30.2,3.897014683858259e-08,2.828695141214357e-07,6.562572727617308e-05,True,True,deficit,True,True,True
初心,-0.6034,False,deficit,11,56,0.034188,0.081312,0.4205,-0.047124,0.2102,0.7049,-0.07279,-0.021467,8.4197,0.00371172729680945,0.00998490218502734,1.0,True,False,deficit,True,False,True
参加,-0.604,False,deficit,14,94,0.042735,0.135521,0.3153,-0.092786,0.1712,0.505,-0.12558,-0.061422,21.4686,3.596669600278119e-06,1.935077190692764e-05,0.006056791606868352,True,True,deficit,True,True,True
型,-0.606,False,deficit,12,55,0.037037,0.079886,0.4636,-0.042849,0.2304,0.7787,-0.069996,-0.01435,6.9371,0.008442809866233405,0.020486587629304113,1.0,True,False,deficit,True,False,True
利用,-0.6102,True,deficit,83,375,0.239316,0.536377,0.4462,-0.29706,0.3645,0.5359,-0.351232,-0.242849,83.3697,6.805665018839786e-20,2.2921479783452397e-18,1.1460739891726198e-16,True,True,deficit,True,True,True
永続,-0.6114,False,deficit,6,29,0.019943,0.042796,0.466,-0.022853,0.1871,0.9586,-0.04139,-0.001471,3.5505,0.05952777519946817,0.11175560026299264,1.0,False,False,deficit,False,False,True
参照,-0.612,True,deficit,32,200,0.094017,0.286733,0.3279,-0.192716,0.2241,0.452,-0.235543,-0.148522,50.0452,1.5024351054543223e-12,2.09099232858271e-11,2.530100717585079e-09,True,True,deficit,True,True,True
Response,-0.6124,False,deficit,2,9,0.008547,0.014265,0.5991,-0.005718,0.1536,1.9972,-0.017127,0.007112,0.5627,0.4531690846881774,0.5911206340936411,1.0,False,False,deficit,False,False,False
用いる,-0.6128,True,deficit,25,192,0.074074,0.275321,0.269,-0.201247,0.1745,0.3877,-0.245453,-0.159879,57.3333,3.678668450236914e-14,6.194877670198963e-13,6.194877670198963e-11,True,True,deficit,True,True,True
自身,-0.6156,True,deficit,16,130,0.048433,0.186876,0.2592,-0.138443,0.1406,0.4079,-0.175501,-0.099892,37.0418,1.1562096233050386e-09,1.0938522503627443e-08,1.947057005645685e-06,True,True,deficit,True,True,True
置き換える,-0.6166,False,deficit,4,50,0.014245,0.072753,0.1958,-0.058508,0.0677,0.4076,-0.081317,-0.035656,16.0109,6.29782289365546e-05,0.00026057822488736597,0.10605533752915795,True,False,deficit,True,False,True
数,-0.6176,True,deficit,31,180,0.091168,0.258203,0.3531,-0.167034,0.2417,0.4905,-0.209802,-0.120003,40.2501,2.2344629869788637e-10,2.2944119939465892e-09,3.7628356700724065e-07,True,True,deficit,True,True,True
遣り取り,-0.6187,False,deficit,9,62,0.02849,0.089872,0.317,-0.061382,0.1468,0.5447,-0.088461,-0.03429,13.6426,0.00022111482186228608,0.0008112360784664265,0.37235736001608977,True,False,deficit,True,False,True
インターネット-internet,-0.6187,False,deficit,4,39,0.014245,0.057061,0.2496,-0.042816,0.0908,0.5181,-0.062772,-0.021434,10.5513,0.0011610725513707602,0.003504025405928961,1.0,True,False,deficit,True,False,True
スキーマ-schema,-0.6193,True,deficit,14,60,0.042735,0.087019,0.4911,-0.044284,0.2711,0.7921,-0.072841,-0.014355,6.762,0.00931174850014126,0.022305810062927284,1.0,True,False,deficit,True,False,True
句,-0.6196,False,deficit,4,18,0.014245,0.027104,0.5256,-0.012859,0.1598,1.165,-0.028543,0.002825,1.6772,0.19529871963787326,0.29980222777591486,1.0,False,False,deficit,False,False,False
グループ-group,-0.6204,False,deficit,10,72,0.031339,0.104137,0.3009,-0.072798,0.1368,0.4993,-0.1013,-0.044224,16.8676,4.00802979984948e-05,0.00017485808764110166,0.06749522182946524,True,False,deficit,True,False,True
期間,-0.6217,False,deficit,14,82,0.042735,0.118402,0.3609,-0.075667,0.1915,0.575,-0.105608,-0.045726,15.8,7.040086282194875e-05,0.000288050070570588,0.1185550529921617,True,False,deficit,True,False,True
抽出,-0.6242,False,deficit,6,54,0.019943,0.078459,0.2542,-0.058516,0.0951,0.4646,-0.081329,-0.035657,14.4972,0.0001403710756499724,0.0005459235367079758,0.23638489139455351,True,False,deficit,True,False,True
手間,-0.6247,False,deficit,5,58,0.017094,0.084165,0.2031,-0.067071,0.0739,0.3994,-0.09131,-0.041406,18.2561,1.931086729461193e-05,8.860899325375065e-05,0.03251950052412649,True,True,deficit,True,True,True
専門,-0.6255,False,deficit,8,52,0.025641,0.075606,0.3391,-0.049965,0.1452,0.6079,-0.075631,-0.025683,10.5199,0.0011809674628763284,0.0035450074999710105,1.0,True,False,deficit,True,False,True
ソフト-soft,-0.6258,False,deficit,1,31,0.005698,0.045649,0.1248,-0.039951,0.0512,0.3153,-0.055643,-0.022833,12.1878,0.0004810191156961889,0.0016072146643499644,0.8100361908323821,True,False,deficit,True,False,True
仕様,-0.6284,True,deficit,35,150,0.102564,0.215407,0.4761,-0.112842,0.3307,0.6566,-0.154227,-0.067226,20.2167,6.914578743851846e-06,3.414706922183727e-05,0.011644150604646509,True,True,deficit,True,True,True
任意,-0.6306,False,deficit,7,72,0.022792,0.104137,0.2189,-0.081345,0.0922,0.3994,-0.107014,-0.054265,21.8479,2.951380497354118e-06,1.613676869332576e-05,0.004970124757544335,True,True,deficit,True,True,True
上位,-0.6306,False,deficit,5,42,0.017094,0.061341,0.2787,-0.044247,0.0908,0.5288,-0.067055,-0.021443,10.36,0.0012877447920323925,0.003838163238553184,1.0,True,False,deficit,True,False,True
相手,-0.6311,False,deficit,9,39,0.02849,0.057061,0.4993,-0.028571,0.2421,0.913,-0.052798,-0.004336,4.1507,0.04161773354232541,0.08130424975090023,1.0,False,False,deficit,False,False,True
選ぶ,-0.6341,False,deficit,13,102,0.039886,0.146933,0.2715,-0.107047,0.1414,0.425,-0.141311,-0.075629,27.0996,1.9324093424527978e-07,1.2811721782246109e-06,0.00032541773326905116,True,True,deficit,True,True,True
間,-0.6346,False,deficit,9,137,0.02849,0.196862,0.1447,-0.168372,0.0708,0.2397,-0.199743,-0.136961,54.9179,1.2567261186799905e-13,1.9965347017519848e-12,2.116326783857104e-10,True,True,deficit,True,True,True
A,-0.6363,True,deficit,6,108,0.019943,0.155492,0.1283,-0.135549,0.054,0.233,-0.16549,-0.105545,43.9382,3.389101172888567e-11,3.963365538294685e-10,5.707246375144347e-08,True,True,deficit,True,True,True
インターフェース-interface,-0.6363,False,deficit,9,83,0.02849,0.119829,0.2378,-0.091339,0.1147,0.4037,-0.118435,-0.062773,24.0189,9.539385379882975e-07,5.737258921329618e-06,0.001606432497972293,True,True,deficit,True,True,True
書き込む,-0.6363,False,deficit,4,38,0.014245,0.055635,0.256,-0.04139,0.0929,0.5549,-0.059935,-0.020012,10.0725,0.001504950405846736,0.004399889728204693,1.0,True,False,deficit,True,False,True
トピック-topic,-0.6363,False,deficit,4,33,0.014245,0.048502,0.2937,-0.034257,0.0999,0.6145,-0.05279,-0.014298,7.7354,0.005414798871305626,0.013815941362543445,1.0,True,False,deficit,True,False,True
Windows,-0.6378,True,deficit,13,66,0.039886,0.095578,0.4173,-0.055692,0.2292,0.7027,-0.082776,-0.02434,10.1446,0.0014472545610082746,0.004260798392898487,1.0,True,False,deficit,True,False,True
要求,-0.6386,False,deficit,11,84,0.034188,0.121255,0.282,-0.087067,0.1409,0.4609,-0.116996,-0.058502,21.1808,4.179227727495664e-06,2.220132332209053e-05,0.007037819493102698,True,True,deficit,True,True,True
用意,-0.6395,True,deficit,25,189,0.074074,0.271041,0.2733,-0.196967,0.1762,0.387,-0.239731,-0.1542,55.481,9.436446403712655e-14,1.5428131790147681e-12,1.5890975743852112e-10,True,True,deficit,True,True,True
値,-0.6418,True,deficit,25,153,0.074074,0.219686,0.3372,-0.145612,0.2205,0.4811,-0.185523,-0.107104,34.8462,3.5681299246974667e-09,3.097283914015739e-08,6.008730793190534e-06,True,True,deficit,True,True,True
絶対,-0.6418,False,deficit,5,35,0.017094,0.051355,0.3329,-0.034261,0.111,0.6103,-0.054217,-0.017143,7.1765,0.007386400179342839,0.018319142712832606,1.0,True,False,deficit,True,False,True
NOT,-0.6418,False,deficit,4,9,0.014245,0.014265,0.9986,-2e-05,0.3151,2.8531,-0.012851,0.014233,0.0,1.0,1.0,1.0,False,False,deficit,False,False,False
ライン-line,-0.6436,False,deficit,9,95,0.02849,0.136947,0.208,-0.108457,0.1015,0.3444,-0.13698,-0.079947,30.4179,3.4830558202068624e-08,2.539162771094526e-07,5.865466001228356e-05,True,True,deficit,True,True,True
比べる,-0.6454,False,deficit,9,84,0.02849,0.121255,0.235,-0.092765,0.1019,0.395,-0.122715,-0.064199,24.5405,7.276326786209978e-07,4.472019820429783e-06,0.0012253334307977604,True,True,deficit,True,True,True
週間,-0.6471,False,deficit,4,38,0.014245,0.055635,0.256,-0.04139,0.0888,0.518,-0.059931,-0.021434,10.0725,0.001504950405846736,0.004399889728204693,1.0,True,False,deficit,True,False,True
他,-0.6473,True,deficit,52,396,0.150997,0.566334,0.2666,-0.415337,0.2052,0.3388,-0.463869,-0.364018,164.2771,1.315904278069344e-37,1.846652336890646e-35,2.215982804268775e-34,True,True,deficit,True,True,True
ワーク-work,-0.6478,True,deficit,28,91,0.082621,0.131241,0.6295,-0.04862,0.3953,0.9235,-0.084235,-0.008721,5.318,0.021105638073012578,0.045508187599171815,1.0,True,False,deficit,True,False,True
良い,-0.6503,True,deficit,109,493,0.31339,0.704708,0.4447,-0.391317,0.3742,0.5146,-0.448373,-0.337111,145.6128,1.5775981809204557e-33,1.73168510643029e-31,2.6566753366700475e-30,True,True,deficit,True,True,True
代わり,-0.6516,False,deficit,5,66,0.017094,0.095578,0.1788,-0.078484,0.0614,0.338,-0.101308,-0.054198,22.4342,2.1746305745139432e-06,1.2371884755005002e-05,0.0036620778874814804,True,True,deficit,True,True,True
一部,-0.6561,True,deficit,16,149,0.048433,0.21398,0.2263,-0.165547,0.1233,0.3433,-0.205478,-0.129932,47.9619,4.345903275819097e-12,5.629616243445661e-11,7.31850111647936e-09,True,True,deficit,True,True,True
長い,-0.659,False,deficit,14,126,0.042735,0.18117,0.2359,-0.138435,0.1321,0.3756,-0.174078,-0.102788,38.3747,5.838572019076995e-10,5.716369348910267e-09,9.83215528012566e-07,True,True,deficit,True,True,True
アクション-action,-0.6596,False,deficit,9,58,0.02849,0.084165,0.3385,-0.055675,0.1512,0.5957,-0.081345,-0.030014,11.8155,0.0005873936632419444,0.001910194166393516,0.9891709288994344,True,False,deficit,True,False,True
サービス-service,-0.661,True,deficit,62,267,0.179487,0.382311,0.4695,-0.202824,0.3624,0.5948,-0.252779,-0.145811,44.314,2.7970772238990035e-11,3.3406227269829233e-10,4.710278045045922e-08,True,True,deficit,True,True,True
終了,-0.6623,False,deficit,10,92,0.031339,0.132668,0.2362,-0.101329,0.1122,0.3942,-0.13127,-0.068539,26.9854,2.049969417626931e-07,1.3537837252093143e-06,0.0003452148499283752,True,True,deficit,True,True,True
遷移,-0.6623,False,deficit,4,34,0.014245,0.049929,0.2853,-0.035684,0.0974,0.5939,-0.054225,-0.01572,8.1946,0.004201542987897036,0.011159934371638184,1.0,True,False,deficit,True,False,True
勉強,-0.6637,True,deficit,17,98,0.051282,0.141227,0.3631,-0.089945,0.208,0.551,-0.121316,-0.057146,19.0726,1.2583869445717893e-05,6.003183044359472e-05,0.021191236146588934,True,True,deficit,True,True,True
活動,-0.6641,False,deficit,12,77,0.037037,0.11127,0.3329,-0.074233,0.1795,0.5549,-0.102798,-0.044252,16.2802,5.4631160310373496e-05,0.00023057361895405755,0.09199887396266897,True,False,deficit,True,False,True
メール-mail,-0.6647,False,deficit,9,57,0.02849,0.082739,0.3443,-0.054249,0.1693,0.604,-0.079918,-0.02854,11.368,0.0007472161879291105,0.0023608106200236813,1.0,True,False,deficit,True,False,True
位置,-0.6657,False,deficit,6,61,0.019943,0.088445,0.2255,-0.068502,0.0881,0.4057,-0.094167,-0.045682,17.9853,2.2261495655532303e-05,9.943861719871723e-05,0.037488358683916395,True,True,deficit,True,True,True
書き込み,-0.6662,False,deficit,4,40,0.014245,0.058488,0.2436,-0.044243,0.0832,0.5136,-0.062788,-0.022873,11.0334,0.0008948614866283899,0.002785483814200016,1.0,True,False,deficit,True,False,True
オン-on,-0.6673,True,deficit,16,127,0.048433,0.182596,0.2652,-0.134163,0.1558,0.4063,-0.16979,-0.099907,35.3866,2.703362930278106e-09,2.421522965206559e-08,4.552463174588331e-06,True,True,deficit,True,True,True
関わる,-0.6677,False,deficit,13,115,0.039886,0.165478,0.241,-0.125592,0.1278,0.372,-0.156976,-0.095596,34.0592,5.34603790571482e-09,4.523983835790832e-08,9.002727833223755e-06,True,True,deficit,True,True,True
価値,-0.6678,True,deficit,14,79,0.042735,0.114123,0.3745,-0.071388,0.209,0.5894,-0.101349,-0.041446,14.4536,0.0001436581026815269,0.0005561384940590604,0.24192024491569128,True,False,deficit,True,False,True
QA,-0.6687,False,deficit,9,36,0.02849,0.052782,0.5398,-0.024292,0.2378,1.0256,-0.047104,0.001349,3.1604,0.07544248838752632,0.13761103431449198,1.0,False,False,deficit,False,False,False
侭,-0.6739,True,deficit,16,178,0.048433,0.25535,0.1897,-0.206916,0.1082,0.291,-0.24546,-0.167006,66.0115,4.483030659129866e-16,1.0341676205444789e-14,7.549423629974695e-13,True,True,deficit,True,True,True
実験,-0.6739,False,deficit,6,24,0.019943,0.035663,0.5592,-0.01572,0.2138,1.1806,-0.032823,0.005645,1.8915,0.169027863270161,0.2635582608768066,1.0,False,False,deficit,False,False,False
切り替える,-0.6761,False,deficit,5,45,0.017094,0.065621,0.2605,-0.048527,0.0868,0.5121,-0.069904,-0.027098,11.7836,0.0005975401174424155,0.0019351106880250532,1.0,True,False,deficit,True,False,True
決まる,-0.6761,False,deficit,4,57,0.014245,0.082739,0.1722,-0.068494,0.0605,0.3329,-0.089892,-0.047096,19.6345,9.37595992528254e-06,4.524102153058968e-05,0.015789116514175798,True,True,deficit,True,True,True
チケット-ticket,-0.6767,False,deficit,6,18,0.019943,0.027104,0.7358,-0.007161,0.2853,1.4979,-0.022892,0.009984,0.4317,0.5111347158064397,0.6481557691400937,1.0,False,False,deficit,False,False,False
形,-0.6785,True,deficit,17,136,0.051282,0.195435,0.2624,-0.144153,0.1513,0.4065,-0.181223,-0.107045,38.6374,5.103242520845444e-10,5.055212003002193e-09,8.593860405103728e-07,True,True,deficit,True,True,True
挙動,-0.6787,False,deficit,7,52,0.022792,0.075606,0.3015,-0.052814,0.1174,0.551,-0.077065,-0.027153,11.9624,0.0005428406456837331,0.0017889308166955118,0.9141436473314065,True,False,deficit,True,False,True
場所,-0.6829,False,deficit,10,101,0.031339,0.145506,0.2154,-0.114167,0.0998,0.3474,-0.144121,-0.084175,31.835,1.6783999721872007e-08,1.3025002549139383e-07,2.826425553163246e-05,True,True,deficit,True,True,True
一覧,-0.6848,True,deficit,25,109,0.074074,0.156919,0.4721,-0.082845,0.3144,0.7073,-0.117065,-0.040077,14.1415,0.00016956370054257918,0.0006416747678959625,0.2855452717137033,True,False,deficit,True,False,True
ロード-road,-0.6848,False,deficit,9,50,0.02849,0.072753,0.3916,-0.044263,0.1721,0.6657,-0.069937,-0.020016,8.3528,0.003850884147399389,0.010309839275390415,1.0,True,False,deficit,True,False,True
逆,-0.6848,False,deficit,8,88,0.025641,0.126961,0.202,-0.10132,0.09,0.329,-0.129823,-0.072794,28.4917,9.410240327099417e-08,6.494608488047303e-07,0.00015846844710835418,True,True,deficit,True,True,True
PHP,-0.6848,False,deficit,5,25,0.017094,0.03709,0.4609,-0.019996,0.1663,0.9224,-0.03568,-0.001479,3.1268,0.07701296817391709,0.13945143914502836,1.0,False,False,deficit,False,False,True
力,-0.6848,False,deficit,6,53,0.019943,0.077033,0.2589,-0.05709,0.111,0.4795,-0.079894,-0.032847,14.0097,0.00018187312392738524,0.0006791005336889506,0.30627434069371673,True,False,deficit,True,False,True
最初,-0.6857,True,deficit,22,192,0.065527,0.275321,0.238,-0.209794,0.1456,0.34,-0.246892,-0.167038,62.9817,2.0863414640223083e-15,4.5043577248891885e-14,3.513399025413567e-12,True,True,deficit,True,True,True
インフラ-infrastructure,-0.6867,False,deficit,9,67,0.02849,0.097004,0.2937,-0.068514,0.1368,0.5165,-0.098455,-0.040004,16.002,6.327596438942592e-05,0.0002611684412543952,0.10655672403179325,True,False,deficit,True,False,True
該当,-0.6882,False,deficit,5,68,0.017094,0.098431,0.1737,-0.081337,0.0605,0.3185,-0.10701,-0.057094,23.4984,1.2501599349578431e-06,7.412920177707774e-06,0.002105269330469008,True,True,deficit,True,True,True
プロダクト-product,-0.6896,True,deficit,20,97,0.059829,0.1398,0.428,-0.079971,0.2542,0.6435,-0.114188,-0.045728,14.8142,0.00011863975223240871,0.00046789073245755565,0.19978934275937626,True,False,deficit,True,False,True
master,-0.6925,True,deficit,9,39,0.02849,0.057061,0.4993,-0.028571,0.2269,0.9078,-0.051371,-0.004341,4.1507,0.04161773354232541,0.08130424975090023,1.0,False,False,deficit,False,False,True
エンジニアリング-engineering,-0.6935,False,deficit,5,44,0.017094,0.064194,0.2663,-0.0471,0.0887,0.5256,-0.06849,-0.025702,11.3057,0.0007727123351256027,0.0024231798367812195,1.0,True,False,deficit,True,False,True
変数,-0.6937,True,deficit,26,129,0.076923,0.185449,0.4148,-0.108526,0.2691,0.5924,-0.148457,-0.068607,21.5724,3.407197616445234e-06,1.8449262977793485e-05,0.005737720786093774,True,True,deficit,True,True,True
関数,-0.6978,True,deficit,33,145,0.096866,0.208274,0.4651,-0.111408,0.3174,0.6315,-0.154147,-0.072881,20.3154,6.5668540267727495e-06,3.2717698760607426e-05,0.01105858218108531,True,True,deficit,True,True,True
量,-0.6996,True,deficit,18,107,0.054131,0.154066,0.3514,-0.099935,0.2111,0.5245,-0.13557,-0.06709,21.9319,2.8249196814990265e-06,1.5546290011909676e-05,0.004757164743644361,True,True,deficit,True,True,True
開始,-0.7012,True,deficit,15,135,0.045584,0.194009,0.235,-0.148425,0.1302,0.3604,-0.182684,-0.114117,41.6587,1.0867791328287427e-10,1.1510289683544671e-09,1.8301360596836028e-07,True,True,deficit,True,True,True
書く,-0.7019,True,deficit,79,421,0.22792,0.601997,0.3786,-0.374077,0.3055,0.4559,-0.432532,-0.315665,130.5479,3.109328263263304e-30,2.2765690414501753e-28,5.2361087953354036e-27,True,True,deficit,True,True,True
早い,-0.7032,True,deficit,14,139,0.042735,0.199715,0.214,-0.15698,0.1185,0.3329,-0.192631,-0.121333,45.8674,1.2653732017937588e-11,1.5668297586916837e-10,2.1308884718206898e-08,True,True,deficit,True,True,True
data,-0.7033,True,deficit,3,52,0.011396,0.075606,0.1507,-0.06421,0.0408,0.3133,-0.085604,-0.041394,18.9974,1.3089853057107164e-05,6.209383816385483e-05,0.022043312548168464,True,True,deficit,True,True,True
企業,-0.7045,True,deficit,7,96,0.022792,0.138374,0.1647,-0.115582,0.0726,0.3007,-0.145574,-0.08559,34.879,3.5084703996185884e-09,3.06127676319052e-08,5.908264152957703e-06,True,True,deficit,True,True,True
リーダー-leader,-0.7071,False,deficit,5,41,0.017094,0.059914,0.2853,-0.04282,0.0928,0.5573,-0.064202,-0.021434,9.8926,0.0016594198063067517,0.0048097469084691395,1.0,True,False,deficit,True,False,True
リード-lead,-0.7075,False,deficit,5,38,0.017094,0.055635,0.3073,-0.038541,0.1141,0.6145,-0.059923,-0.017163,8.5144,0.003523505852474653,0.009524211646175467,1.0,True,False,deficit,True,False,True
試す,-0.7101,True,deficit,15,152,0.045584,0.21826,0.2089,-0.172676,0.116,0.3235,-0.209745,-0.132777,51.6959,6.479744360660839e-13,9.406801295993838e-12,1.0911889503352852e-09,True,True,deficit,True,True,True
旨い,-0.7105,True,deficit,10,120,0.031339,0.172611,0.1816,-0.141272,0.0901,0.3004,-0.174066,-0.109849,42.5893,6.752749387583558e-11,7.336535463671426e-10,1.1371629968690711e-07,True,True,deficit,True,True,True
to,-0.7116,True,deficit,13,117,0.039886,0.168331,0.237,-0.128445,0.131,0.3834,-0.159821,-0.0956,35.1621,3.0337825657836833e-09,2.6748114349632055e-08,5.1088898407797225e-06,True,True,deficit,True,True,True
回,-0.713,True,deficit,18,148,0.054131,0.212553,0.2547,-0.158422,0.1489,0.3921,-0.198325,-0.118516,43.6841,3.858919979039274e-11,4.4419588039845624e-10,6.498421244702137e-08,True,True,deficit,True,True,True
指定,-0.7134,True,deficit,37,242,0.108262,0.346648,0.3123,-0.238386,0.22,0.4176,-0.286828,-0.191362,67.6596,1.94307870741487e-16,4.742238468531364e-15,3.2721445432866414e-13,True,True,deficit,True,True,True
筈,-0.7134,True,deficit,14,130,0.042735,0.186876,0.2287,-0.144141,0.1266,0.3467,-0.178353,-0.109904,40.6444,1.826096496393197e-10,1.8865929447399654e-09,3.0751464999261436e-07,True,True,deficit,True,True,True
ブラウザ-browser,-0.7134,True,deficit,12,91,0.037037,0.131241,0.2822,-0.094204,0.1479,0.4645,-0.124149,-0.062848,23.0916,1.5446116084450681e-06,9.09484597420103e-06,0.002601125948621495,True,True,deficit,True,True,True
Microsoft,-0.7195,False,deficit,7,40,0.022792,0.058488,0.3897,-0.035696,0.1577,0.7309,-0.058504,-0.012844,6.6849,0.009723485277460003,0.022997681470846413,1.0,True,False,deficit,True,False,True
Container,-0.723,True,deficit,13,17,0.039886,0.025678,1.5533,0.014208,0.7984,3.087,-0.007165,0.037056,0.9651,0.32591190734520276,0.45487459390106494,1.0,False,False,excess,False,False,False
一方,-0.7256,True,deficit,12,118,0.037037,0.169757,0.2182,-0.13272,0.1165,0.3551,-0.166941,-0.098516,37.5588,8.869881062435597e-10,8.486863471103151e-09,1.4936879709141546e-06,True,True,deficit,True,True,True
呼ぶ,-0.7261,True,deficit,20,193,0.059829,0.276748,0.2162,-0.216918,0.1324,0.3225,-0.259698,-0.174131,67.5895,2.0133258869225867e-16,4.843486847968051e-15,3.390440793577636e-13,True,True,deficit,True,True,True
配置,-0.7287,False,deficit,7,70,0.022792,0.101284,0.225,-0.078492,0.0881,0.3994,-0.105592,-0.051412,20.8137,5.06202634047894e-06,2.6229084176512412e-05,0.008524452357366534,True,True,deficit,True,True,True
and,-0.7288,True,deficit,8,94,0.025641,0.135521,0.1892,-0.10988,0.0799,0.3524,-0.141259,-0.078457,31.7741,1.7318421976456172e-08,1.3316996624818354e-07,2.9164222608352193e-05,True,True,deficit,True,True,True
受ける,-0.7292,True,deficit,11,124,0.034188,0.178317,0.1917,-0.144129,0.0943,0.3145,-0.178404,-0.108486,42.9276,5.6803715230335375e-11,6.252121336463057e-10,9.565745644788477e-08,True,True,deficit,True,True,True
文字,-0.7293,True,deficit,34,175,0.099715,0.25107,0.3972,-0.151355,0.2765,0.5426,-0.194118,-0.10716,33.2447,8.126245743244511e-09,6.70813619197243e-08,1.3684597831623757e-05,True,True,deficit,True,True,True
生まれる,-0.7313,False,deficit,5,55,0.017094,0.079886,0.214,-0.062792,0.0739,0.4068,-0.087035,-0.039988,16.7244,4.3220802078842704e-05,0.00018620312038294528,0.07278383070077112,True,False,deficit,True,False,True
古い,-0.7313,False,deficit,5,48,0.017094,0.0699,0.2445,-0.052806,0.0815,0.4676,-0.075618,-0.03142,13.2365,0.0002745463269736969,0.00098789746714467,0.46233601462370555,True,False,deficit,True,False,True
表示,-0.7329,True,deficit,29,246,0.08547,0.352354,0.2426,-0.266884,0.1591,0.3314,-0.311121,-0.219836,85.6806,2.1147581358816277e-20,7.419276460051377e-19,3.561252700824661e-17,True,True,deficit,True,True,True
経験,-0.7338,True,deficit,21,170,0.062678,0.243937,0.2569,-0.181259,0.1544,0.376,-0.221166,-0.139926,51.2052,8.319916423924592e-13,1.1773730468814297e-11,1.4010739257889014e-09,True,True,deficit,True,True,True
アプリ-application,-0.7342,True,deficit,16,161,0.048433,0.231098,0.2096,-0.182665,0.1193,0.316,-0.222572,-0.145592,55.2322,1.0710103961178579e-13,1.7342129875600698e-12,1.8035815070624726e-10,True,True,deficit,True,True,True
展開,-0.7352,False,deficit,5,66,0.017094,0.095578,0.1788,-0.078484,0.0624,0.3232,-0.101304,-0.05709,22.4342,2.1746305745139432e-06,1.2371884755005002e-05,0.0036620778874814804,True,True,deficit,True,True,True
起きる,-0.7355,False,deficit,7,85,0.022792,0.122682,0.1858,-0.09989,0.0689,0.333,-0.129831,-0.072755,28.7724,8.140436735814747e-08,5.66466754674051e-07,0.00013708495463112035,True,True,deficit,True,True,True
記載,-0.7398,True,deficit,18,195,0.054131,0.279601,0.1936,-0.22547,0.1105,0.2869,-0.268233,-0.184061,73.0492,1.2645898909331648e-17,3.4910973382482776e-16,2.1295693763314494e-14,True,True,deficit,True,True,True
マスター-master,-0.7409,False,deficit,8,35,0.025641,0.051355,0.4993,-0.025714,0.2348,0.9664,-0.0471,-0.001475,3.7131,0.053986806248278445,0.10246537777291881,1.0,False,False,deficit,False,False,True
考える,-0.7413,True,deficit,43,339,0.125356,0.485021,0.2585,-0.359665,0.1913,0.336,-0.408207,-0.311176,130.1354,3.827572896416949e-30,2.685680315652559e-28,6.4456327575661416e-27,True,True,deficit,True,True,True
イン-in,-0.7423,True,deficit,18,148,0.054131,0.212553,0.2547,-0.158422,0.1556,0.3745,-0.194109,-0.121353,43.6841,3.858919979039274e-11,4.4419588039845624e-10,6.498421244702137e-08,True,True,deficit,True,True,True
Java,-0.743,False,deficit,5,41,0.017094,0.059914,0.2853,-0.04282,0.1152,0.58,-0.06421,-0.020012,9.8926,0.0016594198063067517,0.0048097469084691395,1.0,True,False,deficit,True,False,True
Snyk,-0.7444,False,deficit,4,8,0.014245,0.012839,1.1095,0.001406,0.3631,3.495,-0.010041,0.015659,0.0,1.0,1.0,1.0,False,False,excess,False,False,False
学習,-0.7455,True,deficit,37,147,0.108262,0.211127,0.5128,-0.102865,0.3643,0.705,-0.145621,-0.058682,16.8436,4.0589350856406144e-05,0.00017616615165512358,0.06835246684218794,True,False,deficit,True,False,True
現状,-0.7467,False,deficit,5,70,0.017094,0.101284,0.1688,-0.08419,0.0605,0.317,-0.108484,-0.059947,24.57,7.165870370547725e-07,4.420265825641893e-06,0.0012067325704002369,True,True,deficit,True,True,True
type,-0.7497,True,deficit,7,46,0.022792,0.067047,0.3399,-0.044255,0.1377,0.6333,-0.067111,-0.020016,9.2425,0.0023646603747347803,0.006625770500920749,1.0,True,False,deficit,True,False,True
当たる,-0.7497,True,deficit,9,118,0.02849,0.169757,0.1678,-0.141267,0.0768,0.2829,-0.172651,-0.109892,43.4537,4.34119357461198e-11,4.906422805131929e-10,7.310569979646574e-08,True,True,deficit,True,True,True
style,-0.7511,False,deficit,7,10,0.022792,0.015692,1.4525,0.0071,0.5326,3.4964,-0.008584,0.025609,0.1868,0.6655524630489671,0.7954509210606533,1.0,False,False,excess,False,False,False
強い,-0.753,False,deficit,7,89,0.022792,0.128388,0.1775,-0.105596,0.0697,0.3138,-0.135537,-0.077078,30.9681,2.6230621072007558e-08,1.9373844686517863e-07,4.4172365885260725e-05,True,True,deficit,True,True,True
ユース-youth,-0.7533,False,deficit,6,49,0.019943,0.071327,0.2796,-0.051384,0.107,0.5109,-0.075631,-0.029951,12.0901,0.0005068999345984993,0.001678370138363985,0.8536194898638728,True,False,deficit,True,False,True
こう,-0.7542,True,deficit,15,174,0.045584,0.249643,0.1826,-0.204059,0.1061,0.2807,-0.241192,-0.166989,65.5125,5.77469591347262e-16,1.3088490183357122e-14,9.724587918287892e-13,True,True,deficit,True,True,True
入れる,-0.757,True,deficit,12,142,0.037037,0.203994,0.1816,-0.166957,0.092,0.2853,-0.20117,-0.129845,51.6395,6.668473602694217e-13,9.598042347809453e-12,1.122970954693706e-09,True,True,deficit,True,True,True
精度,-0.7575,False,deficit,5,29,0.017094,0.042796,0.3994,-0.025702,0.1361,0.8324,-0.044235,-0.005755,4.6544,0.03097423530741464,0.06330171390495905,1.0,False,False,deficit,False,False,True
test,-0.7579,True,deficit,10,66,0.031339,0.095578,0.3279,-0.064239,0.1498,0.5751,-0.091331,-0.035745,14.0445,0.0001785336979226291,0.0006696007735004618,0.3006507473017074,True,False,deficit,True,False,True
別,-0.7606,True,deficit,22,230,0.065527,0.329529,0.1989,-0.264002,0.1294,0.283,-0.306762,-0.221242,88.8687,4.2191578259898785e-21,1.5789026175482125e-19,7.105061778966956e-18,True,True,deficit,True,True,True
分かる,-0.7612,True,deficit,55,410,0.159544,0.586305,0.2721,-0.426761,0.2012,0.3411,-0.479561,-0.376889,171.9646,2.75475855136591e-39,4.217284909545629e-37,4.639013400500192e-36,True,True,deficit,True,True,True
リモート-remote,-0.7613,True,deficit,12,83,0.037037,0.119829,0.3091,-0.082792,0.1503,0.4928,-0.115586,-0.052851,19.1323,1.219609346047918e-05,5.851345124628757e-05,0.020538221387446938,True,True,deficit,True,True,True
過去,-0.7623,True,deficit,9,114,0.02849,0.164051,0.1737,-0.135561,0.0853,0.2996,-0.166941,-0.104185,41.1186,1.4326814993640834e-10,1.4892812623019238e-09,2.4126356449291165e-07,True,True,deficit,True,True,True
スクラム-scrum,-0.7636,False,deficit,7,19,0.022792,0.028531,0.7989,-0.005739,0.3073,1.5977,-0.024259,0.012786,0.2416,0.6230828377780546,0.7579485105454102,1.0,False,False,deficit,False,False,False
唯,-0.7647,True,deficit,10,149,0.031339,0.21398,0.1465,-0.182641,0.0722,0.2391,-0.216921,-0.145559,60.2428,8.385078441441117e-15,1.6230427695846945e-13,1.4120472095386841e-11,True,True,deficit,True,True,True
移行,-0.7651,True,deficit,8,54,0.025641,0.078459,0.3268,-0.052818,0.1331,0.5893,-0.077053,-0.027153,11.4182,0.0007272940653431958,0.0023065220452691934,1.0,True,False,deficit,True,False,True
呼び出す,-0.7659,True,deficit,9,93,0.02849,0.134094,0.2125,-0.105604,0.1008,0.3551,-0.135557,-0.075671,29.3309,6.101477064472881e-08,4.3353955175410683e-07,0.00010274887376572332,True,True,deficit,True,True,True
分散,-0.7678,True,deficit,10,63,0.031339,0.091298,0.3433,-0.059959,0.161,0.5763,-0.087055,-0.032863,12.6776,0.00037005632678512246,0.0012769976522666931,0.6231748543061463,True,False,deficit,True,False,True
user,-0.768,True,deficit,6,46,0.019943,0.067047,0.2974,-0.047104,0.121,0.5633,-0.06996,-0.024288,10.6854,0.0010798243524679121,0.003276440017217953,1.0,True,False,deficit,True,False,True
作る,-0.7681,True,deficit,37,352,0.108262,0.503566,0.215,-0.395304,0.1581,0.278,-0.442351,-0.349593,156.0984,8.056753817413581e-36,9.691123877517478e-34,1.356757342852447e-32,True,True,deficit,True,True,True
秒,-0.773,False,deficit,6,49,0.019943,0.071327,0.2796,-0.051384,0.113,0.4993,-0.075631,-0.029951,12.0901,0.0005068999345984993,0.001678370138363985,0.8536194898638728,True,False,deficit,True,False,True
用語,-0.7766,False,deficit,5,55,0.017094,0.079886,0.214,-0.062792,0.0739,0.4206,-0.085604,-0.038561,16.7244,4.3220802078842704e-05,0.00018620312038294528,0.07278383070077112,True,False,deficit,True,False,True
commit,-0.7824,True,deficit,7,49,0.022792,0.071327,0.3195,-0.048535,0.1268,0.5782,-0.072813,-0.024292,10.5846,0.0011403348283301337,0.003453819875733714,1.0,True,False,deficit,True,False,True
動かす,-0.7875,True,deficit,12,100,0.037037,0.14408,0.2571,-0.107043,0.1306,0.4225,-0.141255,-0.072822,27.7365,1.390179860363069e-07,9.26544560212248e-07,0.00023410628848514084,True,True,deficit,True,True,True
自体,-0.788,True,deficit,9,143,0.02849,0.205421,0.1387,-0.176931,0.0644,0.2334,-0.208358,-0.14271,58.6642,1.8701170901221497e-14,3.3863195481351616e-13,3.1492771797657e-11,True,True,deficit,True,True,True
業務,-0.7896,True,deficit,12,159,0.037037,0.228245,0.1623,-0.191208,0.0885,0.2696,-0.226847,-0.152736,62.2496,3.0256414069468343e-15,6.368975161623087e-14,5.095180129298469e-12,True,True,deficit,True,True,True
モデル-model,-0.7916,True,deficit,16,119,0.048433,0.171184,0.2829,-0.122751,0.1548,0.4319,-0.159829,-0.087049,31.0697,2.4893057875864657e-08,1.8714245295962535e-07,4.191990946295608e-05,True,True,deficit,True,True,True
公開,-0.7925,True,deficit,18,215,0.054131,0.308131,0.1757,-0.254,0.1022,0.2593,-0.298186,-0.209818,86.8916,1.1463236930039724e-20,4.1072534021674247e-19,1.9304090990186896e-17,True,True,deficit,True,True,True
root,-0.7959,False,deficit,5,34,0.017094,0.049929,0.3424,-0.032835,0.1246,0.7133,-0.054216,-0.011457,6.7408,0.009423470712467234,0.022414017909314722,1.0,True,False,deficit,True,False,True
取り敢えず,-0.7979,False,deficit,5,85,0.017094,0.122682,0.1393,-0.105588,0.0505,0.2594,-0.131261,-0.079914,32.8262,1.0077883453531338e-08,8.081502731307986e-08,1.697115573574677e-05,True,True,deficit,True,True,True
差分,-0.7994,True,deficit,7,51,0.022792,0.07418,0.3073,-0.051388,0.1223,0.5548,-0.077045,-0.027106,11.4994,0.000696175059754659,0.002220376516338723,1.0,True,False,deficit,True,False,True
マネージメント-management,-0.8002,True,deficit,1,53,0.005698,0.077033,0.074,-0.071335,0.0307,0.163,-0.092729,-0.051363,23.9175,1.0055117032659126e-06,6.004545064892897e-06,0.001693281708299797,True,True,deficit,True,True,True
順,-0.8013,False,deficit,4,80,0.014245,0.115549,0.1233,-0.101304,0.0434,0.2397,-0.1284,-0.077065,32.1574,1.4217307591402878e-08,1.1187825226131985e-07,2.394194598392245e-05,True,True,deficit,True,True,True
フロント-front,-0.803,True,deficit,9,82,0.02849,0.118402,0.2406,-0.089912,0.1065,0.4048,-0.119857,-0.061394,23.4995,1.2494371552713805e-06,7.412920177707774e-06,0.002104052169477005,True,True,deficit,True,True,True
日付け,-0.803,False,deficit,5,41,0.017094,0.059914,0.2853,-0.04282,0.095,0.5782,-0.064206,-0.022857,9.8926,0.0016594198063067517,0.0048097469084691395,1.0,True,False,deficit,True,False,True
null,-0.803,False,deficit,4,27,0.014245,0.039943,0.3566,-0.025698,0.1109,0.7608,-0.044239,-0.007161,5.0898,0.02406716134878623,0.050724780614963716,1.0,False,False,deficit,False,False,True
言語,-0.8045,True,deficit,17,194,0.051282,0.278174,0.1844,-0.226892,0.1051,0.2755,-0.266835,-0.184124,74.5029,6.054798203004385e-18,1.72818308031515e-16,1.0196280173859385e-14,True,True,deficit,True,True,True
社内,-0.8048,True,deficit,7,76,0.022792,0.109843,0.2075,-0.087051,0.0936,0.3606,-0.112713,-0.059967,23.9423,9.92676041138352e-07,5.948990936928772e-06,0.001671666453276985,True,True,deficit,True,True,True
知る,-0.8057,True,deficit,18,249,0.054131,0.356633,0.1518,-0.302502,0.0928,0.2271,-0.34386,-0.261153,112.3329,3.0207907453634e-26,1.5896911297474892e-24,5.0870116151919654e-23,True,True,deficit,True,True,True
デフォルト-default,-0.8101,True,deficit,10,131,0.031339,0.188302,0.1664,-0.156963,0.0846,0.2686,-0.189762,-0.124157,49.1139,2.415209071566926e-12,3.2800097391279866e-11,4.067212076518703e-09,True,True,deficit,True,True,True
中,-0.8103,True,deficit,25,302,0.074074,0.43224,0.1714,-0.358166,0.112,0.2391,-0.400933,-0.31247,139.3441,3.7037118340898924e-32,2.970024156479704e-30,6.237050728607379e-29,True,True,deficit,True,True,True
どう,-0.8109,True,deficit,26,328,0.076923,0.46933,0.1639,-0.392406,0.1086,0.2292,-0.435155,-0.345347,160.5578,8.546134454111608e-37,1.1070531092864575e-34,1.4391690420723949e-33,True,True,deficit,True,True,True
セット-set,-0.8116,True,deficit,10,72,0.031339,0.104137,0.3009,-0.072798,0.1513,0.4995,-0.10279,-0.045706,16.8676,4.00802979984948e-05,0.00017485808764110166,0.06749522182946524,True,False,deficit,True,False,True
送る,-0.8124,False,deficit,4,75,0.014245,0.108417,0.1314,-0.094172,0.0475,0.2568,-0.121268,-0.068498,29.3627,6.002271542875924e-08,4.282976812797905e-07,0.00010107825278203056,True,True,deficit,True,True,True
名前,-0.8137,True,deficit,16,154,0.048433,0.221113,0.219,-0.17268,0.1255,0.3457,-0.208319,-0.132769,50.9568,9.442327785862782e-13,1.325073332616077e-11,1.5900879991392925e-09,True,True,deficit,True,True,True
比較,-0.8148,True,deficit,14,155,0.042735,0.222539,0.192,-0.179804,0.1051,0.291,-0.214041,-0.144157,55.5372,9.170606910723417e-14,1.5140492193782582e-12,1.5443302037658234e-10,True,True,deficit,True,True,True
with,-0.8151,True,deficit,6,68,0.019943,0.098431,0.2026,-0.078488,0.0788,0.3505,-0.104193,-0.055667,21.5909,3.374488876634194e-06,1.833109441371607e-05,0.005682639268251982,True,True,deficit,True,True,True
example,-0.817,True,deficit,4,26,0.014245,0.038516,0.3698,-0.024271,0.121,0.7989,-0.042808,-0.005739,4.671,0.030676848883063428,0.06284648846603262,1.0,False,False,deficit,False,False,True
アカウント-account,-0.8227,True,deficit,6,94,0.019943,0.135521,0.1472,-0.115578,0.055,0.2664,-0.144101,-0.084206,35.8119,2.173155900089255e-09,1.9781592085136787e-08,3.659594535750306e-06,True,True,deficit,True,True,True
PostgreSQL,-0.8236,True,deficit,5,29,0.017094,0.042796,0.3994,-0.025702,0.1376,0.817,-0.044239,-0.005739,4.6544,0.03097423530741464,0.06330171390495905,1.0,False,False,deficit,False,False,True
予測,-0.8242,True,deficit,9,40,0.02849,0.058488,0.4871,-0.029998,0.2321,0.8954,-0.05281,-0.004357,4.4982,0.033930941356024424,0.06778138225806066,1.0,False,False,deficit,False,False,True
違い,-0.8311,True,deficit,9,124,0.02849,0.178317,0.1598,-0.149827,0.0751,0.2614,-0.182641,-0.115622,47.0079,7.070092361193626e-12,9.019723891098535e-11,1.1906035536250066e-08,True,True,deficit,True,True,True
ローカル-local,-0.8315,True,deficit,14,138,0.042735,0.198288,0.2155,-0.155553,0.1214,0.3329,-0.188347,-0.12132,45.2792,1.7085307689344817e-11,2.0849027644099038e-10,2.877165814885667e-08,True,True,deficit,True,True,True
読む,-0.8356,True,deficit,17,254,0.051282,0.363766,0.141,-0.312484,0.0798,0.2036,-0.352391,-0.2697,118.7286,1.200840077498726e-27,7.48968403891798e-26,2.0222146905078545e-24,True,True,deficit,True,True,True
MySQL,-0.837,True,deficit,5,52,0.017094,0.075606,0.2261,-0.058512,0.0856,0.4438,-0.082751,-0.0357,15.2141,9.598589067758823e-05,0.0003835030307018484,0.16164023990105858,True,False,deficit,True,False,True
オブジェクト-object,-0.8408,True,deficit,15,87,0.045584,0.125535,0.3631,-0.079951,0.2016,0.5806,-0.111327,-0.045746,16.7239,4.323362236919929e-05,0.00018620312038294528,0.0728054200697316,True,False,deficit,True,False,True
版,-0.8424,True,deficit,9,119,0.02849,0.171184,0.1664,-0.142694,0.0768,0.2828,-0.172674,-0.108469,44.0418,3.214457400151638e-11,3.8120748322925057e-10,5.4131462618553584e-08,True,True,deficit,True,True,True
Data,-0.8424,True,deficit,5,46,0.017094,0.067047,0.255,-0.049953,0.0907,0.47,-0.072813,-0.030002,12.2648,0.0004615731953451953,0.001557693909742102,0.7772892609613089,True,False,deficit,True,False,True
先,-0.8441,True,deficit,11,206,0.034188,0.295292,0.1158,-0.261104,0.0653,0.1816,-0.29674,-0.222556,96.7343,7.928546534737631e-23,3.42350573448671e-21,1.335167236449817e-19,True,True,deficit,True,True,True
難しい,-0.8447,True,deficit,11,167,0.034188,0.239658,0.1427,-0.20547,0.0758,0.2235,-0.23969,-0.168416,69.6509,7.078708970599866e-17,1.833930139460027e-15,1.1920545906490174e-13,True,True,deficit,True,True,True
接続,-0.845,True,deficit,14,121,0.042735,0.174037,0.2456,-0.131302,0.1389,0.3893,-0.166945,-0.095667,35.5833,2.443694120249765e-09,2.2006314965243876e-08,4.115180898500605e-06,True,True,deficit,True,True,True
docker,-0.8457,True,deficit,9,81,0.02849,0.116976,0.2436,-0.088486,0.1097,0.422,-0.118419,-0.058545,22.9824,1.6348947453823762e-06,9.559592886194173e-06,0.0027531627512239216,True,True,deficit,True,True,True
テキスト-text,-0.846,True,deficit,9,76,0.02849,0.109843,0.2594,-0.081353,0.1175,0.4302,-0.108441,-0.054261,20.432,6.178935083047341e-06,3.1153672694166834e-05,0.010405326679851723,True,True,deficit,True,True,True
以降,-0.8465,True,deficit,5,122,0.017094,0.175464,0.0974,-0.15837,0.0336,0.1798,-0.189793,-0.128404,54.6863,1.4138942226202297e-13,2.2252316550396887e-12,2.380997870892467e-10,True,True,deficit,True,True,True
現在,-0.8488,True,deficit,15,231,0.045584,0.330956,0.1377,-0.285372,0.0792,0.2085,-0.326713,-0.241134,105.6462,8.814767797663693e-25,4.3659026386075467e-23,1.484406897126566e-21,True,True,deficit,True,True,True
自分,-0.8502,True,deficit,31,285,0.091168,0.407989,0.2235,-0.31682,0.1515,0.3132,-0.361023,-0.26549,111.0513,5.765936296789146e-26,2.942374764785734e-24,9.709836723792922e-23,True,True,deficit,True,True,True
増える,-0.8538,True,deficit,8,149,0.025641,0.21398,0.1198,-0.188339,0.0496,0.2145,-0.225409,-0.154079,64.753,8.490151897494729e-16,1.8568072461533927e-14,1.4297415795381124e-12,True,True,deficit,True,True,True
無料,-0.8538,True,deficit,6,74,0.019943,0.10699,0.1864,-0.087047,0.0778,0.3462,-0.114135,-0.06133,24.7633,6.482033428422415e-07,4.042868256838277e-06,0.0010915744293463348,True,True,deficit,True,True,True
聞く,-0.8548,True,deficit,6,117,0.019943,0.168331,0.1185,-0.148388,0.0422,0.2084,-0.178384,-0.116973,49.3236,2.170307834108736e-12,2.9713808070236676e-11,3.654798392639111e-09,True,True,deficit,True,True,True
key,-0.8589,True,deficit,3,33,0.011396,0.048502,0.235,-0.037106,0.0665,0.4993,-0.055643,-0.018526,9.3519,0.0022275611078671586,0.00627293128034832,1.0,True,False,deficit,True,False,True
気,-0.86,True,deficit,10,211,0.031339,0.302425,0.1036,-0.271086,0.054,0.1657,-0.306789,-0.232582,102.9037,3.51844543398972e-24,1.6928748888110538e-22,5.9250621108386885e-21,True,True,deficit,True,True,True
今後,-0.8609,True,deficit,7,152,0.022792,0.21826,0.1044,-0.195468,0.0413,0.1779,-0.2297,-0.161255,69.0478,9.610620696235502e-17,2.3800419488912623e-15,1.6184285252460584e-13,True,True,deficit,True,True,True
ディレクトリー-directory,-0.8615,True,deficit,12,117,0.037037,0.168331,0.22,-0.131294,0.1118,0.343,-0.164088,-0.099855,36.9958,1.1838538229429246e-09,1.1137485127574777e-08,1.993609837835885e-06,True,True,deficit,True,True,True
Cloud,-0.8627,True,deficit,4,51,0.014245,0.07418,0.192,-0.059935,0.0677,0.3769,-0.082751,-0.038498,16.5223,4.808199936571945e-05,0.00020446991649462513,0.08097008693187155,True,False,deficit,True,False,True
アドレス-address,-0.8657,True,deficit,5,78,0.017094,0.112696,0.1517,-0.095602,0.054,0.2996,-0.122702,-0.067084,28.9266,7.51718168788734e-08,5.296625088871247e-07,0.0001265893396240228,True,True,deficit,True,True,True
日,-0.8668,True,deficit,6,89,0.019943,0.128388,0.1553,-0.108445,0.0605,0.2781,-0.135533,-0.081357,32.9857,9.283731554183195e-09,7.552562288523914e-08,1.56338039372445e-05,True,True,deficit,True,True,True
コピー-copy,-0.8679,True,deficit,5,79,0.017094,0.114123,0.1498,-0.097029,0.0519,0.2817,-0.125547,-0.071355,29.4788,5.65304408290034e-08,4.068259075044518e-07,9.519726235604172e-05,True,True,deficit,True,True,True
以外,-0.8687,True,deficit,8,219,0.025641,0.313837,0.0817,-0.288196,0.0366,0.1338,-0.329554,-0.251123,114.0995,1.2393157889306837e-26,6.732283188900875e-25,2.0870077885592713e-23,True,True,deficit,True,True,True
前提,-0.8702,True,deficit,7,165,0.022792,0.236805,0.0962,-0.214013,0.0363,0.1664,-0.248237,-0.178373,77.6996,1.1996625831246127e-18,3.5442662982137676e-17,2.0202317899818477e-15,True,True,deficit,True,True,True
フォーム-form,-0.8756,True,deficit,4,33,0.014245,0.048502,0.2937,-0.034257,0.0999,0.6102,-0.052833,-0.01572,7.7354,0.005414798871305626,0.013815941362543445,1.0,True,False,deficit,True,False,True
多い,-0.8796,True,deficit,21,330,0.062678,0.472183,0.1327,-0.409505,0.0827,0.1905,-0.453695,-0.362461,175.6403,4.338851394312339e-40,8.118473053357755e-38,7.306625748021979e-37,True,True,deficit,True,True,True
of,-0.8801,True,deficit,7,91,0.022792,0.131241,0.1737,-0.108449,0.0658,0.3073,-0.13839,-0.078512,32.0767,1.482013402630552e-08,1.160795613967372e-07,2.4957105700298498e-05,True,True,deficit,True,True,True
世界,-0.8812,True,deficit,5,84,0.017094,0.121255,0.141,-0.104161,0.0459,0.2647,-0.12987,-0.077061,32.2643,1.3456476669159965e-08,1.0689012599464803e-07,2.2660706710865382e-05,True,True,deficit,True,True,True
資料,-0.8818,True,deficit,7,78,0.022792,0.112696,0.2022,-0.089904,0.0888,0.3603,-0.117051,-0.061406,25.0019,5.727370117017432e-07,3.61231883035856e-06,0.0009644891277057355,True,True,deficit,True,True,True
s,-0.8878,True,deficit,6,89,0.019943,0.128388,0.1553,-0.108445,0.0637,0.2823,-0.136964,-0.081349,32.9857,9.283731554183195e-09,7.552562288523914e-08,1.56338039372445e-05,True,True,deficit,True,True,True
少し,-0.8895,True,deficit,9,229,0.02849,0.328103,0.0868,-0.299613,0.0373,0.142,-0.338109,-0.261061,119.2324,9.31498229911975e-28,6.033242381429869e-26,1.568643019171766e-24,True,True,deficit,True,True,True
方,-0.8896,True,deficit,28,427,0.082621,0.610556,0.1353,-0.527935,0.0912,0.1829,-0.570786,-0.482286,264.7645,1.5703438533163274e-59,8.814863496615651e-57,2.644459048984695e-56,True,True,deficit,True,True,True
計算,-0.8915,True,deficit,5,80,0.017094,0.115549,0.1479,-0.098455,0.0539,0.2854,-0.124168,-0.071371,30.0327,4.2482424556386706e-08,3.0704035602126703e-07,7.154040295295522e-05,True,True,deficit,True,True,True
編集,-0.8916,True,deficit,5,89,0.017094,0.128388,0.1331,-0.111294,0.0512,0.2397,-0.139809,-0.085628,35.0895,3.148970008448877e-09,2.761909111577036e-08,5.302865494227909e-06,True,True,deficit,True,True,True
id,-0.8917,True,deficit,5,87,0.017094,0.125535,0.1362,-0.108441,0.0549,0.2532,-0.135573,-0.081302,33.9547,5.641031669684629e-09,4.749748665874458e-08,9.499497331748915e-06,True,True,deficit,True,True,True
言う,-0.8934,True,deficit,97,584,0.279202,0.834522,0.3346,-0.55532,0.2774,0.389,-0.610882,-0.502587,315.3319,1.5057165491451523e-70,1.2678133343802183e-67,2.5356266687604366e-67,True,True,deficit,True,True,True
入る,-0.8949,True,deficit,7,181,0.022792,0.259629,0.0878,-0.236837,0.0401,0.1571,-0.272484,-0.199772,88.734,4.516297926492556e-21,1.653357762655101e-19,7.605445708213465e-18,True,True,deficit,True,True,True
人,-0.895,True,deficit,16,276,0.048433,0.39515,0.1226,-0.346717,0.0726,0.1822,-0.388117,-0.303933,139.486,3.4483173860466813e-32,2.9034832390513057e-30,5.806966478102612e-29,True,True,deficit,True,True,True
変換,-0.8953,True,deficit,4,98,0.014245,0.141227,0.1009,-0.126982,0.0318,0.1933,-0.156927,-0.099902,42.5243,6.98089523918452e-11,7.535786912042777e-10,1.1755827582786732e-07,True,True,deficit,True,True,True
クラスター-cluster,-0.8983,True,deficit,4,32,0.014245,0.047076,0.3026,-0.032831,0.1051,0.6243,-0.052806,-0.01429,7.2809,0.006969237946010155,0.017386958075675706,1.0,True,False,deficit,True,False,True
変わる,-0.8994,True,deficit,5,158,0.017094,0.226819,0.0754,-0.209725,0.0261,0.1372,-0.24395,-0.176884,77.9333,1.0657684138566294e-18,3.2631891071537524e-17,1.794754008934564e-15,True,True,deficit,True,True,True
Google,-0.9012,True,deficit,6,115,0.019943,0.165478,0.1205,-0.145535,0.0479,0.2073,-0.175531,-0.114163,48.1161,4.0171704940362865e-12,5.2850899312164895e-11,6.764915111957107e-09,True,True,deficit,True,True,True
訳,-0.9033,True,deficit,8,187,0.025641,0.268188,0.0956,-0.242547,0.0425,0.1674,-0.278246,-0.20686,90.4686,1.8793364313347572e-21,7.192733069017572e-20,3.1648025503677313e-18,True,True,deficit,True,True,True
時点,-0.9054,True,deficit,4,155,0.014245,0.222539,0.064,-0.208294,0.022,0.1207,-0.239662,-0.175496,78.4532,8.191761253093793e-19,2.5546159167055457e-17,1.3794925950209947e-15,True,True,deficit,True,True,True
今回,-0.9062,True,deficit,17,365,0.051282,0.522111,0.0982,-0.470829,0.0578,0.1423,-0.512254,-0.426598,223.3728,1.6623084814373008e-50,6.998318706851037e-48,2.7993274827404146e-47,True,True,deficit,True,True,True
json,-0.9067,True,deficit,4,60,0.014245,0.087019,0.1637,-0.072774,0.0547,0.317,-0.097016,-0.049977,21.2171,4.100982837270406e-06,2.185460474039039e-05,0.0069060550979633635,True,True,deficit,True,True,True
for,-0.9078,True,deficit,9,126,0.02849,0.18117,0.1573,-0.15268,0.0726,0.2628,-0.188331,-0.119818,48.2063,3.8365683242454145e-12,5.087229179550613e-11,6.460781058029278e-09,True,True,deficit,True,True,True
on,-0.9082,True,deficit,5,95,0.017094,0.136947,0.1248,-0.119853,0.0454,0.2313,-0.146949,-0.092757,38.5309,5.389485377285554e-10,5.307539985584136e-09,9.075893375348873e-07,True,True,deficit,True,True,True
e,-0.9092,True,deficit,4,92,0.014245,0.132668,0.1074,-0.118423,0.0253,0.1997,-0.145519,-0.092753,39.0164,4.2025254068641584e-10,4.212531419737644e-09,7.077052785159243e-07,True,True,deficit,True,True,True
知れる,-0.9111,True,deficit,5,243,0.017094,0.348074,0.0491,-0.33098,0.0157,0.0904,-0.366627,-0.292488,141.4605,1.275979106434228e-32,1.1309204290711789e-30,2.14874881523524e-29,True,True,deficit,True,True,True
登録,-0.9194,True,deficit,5,145,0.017094,0.208274,0.0821,-0.19118,0.0277,0.1495,-0.221129,-0.15837,69.3087,8.419523431970386e-17,2.118563899348197e-15,1.4178477459438129e-13,True,True,deficit,True,True,True
出る,-0.9331,True,deficit,6,250,0.019943,0.35806,0.0557,-0.338117,0.0228,0.0968,-0.375199,-0.300988,144.4645,2.812140009251647e-33,2.7856728091645724e-31,4.7356437755797734e-30,True,True,deficit,True,True,True
C,-0.9334,True,deficit,3,102,0.011396,0.146933,0.0776,-0.135537,0.0217,0.1631,-0.16268,-0.107014,47.25,6.2485983723735446e-12,8.032549358074084e-11,1.052263965907705e-08,True,True,deficit,True,True,True
name,-0.9338,True,deficit,3,96,0.011396,0.138374,0.0824,-0.126978,0.0202,0.1664,-0.154121,-0.099882,43.6747,3.8774818538345054e-11,4.4419588039845624e-10,6.529679441857307e-08,True,True,deficit,True,True,True
ロック-rock（音楽）,-0.9338,True,deficit,2,17,0.008547,0.025678,0.3329,-0.017131,0.0908,0.8564,-0.031388,-0.002865,3.5444,0.05974677491348119,0.11191720684572005,1.0,False,False,deficit,False,False,True
B,-0.937,True,deficit,5,86,0.017094,0.124108,0.1377,-0.107014,0.0598,0.2629,-0.132696,-0.079914,33.3896,7.542434594726765e-09,6.287851414613799e-08,1.2701459857519872e-05,True,True,deficit,True,True,True
下記,-0.9428,True,deficit,1,123,0.005698,0.17689,0.0322,-0.171192,0.0143,0.0713,-0.199719,-0.144088,65.2924,6.457081982075484e-16,1.4307534286598837e-14,1.0873726057815116e-12,True,True,deficit,True,True,True
AWS,-0.9454,True,deficit,6,94,0.019943,0.135521,0.1472,-0.115578,0.0565,0.2693,-0.145523,-0.087051,35.8119,2.173155900089255e-09,1.9781592085136787e-08,3.659594535750306e-06,True,True,deficit,True,True,True
br,-0.9595,True,deficit,3,42,0.011396,0.061341,0.1858,-0.049945,0.0487,0.3842,-0.069908,-0.03142,13.8172,0.00020148711198512333,0.0007408390755086194,0.3393042965829477,True,False,deficit,True,False,True
思う,-0.966,True,deficit,21,525,0.062678,0.750357,0.0835,-0.687679,0.0518,0.12,-0.729047,-0.646299,442.312,3.398381761360475e-98,5.72287488613104e-95,5.72287488613104e-95,True,True,deficit,True,True,True
a,-0.9683,True,deficit,2,154,0.008547,0.221113,0.0387,-0.212566,0.012,0.0815,-0.243941,-0.182612,83.0138,8.148413119487091e-20,2.6905740574933843e-18,1.372192769321626e-16,True,True,deficit,True,True,True
