dataset,feature,feature_type,ratio,perm_p,perm_z,ai_doc_count
ai7,sent_len_char_mean,rhythm_core,0.5345259323623699,0.000999000999000999,8.256119587390033,
ai7,sent_len_char_sd,rhythm_core,0.5653391475197318,0.000999000999000999,4.895025802088317,
ai7,sent_len_char_cv,rhythm_core,0.44471301705863553,0.001998001998001998,5.21665242946744,
ai7,sent_len_mora_mean,rhythm_core,0.6534123556856546,0.000999000999000999,10.395707855309873,
ai7,sent_len_mora_sd,rhythm_core,0.64338218508184,0.004995004995004995,5.5624748132677,
ai7,sent_len_mora_cv,rhythm_core,0.47200296680624326,0.000999000999000999,6.04152160264383,
ai7,burstiness_char,rhythm_core,0.5249841352261212,0.000999000999000999,9.393924748401703,
ai7,burstiness_mora,rhythm_core,0.5832355184421625,0.000999000999000999,10.614265278791336,
ai7,para_sent_cv,rhythm_core,0.5808610100693478,0.000999000999000999,10.614765009487419,
ai7,taigendome_rate,rhythm_ending,0.8469681650101556,0.000999000999000999,16.90795363149981,
ai7,dewanaku_per_sentence,rhythm_core,0.31901333049122915,0.000999000999000999,4.2607061742681145,
ai7,comma_per_sentence,rhythm_core,0.6153433557227136,0.000999000999000999,7.7130189505098095,
ai7,ending_mattr20,rhythm_ending,1.233412077577217,0.000999000999000999,26.749283272415997,
ai7,レート-rate,lexical,0.1941202759693792,0.1998001998001998,0.9282798298544155,16.0
ai7,NF,lexical,0.26028698226345004,0.01998001998001998,2.4639572989706093,21.0
ai7,Travis,lexical,0.2188553439678392,0.21178821178821178,0.7663557323831085,8.0
ai7,バージョニング,lexical,0.1993184892400529,0.1068931068931069,1.2715538677941944,23.0
ai7,エスケープ-escape,lexical,0.1786799303501374,0.1978021978021978,0.801330240296138,26.0
ai7,XSS,lexical,0.18193775755505073,0.16383616383616384,0.9934480586584491,36.0
ai7,スクリプティング,lexical,0.21308571842438115,0.060939060939060936,1.5675130855510369,26.0
ai7,立案,lexical,0.23065639438241825,0.08091908091908091,1.2953685204446588,11.0
ai7,クロスサイトリクエストフォージェリ,lexical,0.17612162584720778,0.22377622377622378,0.6332133522854627,19.0
ai7,Found,lexical,0.17005468158925977,0.2897102897102897,0.48733056390613305,16.0
ai7,こつ,lexical,0.11246380601163403,0.7402597402597403,-0.6127775422698777,42.0
ai7,CSRF,lexical,0.145654358665619,0.3916083916083916,0.0938480653972907,29.0
ai7,Deployment,lexical,0.12327106957807392,0.6303696303696303,-0.4153045904138941,22.0
ai7,チェックリスト,lexical,0.6073158763380279,0.000999000999000999,9.863235160213513,30.0
ai7,Continuous,lexical,0.14152416637074397,0.4515484515484515,-0.01708751769571792,21.0
ai7,ネーション-nation,lexical,0.21592790136995707,0.07892107892107893,1.442607023419391,18.0
ai7,Internal,lexical,0.15251044054288881,0.5254745254745254,-0.07264011998411476,12.0
ai7,クリックジャッキング,lexical,0.19040693224626112,0.3196803196803197,0.18882630595372898,7.0
ai7,欠かす,lexical,0.34740640500471776,0.000999000999000999,5.057780123796254,69.0
ai7,建設,lexical,0.260557857330844,0.001998001998001998,2.947936088416854,41.0
ai7,デプロイメント,lexical,0.3575743760192922,0.000999000999000999,4.83926798914268,22.0
ai7,尊重,lexical,0.237936918793772,0.07192807192807193,1.528508234154285,13.0
ai7,Confluence,lexical,0.32140083994554636,0.023976023976023976,2.519141946461235,9.0
ai7,タイズ,lexical,0.22431035441317448,0.2837162837162837,0.7702286185176657,7.0
ai7,両面,lexical,0.22431035441317448,0.3206793206793207,0.699028471932871,7.0
ai7,ベスト-best,lexical,0.5251206684951686,0.000999000999000999,9.702499023574912,160.0
ai7,早期,lexical,0.300143442250304,0.000999000999000999,3.8226989979307184,84.0
ai7,ピラミッド-pyramid,lexical,0.5372680120719387,0.000999000999000999,6.326164686368747,9.0
ai7,Jira,lexical,0.3159012057027806,0.002997002997002997,3.444977884411954,17.0
ai7,Trello,lexical,0.1992303364150439,0.25074925074925075,0.7412227924867663,12.0
ai7,ハイジャック-hijack,lexical,0.21278000235982683,0.13686313686313686,0.9437654140075306,11.0
ai7,refactor,lexical,0.40631571138394623,0.006993006993006993,3.722061429010252,8.0
ai7,講ずる,lexical,0.3212531484431265,0.005994005994005994,3.408275008445198,17.0
ai7,捕捉,lexical,0.22291815866128256,0.0969030969030969,1.3671123236400171,15.0
ai7,醸成,lexical,0.27037012409500816,0.008991008991008992,2.938119456556326,23.0
ai7,プラクティス-practice,lexical,0.49623348250967275,0.000999000999000999,9.06981545620882,162.0
ai7,再発,lexical,0.2762715890119523,0.03996003996003996,2.0640384049431444,12.0
ai7,側面,lexical,0.7144736214923314,0.000999000999000999,11.814887192304857,19.0
ai7,finally,lexical,0.1723524626021622,0.33166833166833165,0.44885043738633035,15.0
ai7,実践,lexical,0.7777696381382819,0.000999000999000999,16.140698343719347,156.0
ai7,ペネトレーションテスト,lexical,0.21885534396783926,0.18281718281718282,0.7365544820922691,8.0
ai7,Prettier,lexical,0.278603917528437,0.025974025974025976,2.3780698134488882,13.0
ai7,直結,lexical,0.35616540673156183,0.000999000999000999,4.541465351922558,22.0
ai7,レジストリー-registry,lexical,0.19207090311544608,0.13286713286713286,1.1191182445683643,29.0
ai7,順守,lexical,0.11046568912293783,0.7742257742257742,-0.7430962897755907,21.0
ai7,後方,lexical,0.1992303364150439,0.21878121878121878,0.7711115840308752,12.0
ai7,築く,lexical,0.18673932825782463,0.24275724275724275,0.6297904730210993,13.0
ai7,Prometheus,lexical,0.521519164865488,0.000999000999000999,6.834174780484048,13.0
ai7,戦略,lexical,0.3811452891506716,0.000999000999000999,5.619120791930423,99.0
ai7,チームワーク-teamwork,lexical,0.2817554940020279,0.03496503496503497,1.9101165020740376,9.0
ai7,レトロスペクティブ-retrospective,lexical,0.3053811817120913,0.006993006993006993,3.2049648025724258,16.0
ai7,Policy,lexical,0.11394119543185194,0.7042957042957043,-0.6897699971420208,15.0
ai7,批判,lexical,0.12523617223536807,0.6303696303696303,-0.42868349712216547,19.0
ai7,落とし穴,lexical,0.8671741801127923,0.000999000999000999,12.531215750368414,12.0
ai7,堅牢,lexical,0.22846321357934143,0.028971028971028972,2.0352799794352943,32.0
ai7,ESLint,lexical,0.3769687651356284,0.000999000999000999,5.000749110710342,17.0
ai7,HTTPS,lexical,0.1769077055969436,0.1848151848151848,0.8678615766677812,37.0
ai7,心掛ける,lexical,0.30598092405552557,0.001998001998001998,4.025922571975782,47.0
ai7,ロギング-Longging,lexical,0.35378034430436334,0.000999000999000999,4.548488240613675,19.0
ai7,Created,lexical,0.18713439086640282,0.23576423576423577,0.7590705374869557,14.0
ai7,インジェクション-injection,lexical,0.17659950293284749,0.1878121878121878,0.8203725614533408,34.0
ai7,ガイド-guide,lexical,0.36607274422553293,0.000999000999000999,5.518399837105493,83.0
ai7,スタンド-stand,lexical,0.27306632416192284,0.014985014985014986,2.4581142832331633,16.0
ai7,Wiki,lexical,0.23522070653444535,0.07292707292707293,1.561214756053922,14.0
ai7,パイプライン,lexical,0.26362430153537614,0.001998001998001998,3.1448549237491537,81.0
ai7,エンティティー-entity,lexical,0.2570065492290072,0.007992007992007992,2.6709013811381372,27.0
ai7,見直し,lexical,0.5292840095620608,0.000999000999000999,8.71959474908246,31.0
ai7,効果,lexical,0.2894993077950088,0.000999000999000999,3.6434414306466856,134.0
ai7,対策,lexical,0.17227421971786117,0.1928071928071928,0.8393543784782597,83.0
ai7,リレーショナル-relational,lexical,0.048796944413086164,0.999000999000999,-2.090199820629714,37.0
ai7,Top,lexical,0.4255969797264543,0.000999000999000999,4.980377487346916,14.0
ai7,頻発,lexical,0.2623754262484035,0.058941058941058944,1.7330697916118323,11.0
ai7,Compose,lexical,0.21169314054788826,0.07792207792207792,1.5388068999478945,26.0
ai7,CD,lexical,0.4085889567706798,0.000999000999000999,6.648358459490866,104.0
ai7,排除,lexical,0.23147024478688752,0.03296703296703297,2.116514346436463,38.0
ai7,コラボレーション-collaboration,lexical,0.16966649189211927,0.23976023976023977,0.560184384104399,21.0
ai7,分担,lexical,0.37159126438436646,0.000999000999000999,4.4071305818874755,16.0
ai7,ユーザビリティー-usability,lexical,0.15480593413849353,0.3786213786213786,0.16682722329148136,17.0
ai7,定期,lexical,0.341006332012756,0.000999000999000999,4.915579741826622,116.0
ai7,配分,lexical,0.38491594506982774,0.001998001998001998,4.475703504177003,13.0
ai7,Not,lexical,0.17005468158925977,0.2897102897102897,0.48733056390613305,16.0
ai7,feat,lexical,0.3785360132823593,0.00999000999000999,3.598413685414988,9.0
ai7,一貫,lexical,0.4744916147475218,0.000999000999000999,8.257923650042185,89.0
ai7,現代,lexical,0.7341185864374287,0.000999000999000999,14.810844821400805,53.0
ai7,TLS,lexical,0.41097849472070974,0.000999000999000999,4.712606166585358,12.0
ai7,認可,lexical,0.2657139545448403,0.004995004995004995,3.1243819639374184,46.0
ai7,PATCH,lexical,0.23489371096811612,0.03396603396603397,2.0626189833174964,23.0
ai7,Integration,lexical,0.14149287840213554,0.44955044955044954,0.0015569949915600558,23.0
ai7,Foreign,lexical,0.2655156426816279,0.028971028971028972,1.7689497634988054,10.0
ai7,進捗,lexical,0.26899938349005376,0.003996003996003996,3.157839383688285,37.0
ai7,保つ,lexical,0.4042851454865038,0.000999000999000999,6.625636864740671,91.0
ai7,継続,lexical,0.5877461839912766,0.000999000999000999,10.894777736869132,132.0
ai7,レビュー-review,lexical,0.2752419094577036,0.002997002997002997,3.6521587312470367,116.0
ai7,インテグレーション-integration,lexical,0.2378548723501081,0.02097902097902098,2.3348906096044733,37.0
ai7,予期,lexical,0.15533926591494313,0.37162837162837165,0.30746389410346375,26.0
ai7,向上,lexical,0.4901766602970274,0.000999000999000999,8.65593389653912,220.0
ai7,Jenkins,lexical,0.16732691075858722,0.24875124875124874,0.6811111377182623,32.0
ai7,アプローチ-approach,lexical,0.2765193121820339,0.001998001998001998,3.2970266651842675,49.0
ai7,数値,lexical,0.3144838256101544,0.011988011988011988,2.907044563625432,12.0
ai7,確保,lexical,0.20160353186509047,0.053946053946053944,1.6839713080203056,91.0
ai7,CI,lexical,0.5037423192253676,0.000999000999000999,9.086006817144376,118.0
ai7,発見,lexical,0.2891786542746875,0.000999000999000999,3.65294781404285,88.0
ai7,名詞,lexical,0.20544376389764563,0.1018981018981019,1.291636055252562,19.0
ai7,セキュリティー-security,lexical,0.34845414222165855,0.000999000999000999,5.184052611558196,145.0
ai7,ハンドリング-handling,lexical,0.199580785300913,0.0939060939060939,1.344427176725036,37.0
ai7,ソフトウェア-software,lexical,0.36124391158339664,0.000999000999000999,5.588676320330232,138.0
ai7,策定,lexical,0.23501881426457003,0.02097902097902098,2.197884060910893,33.0
ai7,Bad,lexical,0.18713439086640282,0.2217782217782218,0.7405936466783641,14.0
ai7,コミュニケーション-communication,lexical,0.10560823268283662,0.7602397602397603,-0.7631921139325846,73.0
ai7,Docker,lexical,0.10775000977335379,0.7472527472527473,-0.6948815440689888,70.0
ai7,クロース-cloth,lexical,0.2502167773443193,0.017982017982017984,2.4388417163493354,28.0
ai7,ORM,lexical,0.23086385645895877,0.06993006993006994,1.5313222847769796,16.0
ai7,バリデーション-validation,lexical,0.28450716735804144,0.002997002997002997,3.3016814584081233,28.0
ai7,Representational,lexical,0.17127770281306792,0.2947052947052947,0.532321547401583,16.0
ai7,実施,lexical,0.20441295104937113,0.060939060939060936,1.6336487100688188,102.0
ai7,フィードバック-feedback,lexical,0.36721825908509165,0.000999000999000999,5.679209534079988,79.0
ai7,両立,lexical,0.5696478413525021,0.000999000999000999,8.520141130430241,17.0
ai7,Canary,lexical,0.5872731963596969,0.000999000999000999,5.92509093403227,6.0
ai7,品質,lexical,0.3999590419975007,0.000999000999000999,6.472046646554949,172.0
ai7,正規,lexical,0.15804927166552799,0.33466533466533466,0.4123819528122129,33.0
ai7,プロセス-process,lexical,0.3055254880983837,0.000999000999000999,4.256638427527827,156.0
ai7,設ける,lexical,0.2352439102510186,0.01898101898101898,2.2921979123940175,38.0
ai7,デリバリー-delivery,lexical,0.31784963416868195,0.001998001998001998,4.065539737973101,27.0
ai7,Teams,lexical,0.22975295305495883,0.08091908091908091,1.4826654883703576,13.0
ai7,Content,lexical,0.18047265379588032,0.17482517482517482,0.9236790059770933,28.0
ai7,バランス-balance,lexical,0.16854187953477562,0.22577422577422576,0.7122855572950455,36.0
ai7,JUnit,lexical,0.17514106092009132,0.4085914085914086,0.2103923859675036,11.0
ai7,リソース-resource,lexical,0.1430703549992155,0.4275724275724276,0.15283504435360504,114.0
ai7,統一,lexical,0.4408781919661909,0.000999000999000999,7.513212023234765,78.0
ai7,左右,lexical,0.2559242464093877,0.027972027972027972,2.22202285789533,18.0
ai7,ポータビリティー,lexical,0.2581370875603313,0.0959040959040959,1.3743696213117487,9.0
ai7,デーリー-daily,lexical,0.21049543117191005,0.2057942057942058,0.7844628334296027,9.0
ai7,保守,lexical,0.49442072589589703,0.000999000999000999,8.817327045775817,77.0
ai7,改善,lexical,0.26025256067650254,0.001998001998001998,2.927654189791275,157.0
ai7,規約,lexical,0.2926422475190289,0.000999000999000999,3.731514743714935,38.0
ai7,以内,lexical,0.43926555068460654,0.000999000999000999,6.6348026005556155,32.0
ai7,Request,lexical,0.20843382361012994,0.059940059940059943,1.6895780423075804,37.0
ai7,規則,lexical,0.2756173494785716,0.005994005994005994,3.0198065249726924,37.0
ai7,定める,lexical,0.24727430050657542,0.02097902097902098,2.433574060651194,36.0
ai7,可読,lexical,0.27355599424158705,0.002997002997002997,3.2880993427924636,57.0
ai7,徹底,lexical,0.17035398906171406,0.24075924075924077,0.7239438121662735,40.0
ai7,効率,lexical,0.4192346925381432,0.000999000999000999,6.92644385456833,193.0
ai7,シューティング-shooting,lexical,0.2554759519032494,0.016983016983016984,2.299989615725495,17.0
ai7,コーディング-coding,lexical,0.1896687678824404,0.1108891108891109,1.2402526105947262,45.0
ai7,姿勢,lexical,0.14585772174656775,0.5554445554445554,-0.10803101127648045,15.0
ai7,促進,lexical,0.18597650501034663,0.15284715284715283,1.0523973066827093,30.0
ai7,防ぐ,lexical,0.34573285695828576,0.000999000999000999,5.278094674459522,74.0
ai7,パフォーマンス-performance,lexical,0.20011385098765083,0.08091908091908091,1.4450122568291324,102.0
ai7,ツール-tool,lexical,0.1792197368399533,0.14685314685314685,1.0790153287230684,180.0
ai7,ガイドライン-guideline,lexical,0.37640627529023646,0.000999000999000999,5.485434896791703,30.0
ai7,洗い出す,lexical,0.3648420610091671,0.000999000999000999,5.137539182303857,24.0
ai7,Squash,lexical,0.2581370875603313,0.0969030969030969,1.4098731638253084,9.0
ai7,Pull,lexical,0.23994507490471803,0.03596403596403597,2.1444345586466085,22.0
ai7,Dockerfile,lexical,0.17876548398623296,0.17682317682317683,0.887198217592219,38.0
ai7,ポジティブ-positive,lexical,0.26240691028051316,0.028971028971028972,2.2111050272337804,16.0
ai7,カバレッジ-coverage,lexical,0.5031745796121083,0.000999000999000999,8.325036217312661,34.0
ai7,テスト-test,lexical,0.27993027306658125,0.000999000999000999,3.57321385597118,180.0
ai7,OWASP,lexical,0.40973519110575424,0.000999000999000999,5.175301449323353,18.0
ai7,構築,lexical,0.383553371585358,0.000999000999000999,6.221068583559305,165.0
ai7,活用,lexical,0.5872039417905269,0.000999000999000999,11.099048628442393,183.0
ai7,最小,lexical,0.32550680509654356,0.000999000999000999,4.587234204143143,73.0
ai7,ドキュメンテーション-documentation,lexical,0.19385451764714443,0.1798201798201798,0.9767428295933573,18.0
ai7,Markdown,lexical,0.5985822748839484,0.000999000999000999,7.9700042262166155,11.0
ai7,防止,lexical,0.43995213751798534,0.000999000999000999,6.513808603670088,25.0
ai7,ZAP,lexical,0.7426463465030689,0.000999000999000999,8.774501385805213,8.0
ai7,悪意,lexical,0.18747197403711152,0.16583416583416583,0.8702223467195649,21.0
ai7,バグ-bug,lexical,0.29812843972186187,0.000999000999000999,3.9926927009440383,104.0
ai7,Git,lexical,0.11386981165798622,0.6793206793206793,-0.5250928897045972,69.0
ai7,ステータス-status,lexical,0.13253705233156948,0.5024975024975025,-0.10426488847120433,41.0
ai7,考慮,lexical,0.3311171850788169,0.000999000999000999,4.851637204835795,85.0
ai7,従属,lexical,0.2270695761781485,0.05194805194805195,1.7696791332698882,20.0
ai7,共有,lexical,0.30852465289939324,0.000999000999000999,4.3332107637378705,127.0
ai7,デバッグ-debug,lexical,0.27589376889195305,0.002997002997002997,3.1531483591303813,35.0
ai7,完璧,lexical,0.41498124601801684,0.000999000999000999,5.824362245626834,19.0
ai7,PUT,lexical,0.03678523620989928,1.0,-2.38230801520957,32.0
ai7,高める,lexical,0.37281734943081823,0.000999000999000999,5.830650108257021,72.0
ai7,モニタリング-monitoring,lexical,0.1582416255494417,0.3436563436563437,0.3064895117268747,23.0
ai7,安全,lexical,0.27948118423934165,0.003996003996003996,3.5247376576408773,91.0
ai7,CSP,lexical,0.14493789802503088,0.46853146853146854,-0.06727028307578987,16.0
ai7,纏め,lexical,1.5943591205785248,0.000999000999000999,34.24103525143021,244.0
ai7,Flow,lexical,0.29901248714097706,0.006993006993006993,3.177837949374469,22.0
ai7,原則,lexical,0.3572458902725582,0.000999000999000999,5.582287130094162,59.0
ai7,ステップ-step,lexical,0.2810480846022955,0.002997002997002997,3.5746668738527405,77.0
ai7,監視,lexical,0.3625667343327566,0.000999000999000999,5.297540940793643,39.0
ai7,応ずる,lexical,0.4711515589636408,0.000999000999000999,8.084128504687946,110.0
ai7,通ずる,lexical,0.30667181587735065,0.001998001998001998,4.043493638657414,51.0
ai7,RBAC,lexical,0.45303355576592214,0.001998001998001998,4.9122793974323296,10.0
ai7,推移,lexical,0.22711369612105822,0.06793206793206794,1.6571262144408483,19.0
ai7,OAuth,lexical,0.15933895220677471,0.33966033966033965,0.41253756481058396,25.0
ai7,アプリケーション-application,lexical,0.3662625986739187,0.000999000999000999,5.558084530511639,150.0
ai7,例,lexical,0.5159108485744178,0.000999000999000999,9.5150153273362,203.0
ai7,本番,lexical,0.36339527144681305,0.000999000999000999,5.5325148126566,86.0
ai7,軽量,lexical,0.20443502290160456,0.07992007992007992,1.478881287319501,31.0
ai7,ミーティング-meeting,lexical,0.23067933540826246,0.028971028971028972,2.0337777157901984,27.0
ai7,レビュアー,lexical,0.30649268220754483,0.006993006993006993,3.4083551947818402,23.0
ai7,選定,lexical,0.24836721041954846,0.013986013986013986,2.5486785736463196,39.0
ai7,スケーラビリティ,lexical,0.26345397072632304,0.01998001998001998,2.3883167019442983,18.0
ai7,受け入れ,lexical,0.26869695795596615,0.03696303696303696,2.031149625359281,11.0
ai7,保証,lexical,0.3669122057410389,0.000999000999000999,5.619064462942008,61.0
ai7,Swagger,lexical,0.30599229204840445,0.008991008991008992,3.124041996223389,17.0
ai7,イメージ-image,lexical,0.1989408178603827,0.08491508491508491,1.4205855610390863,47.0
ai7,低下,lexical,0.14133887235452805,0.4245754245754246,0.10400426474838143,32.0
ai7,基本,lexical,0.23860985093847414,0.014985014985014986,2.437867734314655,173.0
ai7,スタイル-style,lexical,0.2956329183845562,0.001998001998001998,3.7901091475796815,43.0
ai7,成功,lexical,0.36966999293988734,0.000999000999000999,5.859692291961522,104.0
ai7,概念,lexical,0.12251411447442546,0.5994005994005994,-0.338561519744058,70.0
ai7,具体,lexical,0.41933951603002717,0.000999000999000999,6.8573258741484056,124.0
ai7,短い,lexical,0.21278000235982675,0.18981018981018982,0.9367405435944647,11.0
ai7,要素,lexical,0.3064160912030563,0.000999000999000999,4.150949320650992,132.0
ai7,PR,lexical,0.5819891050674167,0.000999000999000999,10.411201143463163,45.0
ai7,Commits,lexical,0.581623155677884,0.000999000999000999,6.8599660779163125,9.0
ai7,取り入れる,lexical,0.3816016934401811,0.000999000999000999,5.530379480582585,39.0
ai7,メトリクス-metrics,lexical,0.361834014046107,0.000999000999000999,5.063267323195526,26.0
ai7,解説,lexical,0.8541484996181138,0.000999000999000999,18.24968394753393,185.0
ai7,スキル-skill,lexical,0.15579934363302414,0.3196803196803197,0.47095403846130957,57.0
ai7,質,lexical,0.18313629035386608,0.16583416583416583,0.9051091397894939,26.0
ai7,管理,lexical,0.19921835842403798,0.06993006993006994,1.5778015871107849,217.0
ai7,必須,lexical,0.5544414417617421,0.000999000999000999,10.365707533973717,64.0
ai7,鍵,lexical,0.43695881135701325,0.000999000999000999,6.758745182035087,33.0
ai7,Conventional,lexical,0.581623155677884,0.000999000999000999,6.8599660779163125,9.0
ai7,順位,lexical,0.2670743991521005,0.016983016983016984,2.748682574624403,24.0
ai7,文化,lexical,0.40195909982913985,0.000999000999000999,6.445963505260098,49.0
ai7,維持,lexical,0.218390395929658,0.03796203796203796,1.9291140078763953,55.0
ai7,GitLab,lexical,0.3369224945191634,0.000999000999000999,4.722505527326872,45.0
ai7,JWT,lexical,0.23505206196946216,0.023976023976023976,2.1294388413658973,28.0
ai7,推奨,lexical,0.39371731201404053,0.000999000999000999,6.366727392965192,61.0
ai7,デプロイ-deploy,lexical,0.3572552170177852,0.000999000999000999,5.278194506543436,83.0
ai7,運用,lexical,0.22841857163430065,0.022977022977022976,2.1318144786111466,84.0
ai7,コード-code,lexical,0.39338980200622903,0.000999000999000999,6.35598492274461,228.0
ai7,可視,lexical,0.5901557188156118,0.000999000999000999,11.353668316891888,60.0
ai7,進化,lexical,0.2998223713755393,0.001998001998001998,3.617189006766025,28.0
ai7,ビルド-build,lexical,0.42061567690569257,0.000999000999000999,6.627446926264039,86.0
ai7,全体,lexical,0.38986447974008404,0.000999000999000999,6.293781862271358,127.0
ai7,Hub,lexical,0.1774336316186539,0.17482517482517482,0.8631513691824824,28.0
ai7,Application,lexical,0.1763834207376395,0.4725274725274725,-0.6985647979576652,3.0
ai7,Web,lexical,0.12219585282379215,0.6443556443556444,-0.4083205630931433,78.0
ai7,ヘッダー-header,lexical,0.20871180086371513,0.058941058941058944,1.6508698569810045,40.0
ai7,信頼,lexical,0.3289097883847145,0.000999000999000999,4.416381876221254,57.0
ai7,エンジニア-engineer,lexical,0.6605168797935914,0.000999000999000999,13.059898797593519,192.0
ai7,暗号,lexical,0.19336426834049128,0.10789210789210789,1.2805370628915012,38.0
ai7,カーネル-colonel,lexical,0.20537922261820224,0.11788211788211789,1.15911519346182,18.0
ai7,命名,lexical,0.29103420360727467,0.002997002997002997,3.4558364810075335,40.0
ai7,段階,lexical,0.4298043043566194,0.000999000999000999,7.024125988458481,74.0
ai7,自動,lexical,0.5684951154239825,0.000999000999000999,10.886710287819703,172.0
ai7,CircleCI,lexical,0.18421996106441468,0.15984015984015984,0.9737253440465545,23.0
ai7,プロジェクト-project,lexical,0.3123381936235087,0.000999000999000999,4.294651592070714,143.0
ai7,開発,lexical,0.538015378199863,0.000999000999000999,9.82644382197454,266.0
ai7,リポジトリー-repository,lexical,0.20956720054373942,0.055944055944055944,1.7088378380451876,47.0
ai7,脆弱,lexical,0.26605467386259857,0.004995004995004995,3.038394530911973,49.0
ai7,点,lexical,0.28512313689253127,0.000999000999000999,3.8614337695200867,98.0
ai7,結果,lexical,0.33259114301690906,0.000999000999000999,4.760383891294125,63.0
ai7,スプリント-sprint,lexical,0.26365152317501567,0.012987012987012988,2.6549234260953276,23.0
ai7,ファクタリング-factoring,lexical,0.17209996418658363,0.25774225774225773,0.6708736685775385,24.0
ai7,キー-key,lexical,0.24215981467380382,0.011988011988011988,2.540827622149112,50.0
ai7,Actions,lexical,0.536917122783174,0.000999000999000999,9.08709070531617,43.0
ai7,認証,lexical,0.2804392537786388,0.001998001998001998,3.4917035245618804,68.0
ai7,無視,lexical,0.22431035441317454,0.21878121878121878,0.7453778274175293,7.0
ai7,於く,lexical,1.2493769038183526,0.000999000999000999,27.60072764058938,199.0
ai7,ポイント-point,lexical,0.46406987926272353,0.000999000999000999,7.810159831385159,139.0
ai7,不正,lexical,0.23575926335355463,0.024975024975024976,2.207723300115369,33.0
ai7,オプション-option,lexical,0.26080548874865883,0.03996003996003996,1.976099497966468,14.0
ai7,オペレーション-operation,lexical,0.3741657386773944,0.000999000999000999,1.057962701864773,1.0
ai7,処理,lexical,0.1881051769248958,0.11788211788211789,1.224431863338752,92.0
ai7,含む,lexical,0.35806003890265214,0.000999000999000999,5.467877299061823,73.0
ai7,統合,lexical,0.282826669430147,0.002997002997002997,3.6229443906633687,65.0
ai7,API,lexical,0.19619944391865246,0.07592407592407592,1.5168873630471806,74.0
ai7,際,lexical,0.5577658803507636,0.000999000999000999,10.665585712872973,117.0
ai7,git,lexical,0.4008236840600096,0.03796203796203796,2.617386530383454,5.0
ai7,application,lexical,0.3741657386773946,0.000999000999000999,1.1294553637921876,1.0
ai7,種類,lexical,0.25308134574070434,0.00999000999000999,2.6128146742244494,36.0
ai7,次,lexical,0.19229477194189468,0.09090909090909091,1.3463433697693277,69.0
ai7,従う,lexical,0.24062526583905924,0.01898101898101898,2.3764657313656232,43.0
ai7,環境,lexical,0.32764359232185547,0.000999000999000999,4.633213168363078,136.0
ai7,Primary,lexical,0.2655156426816279,0.028971028971028972,1.7689497634988054,10.0
ai7,完了,lexical,0.24915115704034976,0.007992007992007992,2.731296863192482,43.0
ai7,テーブル-table,lexical,0.06848336803793532,0.9460539460539461,-1.6312081542250494,31.0
ai7,示す,lexical,0.27869364277988706,0.002997002997002997,3.2236228635804185,43.0
ai7,取れる,lexical,0.2715003393989345,0.07192807192807193,1.661201701679314,8.0
ai7,状況,lexical,0.4791372380637752,0.000999000999000999,8.552625697613749,56.0
ai7,生産,lexical,0.4694413370405521,0.000999000999000999,7.776825706755952,51.0
ai7,下,lexical,0.5346338310781812,0.14585414585414586,2.427067195693995,2.0
ai7,メモリー-memory,lexical,0.3486263760458001,0.025974025974025976,2.558176129489663,7.0
ai7,model,lexical,0.37416573867739433,0.000999000999000999,1.0429290720937934,1.0
ai7,対象,lexical,0.5391215509655825,0.000999000999000999,9.650577853341424,69.0
ai7,g,lexical,0.24152294576982408,1.0,-0.41492241396807916,2.0
ai7,タイミング-timing,lexical,0.3061829469885117,0.000999000999000999,3.4493284893209886,21.0
ai7,返す,lexical,0.1313901001676977,0.5184815184815185,-0.17054222786376608,29.0
ai7,加える,lexical,0.18824349348980085,0.1838161838161838,0.7540521755812669,13.0
ai7,O,lexical,0.32457613951544134,0.17682317682317683,1.0089183090140679,3.0
ai7,ユーザー-user,lexical,0.12902713452535577,0.5414585414585414,-0.19363091913451272,109.0
ai7,入力,lexical,0.2414844893424165,0.02197802197802198,2.3810887109630063,52.0
ai7,観点,lexical,0.5549474066586071,0.000999000999000999,9.95662294313694,33.0
ai7,制御,lexical,0.17369083752214975,0.21978021978021978,0.7513562193822811,30.0
ai7,事例,lexical,0.2358720715952978,0.15584415584415584,1.129971621161861,9.0
ai7,機会,lexical,0.2933388497822696,0.006993006993006993,3.190409116271378,23.0
ai7,番,lexical,0.36800612576946773,0.03696303696303696,2.4187844127138662,6.0
ai7,merge,lexical,0.1763834207376395,0.8781218781218781,-0.7237411095880694,3.0
ai7,選択,lexical,0.2506523705661408,0.007992007992007992,2.69096300719003,68.0
ai7,バリュー-value,lexical,0.37416573867739433,0.000999000999000999,1.0442099862270091,1.0
ai7,複数,lexical,0.20551385279567078,0.07092907092907093,1.602145336587821,94.0
ai7,解決,lexical,0.1735641384069615,0.18581418581418582,0.8486688610721138,70.0
ai7,ウェブ-web,lexical,0.22910438164897476,0.4205794205794206,0.1468013906368634,4.0
ai7,pull,lexical,0.22534606628376638,0.2137862137862138,0.4956903450759822,6.0
ai7,皆,lexical,0.5468883043671022,0.000999000999000999,9.741685275345958,48.0
ai7,結論,lexical,0.31302893010508587,0.002997002997002997,3.4509710742512167,17.0
ai7,クライアント-client,lexical,0.12056867518477012,0.6693306693306693,-0.4428146074695265,34.0
ai7,好み,lexical,0.3245761395154413,0.24875124875124874,1.018809944197592,3.0
ai7,コンテンツ-contents,lexical,0.42222791416212807,0.000999000999000999,4.657959794428387,11.0
ai7,注意,lexical,0.25884068322555726,0.013986013986013986,2.64644865918497,46.0
ai7,動作,lexical,0.2960788307795374,0.000999000999000999,3.955249286572505,78.0
ai7,起動,lexical,0.16732691075858722,0.26373626373626374,0.5870798155154296,32.0
ai7,終わり,lexical,0.28115456996864147,0.004995004995004995,3.3314373448593035,39.0
ai7,push,lexical,0.12888524809631785,0.7912087912087912,-0.5496409516360442,10.0
ai7,ログ-log,lexical,0.37940968694277866,0.000999000999000999,6.005483702387362,61.0
ai7,アクセス-access,lexical,0.2459587399878562,0.013986013986013986,2.6400376800386316,68.0
ai7,決める,lexical,0.35293327320363155,0.000999000999000999,5.121300837669368,40.0
ai7,以上,lexical,0.3447085852463768,0.001998001998001998,5.06639983888036,74.0
ai7,操作,lexical,0.21030560839587994,0.04195804195804196,1.7994093948251386,78.0
ai7,幸い,lexical,0.4437715305674916,0.000999000999000999,6.405501145983773,25.0
ai7,度,lexical,0.42167203665366004,0.000999000999000999,6.888368376785304,98.0
ai7,URL,lexical,0.12825792460575258,0.5684315684315684,-0.2762767840068107,27.0
ai7,共,lexical,0.2715779208674022,0.008991008991008992,2.896065776056519,28.0
ai7,カレンダー-calendar,lexical,0.24152294576982414,0.13686313686313686,-0.3965476011779342,2.0
ai7,連携,lexical,0.3088905331843136,0.001998001998001998,4.117807472200058,39.0
ai7,日々,lexical,0.3090507578084345,0.015984015984015984,2.6805329160846996,13.0
ai7,通り,lexical,0.5206603871688809,0.000999000999000999,9.266435198121389,53.0
ai7,限り,lexical,0.3376442674926812,0.000999000999000999,4.4041886493464935,22.0
ai7,絞る,lexical,0.2256000391857077,0.13986013986013987,1.0904118365265332,10.0
ai7,メーン-main,lexical,0.19464787625035018,0.13586413586413587,0.9249960915088263,16.0
ai7,ドメイン-domain,lexical,0.14226185637392735,0.4955044955044955,-0.10326412895996459,17.0
ai7,構成,lexical,0.16189522846029003,0.25674325674325676,0.6325583236546182,67.0
ai7,ルート-route,lexical,0.2715003393989345,0.07592407592407592,1.5445658867729244,8.0
ai7,分類,lexical,0.3580634164165332,0.01898101898101898,2.775661457956441,8.0
ai7,カウント-count,lexical,0.3741657386773944,0.000999000999000999,1.057884635928327,1.0
ai7,クラス-class,lexical,0.17790514916659958,0.22077922077922077,0.703991022355638,20.0
ai7,機能,lexical,0.15094094088540233,0.32867132867132864,0.39913043818465405,150.0
ai7,詳細,lexical,0.34232139533042677,0.000999000999000999,4.980212945697018,68.0
ai7,確認,lexical,0.4105032844816915,0.000999000999000999,7.025468890916585,132.0
ai7,インストール-install,lexical,0.12913654855049989,0.5644355644355644,-0.2252011478108605,35.0
ai7,失う,lexical,0.661719230811325,0.013986013986013986,4.97525652054263,3.0
ai7,情報,lexical,0.35619673332900836,0.000999000999000999,5.6254608245545725,143.0
ai7,データ-data,lexical,0.053712663914343775,0.9920079920079921,-1.962961896150901,115.0
ai7,OK,lexical,0.2583600478512041,0.01898101898101898,2.486263533338079,20.0
ai7,先ず,lexical,0.33908061413714763,0.000999000999000999,5.152457624450255,91.0
ai7,例えば,lexical,0.7292525456569126,0.000999000999000999,13.81931419238329,73.0
ai7,速度,lexical,0.17158355343172355,0.2627372627372627,0.5325186603477784,18.0
ai7,複雑,lexical,0.1741959343461087,0.16883116883116883,0.9569568029616892,43.0
ai7,正しい,lexical,0.3492657682729856,0.001998001998001998,4.835099846491432,30.0
ai7,時間,lexical,0.35207278484326715,0.000999000999000999,5.398031694276081,95.0
ai7,誤る,lexical,0.2715003393989344,0.1018981018981019,1.590243142623251,8.0
ai7,ID,lexical,0.2022140583424504,0.1038961038961039,1.3695891715634823,25.0
ai7,表,lexical,0.1302223569648849,0.5844155844155844,-0.3348002357216028,16.0
ai7,パターン-pattern,lexical,0.3441721501430022,0.000999000999000999,4.795540971311143,36.0
ai7,プログラミング-programming,lexical,0.096070304143243,0.8511488511488512,-1.0229296192300843,26.0
ai7,取り組む,lexical,0.23323265047937705,0.028971028971028972,2.006878587882327,24.0
ai7,求める,lexical,0.31288228153045733,0.000999000999000999,3.9877631967998037,30.0
ai7,知見,lexical,0.2936430520230656,0.14785214785214784,1.3940126192929307,6.0
ai7,提供,lexical,0.2713938133025414,0.000999000999000999,3.5259801895127594,76.0
ai7,実際,lexical,0.5247997655539143,0.000999000999000999,9.324559667145028,86.0
ai7,パス-pass,lexical,0.18172779393241373,0.17382617382617382,0.835501497017185,25.0
ai7,新しい,lexical,0.38765265298597806,0.000999000999000999,6.2171736566031,47.0
ai7,サイン-sign,lexical,0.37416573867739417,1.0,0.999499874937461,1.0
ai7,採用,lexical,0.32663503624836027,0.000999000999000999,4.707037575053313,53.0
ai7,コスト-cost,lexical,0.2019236136872764,0.07492507492507493,1.4684935134090549,34.0
ai7,手段,lexical,0.1580335517709149,0.4085914085914086,0.2307687376784161,16.0
ai7,生ずる,lexical,0.17514106092009132,0.3996003996003996,0.313724577964865,11.0
ai7,作成,lexical,0.34115101778306156,0.000999000999000999,5.075731841330869,174.0
ai7,ケース-case,lexical,0.3051773386830869,0.000999000999000999,3.8044951264817364,51.0
ai7,ソース-sauce,lexical,0.21697375153193071,0.03696303696303696,1.9059803724250122,36.0
ai7,勧める,lexical,0.3630196581068355,0.000999000999000999,5.1639653757014985,35.0
ai7,取得,lexical,0.1776129143824194,0.13986013986013987,1.055133636941378,63.0
ai7,メリット-merit,lexical,0.18873476423471353,0.12987012987012986,1.1402379583777633,43.0
ai7,ネットワーク-network,lexical,0.2312353795241276,0.06793206793206794,1.6998151636125316,15.0
ai7,製品,lexical,0.4034999065137375,0.000999000999000999,5.215115591433954,19.0
ai7,全て,lexical,0.3501407516842916,0.000999000999000999,5.271250511053452,93.0
ai7,作業,lexical,0.1710816612547641,0.16883116883116883,0.9139899952677492,66.0
ai7,見付かる,lexical,0.3479082802176681,0.007992007992007992,3.5376082468257506,13.0
ai7,CPU,lexical,0.24152294576982414,0.12787212787212787,-0.38122158504888914,2.0
ai7,意味,lexical,0.38769322407573703,0.000999000999000999,5.97470359134649,41.0
ai7,詳しい,lexical,0.6733215892848533,0.000999000999000999,11.999514126426375,27.0
ai7,上,lexical,0.31456732490585193,0.000999000999000999,4.38622305044724,45.0
ai7,扱う,lexical,0.20312006786915687,0.07192807192807193,1.5651913423769879,42.0
ai7,深い,lexical,0.19412027596937925,0.19480519480519481,0.9190165739656144,16.0
ai7,場面,lexical,0.27150033939893453,0.04995004995004995,1.494901379485957,8.0
ai7,取る,lexical,0.32232116360692714,0.000999000999000999,4.48851724611173,60.0
ai7,リンク-link,lexical,0.49958922868362293,0.000999000999000999,8.183877095204188,26.0
ai7,前,lexical,0.15455117427015375,0.3176823176823177,0.4533703158321864,64.0
ai7,ページ-page,lexical,0.2513610147256421,0.012987012987012988,2.7087783157678986,35.0
ai7,担当,lexical,0.27156151683750146,0.012987012987012988,2.8031837386082987,24.0
ai7,ブログ-blog,lexical,0.4710599130201324,0.000999000999000999,6.459686549228172,16.0
ai7,繰り返す,lexical,0.17612162584720775,0.2517482517482518,0.6406675409266358,19.0
ai7,直ぐ,lexical,0.5695034943384651,0.000999000999000999,9.145413767883595,22.0
ai7,過程,lexical,0.2980017323827247,0.14485514485514486,1.2393436230166754,5.0
ai7,セットアップ-set-up,lexical,0.522098356928543,0.000999000999000999,5.885045138679115,10.0
ai7,直接,lexical,0.23803905906851783,0.013986013986013986,2.3261046718291505,36.0
ai7,踏まえる,lexical,0.30185762553426987,0.025974025974025976,2.5258719627233717,11.0
ai7,サポート-support,lexical,0.21071232943747842,0.09290709290709291,1.3753856935037572,21.0
ai7,仕組み,lexical,0.24300406062319255,0.014985014985014986,2.3909597778163603,36.0
ai7,変化,lexical,0.30172606122298595,0.005994005994005994,3.0635089729475977,16.0
ai7,向ける,lexical,0.42767790493254226,0.000999000999000999,5.450775111968261,16.0
ai7,ダウンロード-download,lexical,0.11734238091767303,0.7282717282717283,-0.5952093014210666,18.0
ai7,疑問,lexical,0.2936430520230657,0.10589410589410589,1.6091782100049181,6.0
ai7,図,lexical,0.3248748916791048,0.006993006993006993,3.456441209463423,17.0
ai7,アップデート-update,lexical,0.27618014585290246,0.03196803196803197,2.3230163011724194,14.0
ai7,関連,lexical,0.24526441363808787,0.012987012987012988,2.5485789261393323,46.0
ai7,出力,lexical,0.2735361032138644,0.006993006993006993,2.946282054716925,36.0
ai7,記述,lexical,0.37149507143644256,0.000999000999000999,5.378438594278867,40.0
ai7,面,lexical,0.15183923297051835,0.5704295704295704,-0.18062756110706465,10.0
ai7,無くす,lexical,0.32457613951544145,0.01898101898101898,0.9216633832827057,3.0
ai7,中心,lexical,0.2297529530549588,0.12387612387612387,1.3650757747433726,13.0
ai7,良く,lexical,0.37367772105213864,0.000999000999000999,5.653530894897695,43.0
ai7,下げる,lexical,0.16957454743455264,0.3916083916083916,0.149468446271705,9.0
ai7,アーキテクチャー-architecture,lexical,0.244106038900232,0.015984015984015984,2.4835165635374556,31.0
ai7,整理,lexical,0.5140061718942472,0.000999000999000999,8.528319259436389,28.0
ai7,組織,lexical,0.3704014362264011,0.000999000999000999,4.419426009329952,16.0
ai7,つく,lexical,0.747512298044674,0.000999000999000999,15.01519580571632,182.0
ai7,備える,lexical,0.18558350783753053,0.4645354645354645,-0.013291812440878242,6.0
ai7,カバー-cover,lexical,0.5872731963596964,0.003996003996003996,5.30141735773271,6.0
ai7,法,lexical,0.3225205942389398,0.014985014985014986,2.6900450224162293,10.0
ai7,方針,lexical,0.11351545391442791,0.7382617382617382,-0.7824215086554293,12.0
ai7,参考,lexical,0.5261259054618114,0.000999000999000999,9.549277169418096,91.0
ai7,但し,lexical,0.1095167602648483,0.7532467532467533,-0.7028911547352351,25.0
ai7,Kubernetes,lexical,0.1102891985617606,0.7852147852147852,-0.7030985430166912,27.0
ai7,ホスト-host,lexical,0.15296770298532084,0.38161838161838163,0.14193898178320702,18.0
ai7,一定,lexical,0.6707468173658845,0.000999000999000999,8.633330223976552,9.0
ai7,保存,lexical,0.1760187749410297,0.18581418581418582,0.8927042765741847,36.0
ai7,沿う,lexical,0.3785360132823593,0.005994005994005994,3.5182686292501657,9.0
ai7,列,lexical,0.17060975652404994,0.21678321678321677,0.7507677514917476,28.0
ai7,通信,lexical,0.20801815549560754,0.06893106893106893,1.6260778200717965,34.0
ai7,纏める,lexical,0.5217611473902334,0.000999000999000999,8.890165170690391,59.0
ai7,箇所,lexical,0.3488070413103862,0.000999000999000999,4.283969411700576,23.0
ai7,特徴,lexical,0.24134522654388293,0.01998001998001998,2.248778534768053,34.0
ai7,コマンド-command,lexical,0.07848571269033838,0.9470529470529471,-1.4119005856278324,40.0
ai7,初期,lexical,0.2766223962532543,0.01098901098901099,2.9970719179944436,25.0
ai7,持つ,lexical,0.33980401280262623,0.000999000999000999,4.76474985703779,68.0
ai7,既存,lexical,0.22815815220302718,0.04695304695304695,1.7979327158906093,20.0
ai7,プログラム-program,lexical,0.15147602311424277,0.3936063936063936,0.15099037869407045,21.0
ai7,場合,lexical,0.22877788374281938,0.029970029970029972,2.2356956869833597,151.0
ai7,顧客,lexical,0.1992303364150439,0.23476523476523475,0.7575788482393606,12.0
ai7,背景,lexical,0.2744852588642151,0.029970029970029972,2.4246636280242706,14.0
ai7,公式,lexical,0.20494865578387797,0.09090909090909091,1.3592854624836066,23.0
ai7,UI,lexical,0.3674325107854895,0.003996003996003996,4.029140896193929,13.0
ai7,伴う,lexical,0.32140083994554636,0.029970029970029972,2.467367089687203,9.0
ai7,冒頭,lexical,0.4008236840600096,0.024975024975024976,2.672699235497335,5.0
ai7,行動,lexical,0.12651239610847467,0.7302697302697303,-0.8833480962339946,6.0
ai7,又,lexical,0.4411419473414073,0.000999000999000999,7.949795838119944,110.0
ai7,ポート-port,lexical,0.2655156426816278,0.06293706293706294,1.7591651737888274,10.0
ai7,見付ける,lexical,0.08923622141826289,0.926073926073926,-1.143987003287313,18.0
ai7,リスト-list,lexical,0.3053811817120912,0.01098901098901099,3.174150746480285,16.0
ai7,サイト-site,lexical,0.2491234443891191,0.008991008991008992,2.616904601198685,44.0
ai7,テーマ-theme,lexical,0.13937442296797073,0.7792207792207793,-0.559410331791167,7.0
ai7,同時,lexical,0.3192515563290766,0.003996003996003996,3.7059371654123003,18.0
ai7,因る,lexical,0.3710173861271589,0.000999000999000999,5.865633432024335,110.0
ai7,体験,lexical,0.21813639219771847,0.08291708291708291,1.4109357077521005,16.0
ai7,タイトル-title,lexical,0.3661042726525867,0.001998001998001998,3.7373048986677553,11.0
ai7,アップロード-upload,lexical,0.2520288049380835,0.15384615384615385,0.8843615363538144,6.0
ai7,及び,lexical,0.39438415504708035,0.000999000999000999,5.598020105410787,21.0
ai7,格納,lexical,0.1919760763743449,0.15184815184815184,0.988677762012978,18.0
ai7,部分,lexical,0.27920434341526423,0.003996003996003996,3.468933567196512,62.0
ai7,応答,lexical,0.12651239610847462,0.9400599400599401,-0.8436979917759019,6.0
ai7,側,lexical,0.35178354086006763,0.000999000999000999,5.183554293288331,42.0
ai7,両方,lexical,0.1627878690148955,0.4675324675324675,0.019760356418352148,10.0
ai7,推進,lexical,0.3580634164165332,0.008991008991008992,2.963127311220794,8.0
ai7,増加,lexical,0.16278786901489553,0.4245754245754246,-0.006807712420991341,10.0
ai7,止める,lexical,0.4302309951582521,0.000999000999000999,4.722835080630729,10.0
ai7,関する,lexical,0.30825316320141727,0.000999000999000999,3.9795219240728286,26.0
ai7,使う,lexical,0.5563152927718087,0.000999000999000999,10.342429048208745,129.0
ai7,無し,lexical,0.30185762553426987,0.028971028971028972,2.540564850407266,11.0
ai7,ハードウェア-hardware,lexical,0.4008236840600096,0.02097902097902098,2.773862907771895,5.0
ai7,大きい,lexical,0.3224819462652925,0.000999000999000999,4.302567985888333,45.0
ai7,伝える,lexical,0.22872025534400664,0.05094905094905095,1.816170720372213,21.0
ai7,生成,lexical,0.32001760852314814,0.000999000999000999,4.295810947329993,46.0
ai7,I,lexical,0.32457613951544134,0.18681318681318682,0.9216633832827051,3.0
ai7,ライブラリー-library,lexical,0.25565015074529596,0.011988011988011988,2.70339896083825,32.0
ai7,インポート-import,lexical,0.37416573867739433,0.000999000999000999,1.0442099862270091,1.0
ai7,main,lexical,0.194619500387019,0.14485514485514486,1.0502956881585048,19.0
ai7,始まる,lexical,0.22560003918570773,0.12187812187812187,1.0473583635837271,10.0
ai7,存在,lexical,0.21323356605346702,0.03696303696303696,1.9041816034830166,41.0
ai7,共通,lexical,0.29478520531592206,0.013986013986013986,2.9831473010244918,16.0
ai7,物理,lexical,0.22534606628376633,0.2517482517482518,0.4852684633705434,6.0
ai7,マップ-map,lexical,0.5872731963596964,0.001998001998001998,5.4428652318802575,6.0
ai7,同期,lexical,0.30197797122503756,0.025974025974025976,2.54117465442916,10.0
ai7,学ぶ,lexical,0.18008612194515988,0.1798201798201798,0.870709879539534,25.0
ai7,流れ,lexical,0.3596627672093418,0.000999000999000999,4.295210745253441,18.0
ai7,対する,lexical,0.3271162573273826,0.000999000999000999,4.763298315282043,78.0
ai7,分野,lexical,0.4063157113839462,0.006993006993006993,3.8564691383662884,8.0
ai7,何故,lexical,0.2511687816890217,0.014985014985014986,2.6338124981658995,31.0
ai7,現場,lexical,0.3629691300934271,0.003996003996003996,4.134778406375957,14.0
ai7,クラウド-crowd,lexical,0.11249534219626715,0.7392607392607392,-0.6929592004161406,19.0
ai7,遅い,lexical,0.26882082181910605,0.03796203796203796,1.8820907757727667,11.0
ai7,差,lexical,0.13937442296797073,0.8011988011988012,-0.5622097158469983,7.0
ai7,文脈,lexical,0.22910438164897476,0.3706293706293706,0.16617516409684904,4.0
ai7,バック-back,lexical,0.3301068404717049,0.001998001998001998,4.055095959506317,21.0
ai7,対応,lexical,0.41572091221042395,0.000999000999000999,6.843021578457904,72.0
ai7,固定,lexical,0.25202880493808344,0.14285714285714285,0.8995673258958424,6.0
ai7,其々,lexical,0.39067845600667656,0.000999000999000999,5.872726514060892,32.0
ai7,便利,lexical,0.17728360913363628,0.23776223776223776,0.667912704621625,21.0
ai7,オフ-off,lexical,0.29800173238272476,0.059940059940059943,1.3124908823330768,5.0
ai7,最終,lexical,0.24495276630552393,0.026973026973026972,2.145561296156494,19.0
ai7,判断,lexical,0.10873895087526927,0.7252747252747253,-0.8052395453186845,16.0
ai7,create,lexical,0.3741657386773944,0.000999000999000999,1.0571240336166783,1.0
ai7,増やす,lexical,0.45360569824282043,0.001998001998001998,4.774599998690358,10.0
ai7,概要,lexical,0.15968912501272292,0.3836163836163836,0.19512178736869407,15.0
ai7,支援,lexical,0.37333093587765376,0.001998001998001998,4.164221931074275,12.0
ai7,方式,lexical,0.2715003393989344,0.08391608391608392,1.5944554686847152,8.0
ai7,円-助数詞,lexical,0.3741657386773942,0.13286713286713286,1.0158077616729106,1.0
ai7,追加,lexical,0.30788412897507367,0.000999000999000999,4.117268072717724,66.0
ai7,個人,lexical,0.14319065786462168,0.42957042957042957,0.10503491001809047,33.0
ai7,CLI,lexical,0.32457613951544145,0.022977022977022976,0.9673077769281652,3.0
ai7,進む,lexical,0.2761801458529025,0.025974025974025976,2.3644992174771047,14.0
ai7,後,lexical,0.12218290075723694,0.6143856143856143,-0.38222140346822453,41.0
ai7,完成,lexical,0.2715003393989344,0.0939060939060939,1.623525453606151,8.0
ai7,要因,lexical,0.3680061257694678,0.01898101898101898,2.561495213189433,6.0
ai7,特に,lexical,0.3374423270297151,0.000999000999000999,4.811123157064729,34.0
ai7,方向,lexical,0.15183923297051835,0.5714285714285714,-0.1969646177231661,10.0
ai7,楽,lexical,0.5220983569285429,0.000999000999000999,6.509634932145368,10.0
ai7,トランザクション-transaction,lexical,0.16957454743455264,0.45054945054945056,0.07388705903096641,9.0
ai7,上記,lexical,0.4435661484696483,0.000999000999000999,7.5038820289017485,40.0
ai7,工数,lexical,0.3187128250600838,0.052947052947052944,2.0586432698309283,7.0
ai7,注目,lexical,0.1855835078375305,0.5964035964035964,-0.061430107812082385,6.0
ai7,運営,lexical,0.32457613951544134,0.16783216783216784,0.8200196111275424,3.0
ai7,ライフ-life,lexical,0.2980017323827247,0.08591408591408592,1.2740810549975665,5.0
ai7,通常,lexical,0.7620588610141013,0.000999000999000999,12.994134054410033,16.0
ai7,動く,lexical,0.35501106266469057,0.001998001998001998,4.345155859119225,19.0
ai7,名,lexical,0.34182933449552044,0.000999000999000999,5.110581877771857,52.0
ai7,内部,lexical,0.29922269869340795,0.01898101898101898,2.997379870553214,15.0
ai7,工夫,lexical,0.21885534396783926,0.16883116883116883,0.717358590122657,8.0
ai7,認識,lexical,0.28427267831875463,0.07892107892107893,1.4180876337476205,7.0
ai7,異なる,lexical,0.2673608922387115,0.007992007992007992,2.868173497208126,41.0
ai7,イベント-event,lexical,0.19040693224626107,0.44955044955044954,0.14178537853655196,7.0
ai7,サーバー-server,lexical,0.2985074658478558,0.000999000999000999,3.676329935226065,53.0
ai7,文,lexical,0.2080841981927644,0.1108891108891109,1.2742972891914213,17.0
ai7,ファイル-file,lexical,0.16146595710884848,0.26073926073926074,0.6303782071801048,77.0
ai7,減る,lexical,0.8730533902472536,0.000999000999000999,8.111382116405764,5.0
ai7,最後,lexical,0.3118394583588077,0.002997002997002997,4.067635956899944,34.0
ai7,ランダム-random,lexical,0.32457613951544134,0.24975024975024976,1.0827052001679829,3.0
ai7,無い,lexical,0.46187307146035395,0.000999000999000999,8.036034804580467,171.0
ai7,状態,lexical,0.2089502505356604,0.05194805194805195,1.7774698585755855,56.0
ai7,サンプル-sample,lexical,0.12067699818220794,0.7152847152847153,-0.5002354632415879,17.0
ai7,追う,lexical,0.2253460662837663,0.2997002997002997,0.5550040951567684,6.0
ai7,Create,lexical,0.41630486911760795,0.015984015984015984,2.2430628546544535,4.0
ai7,人気,lexical,0.13228756555322962,0.6783216783216783,-1.0132198596657898,4.0
ai7,差す-他動詞,lexical,0.24188898268922696,0.04495504495504495,1.7191608363577968,15.0
ai7,想定,lexical,0.674722272687101,0.000999000999000999,10.802310239671495,18.0
ai7,限る,lexical,0.2253460662837663,0.2957042957042957,0.5865463805378432,6.0
ai7,エンド-end,lexical,0.266128884859423,0.008991008991008992,2.955054788162514,35.0
ai7,程度,lexical,0.3026042633737099,0.003996003996003996,3.555824954884106,27.0
ai7,yml,lexical,0.16957454743455266,0.3546453546453546,0.03804862859767892,9.0
ai7,分ける,lexical,0.16649157555703883,0.28471528471528473,0.38384456203865286,17.0
ai7,サイド-side,lexical,0.29364305202306573,0.061938061938061936,1.4779665665912942,6.0
ai7,安心,lexical,0.18558350783753047,0.6143856143856143,0.04617465285079741,6.0
ai7,更に,lexical,0.47325520674673033,0.000999000999000999,7.262386327244243,28.0
ai7,分,lexical,0.4102371793575585,0.000999000999000999,5.362904698210642,18.0
ai7,compose,lexical,0.18558350783753053,0.45354645354645357,-0.006373415993413628,6.0
ai7,主に,lexical,0.21522713354426976,0.12687312687312688,1.173188490064729,12.0
ai7,内容,lexical,0.314229218666104,0.001998001998001998,4.306931899356943,60.0
ai7,条件,lexical,0.22178810334305138,0.04095904095904096,1.893330293307598,31.0
ai7,送信,lexical,0.157816388440957,0.38161838161838163,0.26105774552052297,20.0
ai7,理想,lexical,0.3486263760458002,0.006993006993006993,2.569387140186983,7.0
ai7,X,lexical,0.25813708756033144,0.06293706293706294,1.5125726895246934,9.0
ai7,バックアップ-backup,lexical,0.34510465401414414,0.0919080919080919,1.5144031454544855,4.0
ai7,依頼,lexical,0.1855835078375305,0.6203796203796204,-0.0054305546079137165,6.0
ai7,説明,lexical,0.21879363893885395,0.03596403596403597,2.0547344796774363,59.0
ai7,有り,lexical,0.2478353469065159,0.33666333666333664,0.5499723485791668,5.0
ai7,現実,lexical,0.3412486150652493,0.023976023976023976,2.769337998404804,8.0
ai7,EC,lexical,0.22534606628376638,0.23076923076923078,0.5792605751697092,6.0
ai7,受け取る,lexical,0.14368037023265828,0.7342657342657343,-0.4817099250640285,8.0
ai7,領域,lexical,0.21813639219771855,0.0939060939060939,1.37847584776892,16.0
ai7,そして,lexical,0.2699152238256106,0.005994005994005994,2.7954980702911048,29.0
ai7,元,lexical,0.19822088017702902,0.11688311688311688,1.2560165152282663,29.0
ai7,感,lexical,0.46663764652945583,0.000999000999000999,5.467692654740458,12.0
ai7,応用,lexical,0.4163048691176078,0.058941058941058944,2.2510109359663284,4.0
ai7,タイム-time,lexical,0.21392895606079745,0.04295704295704296,1.7722829954263375,35.0
ai7,理由,lexical,0.1414928784021355,0.4825174825174825,-0.0587452015993015,23.0
ai7,指示,lexical,0.2478353469065159,0.34765234765234765,0.6247987707338427,5.0
ai7,汎用,lexical,0.5041140788643076,0.015984015984015984,3.7883040891612345,5.0
ai7,人間,lexical,0.1998735863667347,0.20279720279720279,0.6992057790459144,12.0
ai7,少ない,lexical,0.09952508614885282,0.8391608391608392,-0.9802273029734024,19.0
ai7,低い,lexical,0.37190136003519947,0.008991008991008992,3.392055750098835,10.0
ai7,時,lexical,0.6061573889755684,0.000999000999000999,12.008346466627335,113.0
ai7,間違い,lexical,0.17008660692072028,0.3906093906093906,-0.35974790058160155,5.0
ai7,手,lexical,0.27618014585290246,0.024975024975024976,2.4571862657164374,14.0
ai7,一人,lexical,0.3023838682882184,0.04295704295704296,1.8877473859599512,8.0
ai7,細かい,lexical,0.1288852480963179,0.5664335664335665,-0.5296100760808057,10.0
ai7,初心,lexical,0.24901951313392406,0.07592407592407592,1.5096285618262506,11.0
ai7,参加,lexical,0.14547183637633807,0.47652347652347654,-0.09624765760988613,14.0
ai7,型,lexical,0.3144838256101544,0.014985014985014986,2.822717615039147,12.0
ai7,利用,lexical,0.41745652454898396,0.000999000999000999,6.925411568137567,83.0
ai7,参照,lexical,0.38624173620995245,0.000999000999000999,5.855582825023388,32.0
ai7,用いる,lexical,1.235399760733162,0.000999000999000999,24.198218283629746,25.0
ai7,自身,lexical,0.46161807307665603,0.000999000999000999,6.310807621229106,16.0
ai7,置き換える,lexical,0.34510465401414414,0.12487512487512488,1.4704184814334165,4.0
ai7,数,lexical,0.3370533015286413,0.001998001998001998,4.5458957655847065,31.0
ai7,遣り取り,lexical,0.2358720715952978,0.15884115884115885,1.0344732871775202,9.0
ai7,インターネット-internet,lexical,0.7723481981143188,0.000999000999000999,7.263086025796002,4.0
ai7,スキーマ-schema,lexical,0.5020023450367144,0.000999000999000999,7.046931760289988,14.0
ai7,グループ-group,lexical,0.1627878690148955,0.4675324675324675,0.00651143173661941,10.0
ai7,期間,lexical,0.24055699252424798,0.052947052947052944,1.6982540756757718,14.0
ai7,抽出,lexical,0.2253460662837663,0.3016983016983017,0.6049963186614344,6.0
ai7,手間,lexical,0.17008660692072028,0.5284715284715285,-0.38518622385148066,5.0
ai7,専門,lexical,0.2715003393989344,0.10589410589410589,1.5296748843235772,8.0
ai7,ソフト-soft,lexical,0.3741657386773942,0.006993006993006993,1.0182420096331763,1.0
ai7,仕様,lexical,0.3163103100536511,0.000999000999000999,4.110953689450199,35.0
ai7,任意,lexical,0.34862637604580016,0.026973026973026972,2.4548189405720455,7.0
ai7,上位,lexical,0.2478353469065159,0.27972027972027974,0.6608782096339304,5.0
ai7,選ぶ,lexical,0.18499783183909624,0.29270729270729273,0.5658212112505616,13.0
ai7,間,lexical,0.4644090497740909,0.000999000999000999,4.804794216588473,9.0
ai7,A,lexical,0.3680061257694679,0.012987012987012988,2.6042312447362326,6.0
ai7,インターフェース-interface,lexical,0.19412350804330664,0.33166833166833165,0.37114063521065566,9.0
ai7,書き込む,lexical,0.34510465401414414,0.1028971028971029,1.7868394544700041,4.0
ai7,トピック-topic,lexical,0.22910438164897481,0.1998001998001998,0.22084153914100577,4.0
ai7,Windows,lexical,0.12317572675706615,0.6193806193806194,-0.5246729200608107,13.0
ai7,要求,lexical,0.26869695795596615,0.04495504495504495,1.8488385839572108,11.0
ai7,用意,lexical,0.3753671206567433,0.000999000999000999,5.314976629233817,25.0
ai7,値,lexical,0.11018264007041785,0.7482517482517482,-0.7069288895425618,25.0
ai7,絶対,lexical,0.2478353469065159,0.3246753246753247,0.6456304377622991,5.0
ai7,ライン-line,lexical,0.21558287008246121,0.2077922077922078,0.751606931720336,9.0
ai7,比べる,lexical,0.2581370875603314,0.06993006993006994,1.4330415358208772,9.0
ai7,週間,lexical,0.4163048691176079,0.008991008991008992,2.326783246867504,4.0
ai7,他,lexical,0.2609626444423153,0.005994005994005994,2.958438650598479,52.0
ai7,ワーク-work,lexical,0.26181862602958855,0.006993006993006993,2.7098294663244094,28.0
ai7,良い,lexical,0.6246584191127635,0.000999000999000999,11.60901026376269,109.0
ai7,代わり,lexical,0.24783534690651593,0.22677322677322678,0.6172384785352504,5.0
ai7,一部,lexical,0.20298438850759656,0.14885114885114886,1.0185104992807412,16.0
ai7,長い,lexical,0.2150923132079625,0.1018981018981019,1.2462137573650032,14.0
ai7,アクション-action,lexical,0.1695745474345526,0.5554445554445554,0.05646350543438297,9.0
ai7,サービス-service,lexical,0.18877528161824153,0.1068931068931069,1.2342692544019835,62.0
ai7,終了,lexical,0.37190136003519975,0.001998001998001998,3.612498656448572,10.0
ai7,遷移,lexical,0.1322875655532296,1.0,-1.038833489537153,4.0
ai7,勉強,lexical,0.2546373135008711,0.030969030969030968,2.1167765833639796,17.0
ai7,活動,lexical,0.21655488825836258,0.12987012987012986,1.0524483008990606,12.0
ai7,メール-mail,lexical,0.31193743689882275,0.03396603396603397,2.3022399980826687,9.0
ai7,位置,lexical,0.2253460662837663,0.2987012987012987,0.6130653329170955,6.0
ai7,書き込み,lexical,0.41630486911760795,0.013986013986013986,2.3740395325807744,4.0
ai7,オン-on,lexical,0.33204295185470006,0.005994005994005994,3.7727717932077716,16.0
ai7,関わる,lexical,0.20151858710031403,0.14785214785214784,0.9133391012208347,13.0
ai7,価値,lexical,0.21509231320796246,0.11688311688311688,1.2265227129165,14.0
ai7,侭,lexical,0.19412027596937925,0.1878121878121878,0.9631853434495838,16.0
ai7,切り替える,lexical,0.8730533902472534,0.000999000999000999,8.705480285213227,5.0
ai7,決まる,lexical,0.4163048691176078,0.04295704295704296,2.363157504193127,4.0
ai7,形,lexical,0.1548059341384935,0.4205794205794206,0.16112823602531137,17.0
ai7,挙動,lexical,0.28352658494453215,0.11288711288711288,1.4990846567838434,7.0
ai7,場所,lexical,0.12888524809631788,0.6433566433566433,-0.5550490538267805,10.0
ai7,一覧,lexical,0.33295900202979345,0.000999000999000999,4.378431197143414,25.0
ai7,ロード-road,lexical,0.5666467619058153,0.001998001998001998,6.282936531523341,9.0
ai7,逆,lexical,0.2715003393989345,0.07892107892107893,1.456683359795183,8.0
ai7,力,lexical,0.2936430520230657,0.12487512487512488,1.4586260689957482,6.0
ai7,最初,lexical,0.22393511948771214,0.053946053946053944,1.7533146849034456,22.0
ai7,インフラ-infrastructure,lexical,0.37853601328235903,0.006993006993006993,3.392488634645199,9.0
ai7,該当,lexical,0.2980017323827247,0.13186813186813187,1.4396984198282026,5.0
ai7,プロダクト-product,lexical,0.31677987446711064,0.002997002997002997,3.650820931231266,20.0
ai7,エンジニアリング-engineering,lexical,0.4008236840600096,0.04095904095904096,2.5459299179328623,5.0
ai7,変数,lexical,0.49958922868362315,0.000999000999000999,7.604840269262564,26.0
ai7,関数,lexical,0.1726043428386244,0.21078921078921078,0.7863410433277064,33.0
ai7,量,lexical,0.17284509680509427,0.25074925074925075,0.527853011648064,18.0
ai7,開始,lexical,0.2247273369776912,0.08391608391608392,1.4529953246181904,15.0
ai7,書く,lexical,0.25608292379735964,0.004995004995004995,2.9528113959500195,79.0
ai7,早い,lexical,0.26362660578588126,0.04395604395604396,2.0843774735233107,14.0
ai7,data,lexical,0.32457613951544134,0.15084915084915085,0.9211309524644122,3.0
ai7,企業,lexical,0.08930838231098762,0.993006993006993,-1.3814888826515812,7.0
ai7,リーダー-leader,lexical,0.17008660692072022,0.8201798201798202,-0.38435780988929674,5.0
ai7,リード-lead,lexical,0.17008660692072028,0.38961038961038963,-0.345152424995785,5.0
ai7,試す,lexical,0.3462358203174911,0.003996003996003996,3.767599425069108,15.0
ai7,旨い,lexical,0.24579767327608046,0.0999000999000999,1.4010214966444983,10.0
ai7,to,lexical,0.22841134955327377,0.08391608391608392,1.5208505426152792,13.0
ai7,回,lexical,0.32264260219770136,0.002997002997002997,3.5943442608765683,18.0
ai7,指定,lexical,0.14080899060293167,0.44655344655344653,0.07509313956484508,37.0
ai7,筈,lexical,0.18600152980436296,0.2627372627372627,0.7209374161958843,14.0
ai7,ブラウザ-browser,lexical,0.25069243626267135,0.04395604395604396,1.8186495580405757,12.0
ai7,Microsoft,lexical,0.2842726783187547,0.04295704295704296,1.6260709063324237,7.0
ai7,一方,lexical,0.5029215608308384,0.000999000999000999,6.416365009770453,12.0
ai7,呼ぶ,lexical,0.2529667992946935,0.026973026973026972,2.3084071544854425,20.0
ai7,配置,lexical,0.13937442296797078,0.6003996003996004,-0.6054938972474488,7.0
ai7,and,lexical,0.3023838682882183,0.04395604395604396,1.9935225501870573,8.0
ai7,受ける,lexical,0.21278000235982683,0.14185814185814186,0.8860090972484305,11.0
ai7,文字,lexical,0.43611073823625524,0.000999000999000999,6.798784304445793,34.0
ai7,生まれる,lexical,0.24783534690651593,0.17282717282717283,0.6706275219972331,5.0
ai7,古い,lexical,0.5041140788643077,0.012987012987012988,4.198507552742146,5.0
ai7,表示,lexical,0.3443727380963279,0.001998001998001998,4.598972904033882,29.0
ai7,経験,lexical,0.1874719740371115,0.15284715284715283,0.9407264709928248,21.0
ai7,アプリ-application,lexical,0.6050761015097883,0.000999000999000999,9.149778668735294,16.0
ai7,展開,lexical,0.17008660692072028,0.5024975024975025,-0.32195257944792327,5.0
ai7,起きる,lexical,0.66651365022354,0.000999000999000999,7.3633170514603385,7.0
ai7,記載,lexical,0.17228528809764698,0.2887112887112887,0.49367544994843093,18.0
ai7,考える,lexical,0.2925794521471583,0.001998001998001998,3.847479931620493,43.0
ai7,イン-in,lexical,0.22170593683792694,0.08491508491508491,1.5101755350352142,18.0
ai7,Java,lexical,0.2478353469065159,0.2677322677322677,0.7104906081992807,5.0
ai7,学習,lexical,0.47680628174856704,0.000999000999000999,7.809246952955107,37.0
ai7,現状,lexical,0.2478353469065159,0.3126873126873127,0.6162586462895486,5.0
ai7,type,lexical,0.5350949545089099,0.000999000999000999,5.921969491375129,7.0
ai7,当たる,lexical,0.6707468173658845,0.000999000999000999,7.957904329541656,9.0
ai7,強い,lexical,0.31871282506008386,0.03196803196803197,2.08422789227211,7.0
ai7,ユース-youth,lexical,0.12651239610847462,0.97002997002997,-0.8499377615368167,6.0
ai7,こう,lexical,0.3462358203174911,0.004995004995004995,3.802842861714281,15.0
ai7,入れる,lexical,0.7508357511863138,0.000999000999000999,11.061517326146669,12.0
ai7,test,lexical,0.4302309951582521,0.002997002997002997,4.554972174238393,10.0
ai7,別,lexical,0.23994507490471803,0.029970029970029972,2.114593203601755,22.0
ai7,分かる,lexical,0.2679973687403881,0.011988011988011988,3.1233461437353487,55.0
ai7,リモート-remote,lexical,0.11351545391442791,0.7392607392607392,-0.7618969464575914,12.0
ai7,過去,lexical,0.21558287008246121,0.19080919080919082,0.841039352801251,9.0
ai7,唯,lexical,0.3569940025486125,0.005994005994005994,3.4961353206321926,10.0
ai7,移行,lexical,0.2715003393989345,0.06493506493506493,1.5681115756186408,8.0
ai7,呼び出す,lexical,0.2581370875603313,0.0939060939060939,1.4829034865966326,9.0
ai7,分散,lexical,0.22560003918570773,0.12187812187812187,1.1443501595278132,10.0
ai7,user,lexical,0.12651239610847465,0.932067932067932,-0.8239496181226125,6.0
ai7,作る,lexical,0.5554614445352373,0.000999000999000999,9.43388814410915,37.0
ai7,秒,lexical,0.18558350783753053,0.44155844155844154,0.03410997936852101,6.0
ai7,用語,lexical,0.2980017323827247,0.07392607392607392,1.426274623489449,5.0
ai7,commit,lexical,0.17378710451202184,0.45554445554445555,-0.03212103162810999,7.0
ai7,動かす,lexical,0.34973592070302406,0.001998001998001998,3.7653570540566252,12.0
ai7,自体,lexical,0.14269639695628494,0.6013986013986014,-0.38892044479444315,9.0
ai7,業務,lexical,0.2506924362626713,0.04895104895104895,1.8291530245756817,12.0
ai7,モデル-model,lexical,0.15691742634946204,0.45354645354645357,0.1235286175691799,16.0
ai7,公開,lexical,0.19197607637434488,0.1918081918081918,0.9431449274037538,18.0
ai7,root,lexical,0.2478353469065159,0.32167832167832167,0.595641942772613,5.0
ai7,取り敢えず,lexical,0.5041140788643077,0.002997002997002997,4.131603446206417,5.0
ai7,差分,lexical,0.4362670895727897,0.001998001998001998,3.868260399957311,7.0
ai7,マネージメント-management,lexical,0.3741657386773943,0.000999000999000999,1.031709935230817,1.0
ai7,順,lexical,0.1322875655532296,0.997002997002997,-0.9559818396873901,4.0
ai7,フロント-front,lexical,0.39777106930453937,0.006993006993006993,3.7003202179551975,9.0
ai7,日付け,lexical,0.2478353469065159,0.26973026973026976,0.6032143683331376,5.0
ai7,言語,lexical,0.15480593413849353,0.4025974025974026,0.1729679574471191,17.0
ai7,社内,lexical,0.17378710451202178,0.5134865134865135,-0.0056345696349440815,7.0
ai7,知る,lexical,0.20334786265544574,0.11588411588411589,1.1669407997003227,18.0
ai7,デフォルト-default,lexical,0.6292611882595138,0.000999000999000999,7.976818499641268,10.0
ai7,中,lexical,0.26928621764132266,0.013986013986013986,2.772067116597013,25.0
ai7,どう,lexical,0.2778563482537979,0.00999000999000999,2.9829394188246616,26.0
ai7,セット-set,lexical,0.32421140322504083,0.011988011988011988,2.7345213091629783,10.0
ai7,送る,lexical,0.7723481981143182,0.005994005994005994,6.241452241693774,4.0
ai7,名前,lexical,0.2950733153839364,0.01098901098901099,2.859589463706348,16.0
ai7,比較,lexical,0.2352207065344453,0.08591408591408592,1.5674275292508226,14.0
ai7,with,lexical,0.5872731963596964,0.003996003996003996,5.2593983923509855,6.0
ai7,アカウント-account,lexical,0.1855835078375305,0.5454545454545454,0.00626084066309868,6.0
ai7,違い,lexical,0.2581370875603314,0.07292707292707293,1.5053984818394175,9.0
ai7,ローカル-local,lexical,0.2352207065344453,0.08391608391608392,1.52823209538141,14.0
ai7,読む,lexical,0.20808419819276433,0.13786213786213786,1.1473247166226639,17.0
ai7,MySQL,lexical,0.2980017323827247,0.13086913086913088,1.2174420119742513,5.0
ai7,オブジェクト-object,lexical,0.16053703384283163,0.3516483516483517,0.19973194810178257,15.0
ai7,版,lexical,0.21558287008246121,0.21678321678321677,0.7685448585042379,9.0
ai7,Data,lexical,0.5041140788643078,0.000999000999000999,4.199002346297867,5.0
ai7,先,lexical,0.4222279141621282,0.001998001998001998,4.573242526530575,11.0
ai7,難しい,lexical,0.13463207538125563,0.6543456543456544,-0.4531603292251966,11.0
ai7,接続,lexical,0.22248202648211352,0.07992007992007992,1.467555483660908,14.0
ai7,docker,lexical,0.14269639695628494,0.6123876123876124,-0.3842380703536837,9.0
ai7,テキスト-text,lexical,0.16957454743455264,0.45454545454545453,0.024445710613091167,9.0
ai7,以降,lexical,0.40082368406000957,0.03596403596403597,2.5184106216848114,5.0
ai7,現在,lexical,0.17363299190633563,0.2977022977022977,0.4575733654877351,15.0
ai7,自分,lexical,0.24089301786905964,0.01898101898101898,2.3557691485833767,31.0
ai7,増える,lexical,0.40631571138394623,0.002997002997002997,3.766260709118602,8.0
ai7,無料,lexical,0.22534606628376638,0.1968031968031968,0.5210052229762601,6.0
ai7,聞く,lexical,0.42713792679957396,0.007992007992007992,3.4099180277114725,6.0
ai7,key,lexical,0.3245761395154414,0.08591408591408592,0.9231535974459676,3.0
ai7,気,lexical,0.3719013600351996,0.003996003996003996,3.8932542412142843,10.0
ai7,今後,lexical,0.31871282506008375,0.04695304695304695,2.0891606002545933,7.0
ai7,ディレクトリー-directory,lexical,0.13446075971644564,0.6123876123876124,-0.3965695695813304,12.0
ai7,Cloud,lexical,0.22910438164897487,0.14885114885114886,0.20755184336045712,4.0
ai7,アドレス-address,lexical,0.24783534690651593,0.2017982017982018,0.6469914401203025,5.0
ai7,日,lexical,0.12651239610847467,0.7112887112887113,-0.8145242549571063,6.0
ai7,コピー-copy,lexical,0.2478353469065159,0.28771228771228774,0.7181104541870144,5.0
ai7,以外,lexical,0.3288372530557645,0.022977022977022976,2.5493550766762616,8.0
ai7,前提,lexical,0.66651365022354,0.000999000999000999,7.314982246429621,7.0
ai7,フォーム-form,lexical,0.22910438164897473,0.5144855144855145,0.14065435149600564,4.0
ai7,多い,lexical,0.2482703498089039,0.02197802197802198,2.25888734867319,21.0
ai7,of,lexical,0.3486263760458001,0.028971028971028972,2.4524133235839005,7.0
ai7,世界,lexical,0.2980017323827247,0.13886113886113885,1.3353794367867493,5.0
ai7,資料,lexical,0.3486263760458002,0.013986013986013986,2.5458569262124255,7.0
ai7,s,lexical,0.5872731963596969,0.000999000999000999,5.531233132153661,6.0
ai7,少し,lexical,0.2358720715952978,0.13886113886113885,1.1657128349624273,9.0
ai7,方,lexical,0.27203950623257345,0.005994005994005994,2.896807861737037,28.0
ai7,計算,lexical,0.17008660692072022,0.7612387612387612,-0.3381264058368164,5.0
ai7,編集,lexical,0.24783534690651585,0.33466533466533466,0.6641690649543309,5.0
ai7,id,lexical,0.17008660692072025,0.7382617382617382,-0.3854806491850872,5.0
ai7,言う,lexical,0.23746704510763125,0.013986013986013986,2.439337496300579,97.0
ai7,入る,lexical,0.13937442296797076,0.6983016983016983,-0.5894414705138389,7.0
ai7,人,lexical,0.40730619626049286,0.000999000999000999,5.392420799809701,16.0
ai7,変換,lexical,0.1322875655532296,0.968031968031968,-1.0112202608563396,4.0
ai7,クラスター-cluster,lexical,0.3451046540141441,0.11988011988011989,1.6247887812638466,4.0
ai7,変わる,lexical,0.8730533902472534,0.000999000999000999,8.728172066280768,5.0
ai7,Google,lexical,0.29364305202306573,0.06693306693306693,1.4049163831493723,6.0
ai7,訳,lexical,0.4985486181283439,0.001998001998001998,4.892222673500313,8.0
ai7,時点,lexical,0.34510465401414414,0.11188811188811189,1.754525415682447,4.0
ai7,今回,lexical,0.1537459190815894,0.43356643356643354,0.13699696896733718,17.0
ai7,json,lexical,0.22910438164897476,0.4485514485514486,0.13628404973985844,4.0
ai7,for,lexical,0.2817554940020279,0.03896103896103896,1.9295218249799526,9.0
ai7,on,lexical,0.2980017323827247,0.07192807192807193,1.4312620283616628,5.0
ai7,e,lexical,0.1322875655532296,0.9530469530469531,-0.9728549272469179,4.0
ai7,知れる,lexical,0.1700866069207203,0.36363636363636365,-0.3704731455049863,5.0
ai7,登録,lexical,0.17008660692072022,0.7502497502497503,-0.330540512316857,5.0
ai7,出る,lexical,0.36800612576946784,0.01998001998001998,2.5759723580051204,6.0
ai7,C,lexical,0.17638342073763946,0.7172827172827173,-0.6590513068112774,3.0
ai7,name,lexical,0.3245761395154413,0.37962037962037964,0.9710765753673164,3.0
ai7,B,lexical,0.2980017323827247,0.06493506493506493,1.3803669475342375,5.0
ai7,下記,lexical,0.37416573867739455,0.000999000999000999,1.1115944959359612,1.0
ai7,AWS,lexical,0.2936430520230657,0.1028971028971029,1.4993041371273355,6.0
ai7,br,lexical,0.6617192308113249,0.023976023976023976,4.330551065278918,3.0
ai7,思う,lexical,0.4390114797356458,0.000999000999000999,6.597242290226488,21.0
ai7,a,lexical,0.24152294576982414,0.13186813186813187,-0.3829389009161045,2.0
ai6_nollama,sent_len_char_mean,rhythm_core,1.0228391371925438,0.000999000999000999,20.138041206921862,
ai6_nollama,sent_len_char_sd,rhythm_core,0.23708079329549006,0.017982017982017984,2.2923184081079593,
ai6_nollama,sent_len_char_cv,rhythm_core,0.6968493191414425,0.000999000999000999,12.984421916953238,
ai6_nollama,sent_len_mora_mean,rhythm_core,1.0445715350967837,0.000999000999000999,20.808726924365082,
ai6_nollama,sent_len_mora_sd,rhythm_core,0.3006778850365077,0.000999000999000999,3.751685241499954,
ai6_nollama,sent_len_mora_cv,rhythm_core,0.7647348563120747,0.000999000999000999,14.402867863579244,
ai6_nollama,burstiness_char,rhythm_core,0.7246676620363147,0.000999000999000999,13.59477134118782,
ai6_nollama,burstiness_mora,rhythm_core,0.7881400909362144,0.000999000999000999,14.95396662974509,
ai6_nollama,para_sent_cv,rhythm_core,0.7887881388276097,0.000999000999000999,14.93504465792462,
ai6_nollama,taigendome_rate,rhythm_ending,1.0024452171185154,0.000999000999000999,19.158638319737104,
ai6_nollama,dewanaku_per_sentence,rhythm_core,0.24211124088779176,0.01898101898101898,2.3374076839346802,
ai6_nollama,comma_per_sentence,rhythm_core,1.072002462587273,0.000999000999000999,21.29718233116183,
ai6_nollama,ending_mattr20,rhythm_ending,1.0618332974438072,0.000999000999000999,20.70243287520159,
ai6_nollama,レート-rate,lexical,0.21454702664738556,0.11988011988011989,1.3162485339050347,14.0
ai6_nollama,NF,lexical,0.20790782267899527,0.0979020979020979,1.2917986510842399,21.0
ai6_nollama,Travis,lexical,0.2620364647105395,0.22077922077922077,1.0307810031800726,6.0
ai6_nollama,バージョニング,lexical,0.14154413921038864,0.4225774225774226,0.04905300317746087,23.0
ai6_nollama,エスケープ-escape,lexical,0.10784421280606665,0.6923076923076923,-0.6105686329221043,26.0
ai6_nollama,XSS,lexical,0.07751330103706545,0.932067932067932,-1.2790594625977703,36.0
ai6_nollama,スクリプティング,lexical,0.15105180194689363,0.34065934065934067,0.29806109886582915,26.0
ai6_nollama,立案,lexical,0.1924880570743476,0.2217782217782218,0.6221627559964445,11.0
ai6_nollama,クロスサイトリクエストフォージェリ,lexical,0.12348583373408456,0.6113886113886113,-0.3594335934187342,19.0
ai6_nollama,Found,lexical,0.18725773077902,0.17682317682317683,0.792012156593855,14.0
ai6_nollama,こつ,lexical,0.1182375440290314,0.6693306693306693,-0.4127725291763235,37.0
ai6_nollama,CSRF,lexical,0.10415339761433157,0.7412587412587412,-0.6851501079600979,28.0
ai6_nollama,Deployment,lexical,0.133891700496614,0.5544455544455544,-0.18165179520229124,18.0
ai6_nollama,チェックリスト,lexical,0.5390563721096596,0.000999000999000999,8.179283639159978,30.0
ai6_nollama,Continuous,lexical,0.14581610945321902,0.41058941058941056,0.06171012218759379,19.0
ai6_nollama,ネーション-nation,lexical,0.16653578346730796,0.3046953046953047,0.5008986333204948,18.0
ai6_nollama,Internal,lexical,0.1580272144427874,0.4175824175824176,0.10910664486465474,11.0
ai6_nollama,クリックジャッキング,lexical,0.16046278955079055,0.45554445554445555,-0.1409402610718765,7.0
ai6_nollama,欠かす,lexical,0.22970251177740736,0.015984015984015984,2.2979257265409956,69.0
ai6_nollama,建設,lexical,0.17782970986314073,0.1798201798201798,0.8741258765328476,41.0
ai6_nollama,デプロイメント,lexical,0.30229062159941744,0.006993006993006993,3.1830846563620225,22.0
ai6_nollama,尊重,lexical,0.2499641836579808,0.04895104895104895,1.819513791556323,12.0
ai6_nollama,Confluence,lexical,0.28641082678444985,0.06593406593406594,1.9046810214683922,9.0
ai6_nollama,タイズ,lexical,0.19465450738806228,0.3856143856143856,0.44267644999049327,7.0
ai6_nollama,両面,lexical,0.19465450738806228,0.4145854145854146,0.33569879823810356,7.0
ai6_nollama,ベスト-best,lexical,0.4813848942463644,0.000999000999000999,8.049935956499526,151.0
ai6_nollama,早期,lexical,0.17617025852311308,0.1918081918081918,0.8472815533248246,83.0
ai6_nollama,ピラミッド-pyramid,lexical,0.4876593712633345,0.000999000999000999,5.116318626745913,9.0
ai6_nollama,Jira,lexical,0.2681960717370228,0.016983016983016984,2.5095081373780364,17.0
ai6_nollama,Trello,lexical,0.21130006366172435,0.16983016983016982,1.0132232518673872,11.0
ai6_nollama,ハイジャック-hijack,lexical,0.1775697974824502,0.2217782217782218,0.4678111654265602,11.0
ai6_nollama,refactor,lexical,0.3673105570954167,0.003996003996003996,3.417822391863287,8.0
ai6_nollama,講ずる,lexical,0.2768853924847483,0.028971028971028972,2.4387700937127295,17.0
ai6_nollama,捕捉,lexical,0.25174854994500095,0.04795204795204795,1.9002127461140639,13.0
ai6_nollama,醸成,lexical,0.2158218851477898,0.07192807192807193,1.5568829210893096,23.0
ai6_nollama,プラクティス-practice,lexical,0.4424715510709808,0.000999000999000999,6.99707607002502,153.0
ai6_nollama,再発,lexical,0.23967467812798257,0.07992007992007992,1.5748965552223901,12.0
ai6_nollama,側面,lexical,0.2195774187891987,0.2957042957042957,0.4478872331438971,5.0
ai6_nollama,finally,lexical,0.17237944784267203,0.32167832167832167,0.471821731926635,14.0
ai6_nollama,実践,lexical,0.8133141851599182,0.000999000999000999,15.748381229308283,145.0
ai6_nollama,ペネトレーションテスト,lexical,0.18698418566896116,0.3226773226773227,0.29125032138770907,8.0
ai6_nollama,Prettier,lexical,0.23745628964814525,0.06993006993006994,1.5526376995956976,13.0
ai6_nollama,直結,lexical,0.30423913594751056,0.002997002997002997,3.296822582543334,22.0
ai6_nollama,レジストリー-registry,lexical,0.11764646895849798,0.6513486513486514,-0.47807503199555595,29.0
ai6_nollama,順守,lexical,0.11090132070753282,0.7272727272727273,-0.6510708322471217,19.0
ai6_nollama,後方,lexical,0.16143005506144215,0.3906093906093906,0.22339500587677263,12.0
ai6_nollama,築く,lexical,0.14972455435223428,0.48951048951048953,-0.014133354509735534,13.0
ai6_nollama,Prometheus,lexical,0.5808770143955286,0.000999000999000999,7.351457849380794,12.0
ai6_nollama,戦略,lexical,0.34513714078697144,0.000999000999000999,4.70399588573938,94.0
ai6_nollama,チームワーク-teamwork,lexical,0.24746868643520614,0.07492507492507493,1.4497896309105274,9.0
ai6_nollama,レトロスペクティブ-retrospective,lexical,0.25928267274354055,0.01898101898101898,2.26673546544615,16.0
ai6_nollama,Policy,lexical,0.05003784942020432,0.964035964035964,-1.8145983213274206,15.0
ai6_nollama,批判,lexical,0.10831182385379899,0.7032967032967034,-0.6865263704457197,18.0
ai6_nollama,落とし穴,lexical,0.7973293698029696,0.000999000999000999,10.687067560351794,12.0
ai6_nollama,堅牢,lexical,0.15595566263210614,0.30569430569430567,0.44002706599288827,32.0
ai6_nollama,ESLint,lexical,0.32854853487277963,0.005994005994005994,3.5300874915405367,17.0
ai6_nollama,HTTPS,lexical,0.12383498922513946,0.5944055944055944,-0.28129385761893205,36.0
ai6_nollama,心掛ける,lexical,0.22016704999732484,0.04295704295704296,1.8915423495510268,47.0
ai6_nollama,ロギング-Longging,lexical,0.30315605000037876,0.005994005994005994,3.338809711155743,19.0
ai6_nollama,Created,lexical,0.1913314523251357,0.22577422577422576,0.798459371135281,13.0
ai6_nollama,インジェクション-injection,lexical,0.07605681420325212,0.9340659340659341,-1.3003076810750518,34.0
ai6_nollama,ガイド-guide,lexical,0.35099945877243527,0.000999000999000999,4.820048486482129,78.0
ai6_nollama,スタンド-stand,lexical,0.22612039886442947,0.057942057942057944,1.6518467852730991,16.0
ai6_nollama,Wiki,lexical,0.2444702968812491,0.054945054945054944,1.6947004927833138,13.0
ai6_nollama,パイプライン,lexical,0.2488051547261671,0.011988011988011988,2.460977329041921,75.0
ai6_nollama,エンティティー-entity,lexical,0.2780623579457628,0.006993006993006993,2.9784702163973673,24.0
ai6_nollama,見直し,lexical,0.46138919315192173,0.000999000999000999,6.723705490516733,31.0
ai6_nollama,効果,lexical,0.27749082901126965,0.001998001998001998,3.3305704591285563,122.0
ai6_nollama,対策,lexical,0.09946952521372035,0.7812187812187812,-0.8241567420208403,78.0
ai6_nollama,リレーショナル-relational,lexical,0.05251517394103884,0.996003996003996,-1.7925993340170494,32.0
ai6_nollama,Top,lexical,0.3805101056749281,0.000999000999000999,4.276215085412461,14.0
ai6_nollama,頻発,lexical,0.22764678907883681,0.1018981018981019,1.3346279786999071,11.0
ai6_nollama,Compose,lexical,0.23800477364045372,0.03496503496503497,1.9862312521401704,22.0
ai6_nollama,CD,lexical,0.39891558325102483,0.000999000999000999,5.980996590756171,97.0
ai6_nollama,排除,lexical,0.1474691930105016,0.38161838161838163,0.22725825904470162,38.0
ai6_nollama,コラボレーション-collaboration,lexical,0.18896743858494186,0.18681318681318682,0.8867798656822966,17.0
ai6_nollama,分担,lexical,0.39264348564012214,0.000999000999000999,4.680764333374367,15.0
ai6_nollama,ユーザビリティー-usability,lexical,0.10260325637189081,0.7152847152847153,-0.8262556334714308,17.0
ai6_nollama,定期,lexical,0.17939553311455603,0.14685314685314685,1.043885504424907,114.0
ai6_nollama,配分,lexical,0.33856515901602063,0.005994005994005994,3.3421141744097103,13.0
ai6_nollama,Not,lexical,0.18725773077902,0.17682317682317683,0.792012156593855,14.0
ai6_nollama,feat,lexical,0.3390562336383495,0.013986013986013986,3.0044642792409126,9.0
ai6_nollama,一貫,lexical,0.345087891826097,0.000999000999000999,4.804579982280491,89.0
ai6_nollama,現代,lexical,0.642490635767324,0.000999000999000999,11.233821503198312,53.0
ai6_nollama,TLS,lexical,0.45697126195136534,0.000999000999000999,5.347475551447588,11.0
ai6_nollama,認可,lexical,0.17364517101295843,0.23276723276723277,0.7591349947895898,46.0
ai6_nollama,PATCH,lexical,0.17706106027524873,0.2007992007992008,0.8058075704784496,23.0
ai6_nollama,Integration,lexical,0.14195179887286427,0.42957042957042957,0.01796689653211519,21.0
ai6_nollama,Foreign,lexical,0.22964446984662387,0.1028971028971029,1.2438701779550076,10.0
ai6_nollama,進捗,lexical,0.19559821862366325,0.0999000999000999,1.3075709820897339,37.0
ai6_nollama,保つ,lexical,0.25699361865533654,0.008991008991008992,2.688220411119031,91.0
ai6_nollama,継続,lexical,0.44272830835492477,0.000999000999000999,7.0196852449463165,131.0
ai6_nollama,レビュー-review,lexical,0.19349885765683436,0.11988011988011989,1.2496418263338884,110.0
ai6_nollama,インテグレーション-integration,lexical,0.15820844226769384,0.3016983016983017,0.4887133192214274,37.0
ai6_nollama,予期,lexical,0.12606802092969646,0.6213786213786214,-0.2991493608796836,25.0
ai6_nollama,向上,lexical,0.21591707255353262,0.03996003996003996,1.866522514372944,211.0
ai6_nollama,Jenkins,lexical,0.1869761964735922,0.16583416583416583,1.0038567024756477,27.0
ai6_nollama,アプローチ-approach,lexical,0.27906468968200954,0.00999000999000999,3.0488088171980223,37.0
ai6_nollama,数値,lexical,0.3450551765928125,0.007992007992007992,3.207414109629956,11.0
ai6_nollama,確保,lexical,0.14991438077935984,0.3646353646353646,0.29501078151668503,85.0
ai6_nollama,CI,lexical,0.4902632534590706,0.000999000999000999,8.134664133018093,111.0
ai6_nollama,発見,lexical,0.14427122038623455,0.4015984015984016,0.20556923090912882,87.0
ai6_nollama,名詞,lexical,0.1569498399042714,0.3706293706293706,0.26176118954757316,19.0
ai6_nollama,セキュリティー-security,lexical,0.2472681253930749,0.01898101898101898,2.464108797066589,138.0
ai6_nollama,ハンドリング-handling,lexical,0.10480015303119226,0.7562437562437563,-0.7294025693313427,37.0
ai6_nollama,ソフトウェア-software,lexical,0.2830767937119427,0.000999000999000999,3.3521035161707164,131.0
ai6_nollama,策定,lexical,0.16343224051619978,0.26673326673326675,0.5283353548449244,33.0
ai6_nollama,Bad,lexical,0.1913314523251357,0.23976023976023977,0.7693789721644159,13.0
ai6_nollama,コミュニケーション-communication,lexical,0.04680323052954371,0.987012987012987,-2.0193187384790883,67.0
ai6_nollama,Docker,lexical,0.11493341789838085,0.6443556443556444,-0.45318287365413307,61.0
ai6_nollama,クロース-cloth,lexical,0.1900446661489718,0.12887112887112886,1.1427817436971466,28.0
ai6_nollama,ORM,lexical,0.18645237507413942,0.1888111888111888,0.8045877747723635,16.0
ai6_nollama,バリデーション-validation,lexical,0.22753741458911542,0.03896103896103896,1.8936070124557818,28.0
ai6_nollama,Representational,lexical,0.1793244841131936,0.2677322677322677,0.5103127663504468,12.0
ai6_nollama,実施,lexical,0.2143088253069445,0.04395604395604396,1.8151533347188462,84.0
ai6_nollama,フィードバック-feedback,lexical,0.2349668689559125,0.024975024975024976,2.1661451807828795,79.0
ai6_nollama,両立,lexical,0.512419134848891,0.000999000999000999,7.3628552877483155,17.0
ai6_nollama,Canary,lexical,0.5399724510879095,0.000999000999000999,4.802965216042077,6.0
ai6_nollama,品質,lexical,0.09810299734917227,0.8121878121878122,-0.8626791323803177,168.0
ai6_nollama,正規,lexical,0.03470406654326652,0.999000999000999,-2.1483486117814197,33.0
ai6_nollama,プロセス-process,lexical,0.33300790603389313,0.000999000999000999,4.653526804140527,136.0
ai6_nollama,設ける,lexical,0.15252310106983896,0.3116883116883117,0.3536275294300291,38.0
ai6_nollama,デリバリー-delivery,lexical,0.2593287233616332,0.014985014985014986,2.5257128701355653,27.0
ai6_nollama,Teams,lexical,0.19133145232513574,0.20279720279720279,0.7507373364323026,13.0
ai6_nollama,Content,lexical,0.10415339761433158,0.7132867132867133,-0.6986949328479706,28.0
ai6_nollama,バランス-balance,lexical,0.18550827602861888,0.16183816183816183,0.96094727064981,31.0
ai6_nollama,JUnit,lexical,0.18722448890138962,0.25574425574425574,0.5213021568374802,10.0
ai6_nollama,リソース-resource,lexical,0.12775797074804904,0.5624375624375625,-0.21281575005576367,102.0
ai6_nollama,統一,lexical,0.32426007069057333,0.000999000999000999,4.303449195720291,78.0
ai6_nollama,左右,lexical,0.20904193662835052,0.09290709290709291,1.3221461916159862,18.0
ai6_nollama,ポータビリティー,lexical,0.22429947268491132,0.17482517482517482,1.0165497516737294,9.0
ai6_nollama,デーリー-daily,lexical,0.17627640755983237,0.3776223776223776,0.22595185341064522,9.0
ai6_nollama,保守,lexical,0.38379940708425375,0.000999000999000999,5.631175422974852,77.0
ai6_nollama,改善,lexical,0.22843280745340547,0.026973026973026972,2.1094438047701294,143.0
ai6_nollama,規約,lexical,0.22121674572753114,0.052947052947052944,1.8068770780169174,38.0
ai6_nollama,以内,lexical,0.37583904347882674,0.000999000999000999,4.983781576597645,32.0
ai6_nollama,Request,lexical,0.22893360346387037,0.030969030969030968,2.139370433477293,32.0
ai6_nollama,規則,lexical,0.24383364944154587,0.01898101898101898,2.388984099464224,36.0
ai6_nollama,定める,lexical,0.17248054452519337,0.22277722277722278,0.7211737153283581,36.0
ai6_nollama,可読,lexical,0.15842735716486378,0.26873126873126874,0.5491724381675412,57.0
ai6_nollama,徹底,lexical,0.10469534011481874,0.7582417582417582,-0.6841606802632311,39.0
ai6_nollama,効率,lexical,0.39256888916098237,0.000999000999000999,6.162027256522891,177.0
ai6_nollama,シューティング-shooting,lexical,0.21027898416083146,0.0899100899100899,1.3890685542370618,17.0
ai6_nollama,コーディング-coding,lexical,0.18986553510554974,0.12387612387612387,1.1471208296822533,41.0
ai6_nollama,姿勢,lexical,0.09747580438512422,0.8951048951048951,-0.9132757113003157,15.0
ai6_nollama,促進,lexical,0.20163725845051622,0.0959040959040959,1.314557368787121,24.0
ai6_nollama,防ぐ,lexical,0.2181343981214134,0.03496503496503497,1.9269380187971086,74.0
ai6_nollama,パフォーマンス-performance,lexical,0.20299463232746337,0.07792207792207792,1.5090817098527285,91.0
ai6_nollama,ツール-tool,lexical,0.17375156226135188,0.2077922077922078,0.8565971481955803,159.0
ai6_nollama,ガイドライン-guideline,lexical,0.31829760516698025,0.000999000999000999,3.8757762941445293,30.0
ai6_nollama,洗い出す,lexical,0.31087678430278526,0.002997002997002997,3.728607774708719,24.0
ai6_nollama,Squash,lexical,0.22429947268491132,0.17182817182817184,1.0744262790633574,9.0
ai6_nollama,Pull,lexical,0.2694138078988459,0.013986013986013986,2.5234400205432044,18.0
ai6_nollama,Dockerfile,lexical,0.15341817592511647,0.3196803196803197,0.36143801738242803,36.0
ai6_nollama,ポジティブ-positive,lexical,0.21939306908483036,0.1028971028971029,1.4262769293200876,16.0
ai6_nollama,カバレッジ-coverage,lexical,0.4370646977522103,0.000999000999000999,6.443312287872117,34.0
ai6_nollama,テスト-test,lexical,0.30655292206779183,0.000999000999000999,4.0384903028401125,156.0
ai6_nollama,OWASP,lexical,0.3634412753711283,0.000999000999000999,4.351348578769051,18.0
ai6_nollama,構築,lexical,0.3266011575548544,0.000999000999000999,4.535171342510556,154.0
ai6_nollama,活用,lexical,0.32284263941494856,0.000999000999000999,4.178586381267647,181.0
ai6_nollama,最小,lexical,0.28533847991911454,0.003996003996003996,3.4616046279174055,70.0
ai6_nollama,ドキュメンテーション-documentation,lexical,0.1461541002417142,0.43456543456543456,0.04638890633276293,18.0
ai6_nollama,Markdown,lexical,0.5432045632049408,0.000999000999000999,6.455998683678886,11.0
ai6_nollama,防止,lexical,0.3845982908834208,0.000999000999000999,5.289215548312925,25.0
ai6_nollama,ZAP,lexical,0.6841829731870079,0.000999000999000999,7.479771645431321,8.0
ai6_nollama,悪意,lexical,0.1320205231030485,0.48951048951048953,-0.1483648349265268,21.0
ai6_nollama,バグ-bug,lexical,0.1813308088821668,0.16083916083916083,1.01312160989288,101.0
ai6_nollama,Git,lexical,0.11497485301749094,0.6743256743256744,-0.5411915763131806,61.0
ai6_nollama,ステータス-status,lexical,0.11199757029488523,0.6983016983016983,-0.4872118179511189,38.0
ai6_nollama,考慮,lexical,0.3440398398876788,0.000999000999000999,4.643372104508251,77.0
ai6_nollama,従属,lexical,0.17451368433790923,0.23676323676323677,0.641465303102955,20.0
ai6_nollama,共有,lexical,0.1860927293113461,0.11988011988011989,1.1527124112139069,122.0
ai6_nollama,デバッグ-debug,lexical,0.20793749371829834,0.06593406593406594,1.6026922811590565,35.0
ai6_nollama,完璧,lexical,0.36315342884485624,0.001998001998001998,4.29389224494651,19.0
ai6_nollama,PUT,lexical,0.0352033772833889,1.0,-2.188569651093606,28.0
ai6_nollama,高める,lexical,0.40327234208033114,0.000999000999000999,6.103204642368242,64.0
ai6_nollama,モニタリング-monitoring,lexical,0.08811714914720906,0.8531468531468531,-1.098997428305736,23.0
ai6_nollama,安全,lexical,0.3082961345781697,0.001998001998001998,3.9743578710877316,78.0
ai6_nollama,CSP,lexical,0.09296707830323057,0.7672327672327672,-0.9265373528789888,16.0
ai6_nollama,纏め,lexical,0.9989054625547533,0.000999000999000999,18.43309226415357,243.0
ai6_nollama,Flow,lexical,0.2963004427924462,0.00999000999000999,3.0718822707340174,21.0
ai6_nollama,原則,lexical,0.3587961968379698,0.000999000999000999,5.225027710542346,55.0
ai6_nollama,ステップ-step,lexical,0.31122360730118803,0.001998001998001998,3.8838100347040947,65.0
ai6_nollama,監視,lexical,0.2944327057584341,0.002997002997002997,3.3586236690418656,39.0
ai6_nollama,応ずる,lexical,0.3469391131758647,0.000999000999000999,4.901348757478345,109.0
ai6_nollama,通ずる,lexical,0.2146805308828857,0.053946053946053944,1.7306070613665714,51.0
ai6_nollama,RBAC,lexical,0.5188793144970212,0.000999000999000999,5.829585644264109,9.0
ai6_nollama,推移,lexical,0.17670513118810732,0.22377622377622378,0.7079299684871166,19.0
ai6_nollama,OAuth,lexical,0.13371715826370548,0.5234765234765235,-0.09496811357438961,24.0
ai6_nollama,アプリケーション-application,lexical,0.3467567699846729,0.000999000999000999,4.950938354399667,138.0
ai6_nollama,例,lexical,0.5565172096942128,0.000999000999000999,9.565618834584772,181.0
ai6_nollama,本番,lexical,0.21351639879483325,0.053946053946053944,1.7467259129936792,86.0
ai6_nollama,軽量,lexical,0.12897939143440765,0.5524475524475524,-0.23986806163767094,31.0
ai6_nollama,ミーティング-meeting,lexical,0.16959110417962017,0.23676323676323677,0.698440248642025,27.0
ai6_nollama,レビュアー,lexical,0.25298107684929005,0.01998001998001998,2.381759372234635,23.0
ai6_nollama,選定,lexical,0.1663327990658021,0.2597402597402597,0.6377472160942134,39.0
ai6_nollama,スケーラビリティ,lexical,0.28906713070440837,0.006993006993006993,2.8809502926402013,16.0
ai6_nollama,受け入れ,lexical,0.2308682115078556,0.1028971028971029,1.1947465960542678,11.0
ai6_nollama,保証,lexical,0.3804682050504411,0.000999000999000999,5.370178932382405,56.0
ai6_nollama,Swagger,lexical,0.25815513148604013,0.02197802197802198,2.3876102705140148,17.0
ai6_nollama,イメージ-image,lexical,0.1586525886751053,0.3066933066933067,0.4320198533993551,45.0
ai6_nollama,低下,lexical,0.08726267187857453,0.8621378621378621,-1.0881424810142422,31.0
ai6_nollama,基本,lexical,0.23596418610929518,0.014985014985014986,2.391669751858182,154.0
ai6_nollama,スタイル-style,lexical,0.21678613321923135,0.05094905094905095,1.7682730832822546,43.0
ai6_nollama,成功,lexical,0.2835095883562379,0.003996003996003996,3.4094893924259617,101.0
ai6_nollama,概念,lexical,0.13136975747090335,0.5424575424575424,-0.13497889945405442,61.0
ai6_nollama,具体,lexical,0.24337151770739235,0.01098901098901099,2.5269589567176136,123.0
ai6_nollama,短い,lexical,0.22964446984662376,0.14685314685314685,1.1535611696565697,10.0
ai6_nollama,要素,lexical,0.2888071720540495,0.000999000999000999,3.411608341499194,121.0
ai6_nollama,PR,lexical,0.5021273944547682,0.000999000999000999,8.220085218472187,45.0
ai6_nollama,Commits,lexical,0.5301293999061826,0.001998001998001998,5.656199382758149,9.0
ai6_nollama,取り入れる,lexical,0.41226196652260005,0.000999000999000999,6.036416248621506,35.0
ai6_nollama,メトリクス-metrics,lexical,0.3052185166111254,0.001998001998001998,3.6245989543804944,26.0
ai6_nollama,解説,lexical,0.6560473693989014,0.000999000999000999,11.437762391384785,183.0
ai6_nollama,スキル-skill,lexical,0.16678776886000282,0.23876123876123875,0.7002245860157497,50.0
ai6_nollama,質,lexical,0.19738467933707898,0.12387612387612387,1.192477925939695,23.0
ai6_nollama,管理,lexical,0.1683754221699538,0.24475524475524477,0.6653338734810581,193.0
ai6_nollama,必須,lexical,0.46114433883898126,0.000999000999000999,7.541402236266662,64.0
ai6_nollama,鍵,lexical,0.3729932661578807,0.000999000999000999,5.130033676083132,33.0
ai6_nollama,Conventional,lexical,0.5301293999061826,0.001998001998001998,5.656199382758149,9.0
ai6_nollama,順位,lexical,0.2571195168360426,0.025974025974025976,2.370437950539338,23.0
ai6_nollama,文化,lexical,0.3202011915187641,0.001998001998001998,4.07708670210257,49.0
ai6_nollama,維持,lexical,0.13212664189871856,0.5014985014985015,-0.08857701668398035,54.0
ai6_nollama,GitLab,lexical,0.35459769097540184,0.000999000999000999,4.836467108581886,41.0
ai6_nollama,JWT,lexical,0.17253133737671716,0.23576423576423577,0.6364926202507294,28.0
ai6_nollama,推奨,lexical,0.3618908496022834,0.000999000999000999,5.223089344504091,59.0
ai6_nollama,デプロイ-deploy,lexical,0.21301201299798203,0.04395604395604396,1.8441086710730554,83.0
ai6_nollama,運用,lexical,0.15895902157520816,0.2897102897102897,0.5345271170633555,80.0
ai6_nollama,コード-code,lexical,0.20908061808060874,0.056943056943056944,1.668296693346163,213.0
ai6_nollama,可視,lexical,0.503949088832758,0.000999000999000999,8.266055130431472,60.0
ai6_nollama,進化,lexical,0.24343634845337492,0.025974025974025976,2.2273387209500863,28.0
ai6_nollama,ビルド-build,lexical,0.33147182796227725,0.000999000999000999,4.665120610558917,85.0
ai6_nollama,全体,lexical,0.2822940193253563,0.005994005994005994,3.2943203211161465,123.0
ai6_nollama,Hub,lexical,0.17274061158165827,0.23076923076923078,0.6806095791058161,26.0
ai6_nollama,Application,lexical,0.21908902300206654,1.0,-0.4619292594940032,2.0
ai6_nollama,Web,lexical,0.13055716705998371,0.5364635364635365,-0.1418563677159022,68.0
ai6_nollama,ヘッダー-header,lexical,0.10958851461394105,0.7122877122877123,-0.6173532999261716,40.0
ai6_nollama,信頼,lexical,0.3297697951232791,0.000999000999000999,4.263562672915183,53.0
ai6_nollama,エンジニア-engineer,lexical,0.7160860692967104,0.000999000999000999,13.423025005546908,173.0
ai6_nollama,暗号,lexical,0.1430983033609477,0.41858141858141856,0.11331975539545013,37.0
ai6_nollama,カーネル-colonel,lexical,0.15484300213597957,0.4025974025974026,0.19121002068262175,18.0
ai6_nollama,命名,lexical,0.21593541930054747,0.05194805194805195,1.7717916092311623,40.0
ai6_nollama,段階,lexical,0.3595033262595373,0.000999000999000999,5.026275683595894,73.0
ai6_nollama,自動,lexical,0.4508417219861904,0.000999000999000999,7.180407466735433,166.0
ai6_nollama,CircleCI,lexical,0.16581333755052388,0.27372627372627373,0.5276589953316605,22.0
ai6_nollama,プロジェクト-project,lexical,0.22224912798564977,0.03296703296703297,2.0064055529611027,135.0
ai6_nollama,開発,lexical,0.41502260692672366,0.000999000999000999,6.247707601861691,245.0
ai6_nollama,リポジトリー-repository,lexical,0.22849279620971225,0.030969030969030968,2.023379270076893,41.0
ai6_nollama,脆弱,lexical,0.1676392044650806,0.23776223776223776,0.7104240599897141,49.0
ai6_nollama,点,lexical,0.2756167183142561,0.004995004995004995,3.1201505382132977,90.0
ai6_nollama,結果,lexical,0.32880344518077786,0.000999000999000999,4.292897031769626,47.0
ai6_nollama,スプリント-sprint,lexical,0.20859148949680825,0.1088911088911089,1.3152058646316918,23.0
ai6_nollama,ファクタリング-factoring,lexical,0.10493481213374319,0.7332667332667333,-0.704564974961836,24.0
ai6_nollama,キー-key,lexical,0.1306412855534447,0.5154845154845155,-0.1321262211538126,50.0
ai6_nollama,Actions,lexical,0.5172546356376219,0.000999000999000999,8.465629423882142,42.0
ai6_nollama,認証,lexical,0.13757164768303617,0.46553446553446554,0.013201718141837309,68.0
ai6_nollama,無視,lexical,0.26203646471053954,0.12087912087912088,1.2719528529680586,6.0
ai6_nollama,於く,lexical,1.1573108652190125,0.000999000999000999,23.24454496656859,194.0
ai6_nollama,ポイント-point,lexical,0.26394948046196015,0.005994005994005994,2.751730235927134,138.0
ai6_nollama,不正,lexical,0.20634293475660673,0.08491508491508491,1.4618223787520324,32.0
ai6_nollama,オプション-option,lexical,0.2963849567319137,0.022977022977022976,2.29820041371315,10.0
ai6_nollama,オペレーション-operation,lexical,,0.000999000999000999,,0.0
ai6_nollama,処理,lexical,0.14979050125748233,0.35364635364635366,0.3153023287751642,85.0
ai6_nollama,含む,lexical,0.2991604809061648,0.001998001998001998,3.4812482827592413,52.0
ai6_nollama,統合,lexical,0.24848273162108153,0.01898101898101898,2.4937529075652285,62.0
ai6_nollama,API,lexical,0.2147143113449995,0.04595404595404595,1.8373304361709015,62.0
ai6_nollama,際,lexical,0.6218213609370523,0.000999000999000999,10.937835770061358,102.0
ai6_nollama,git,lexical,0.49497474683058307,0.1038961038961039,2.3337011998803114,2.0
ai6_nollama,application,lexical,,0.000999000999000999,,0.0
ai6_nollama,種類,lexical,0.2725715135378363,0.004995004995004995,2.8400994510780273,32.0
ai6_nollama,次,lexical,0.20025619704915648,0.0919080919080919,1.3880351211498319,56.0
ai6_nollama,従う,lexical,0.21713121787905387,0.04995004995004995,1.7847731021456295,41.0
ai6_nollama,環境,lexical,0.18745003278174752,0.11588411588411589,1.2267168400292583,131.0
ai6_nollama,Primary,lexical,0.22964446984662387,0.1028971028971029,1.2438701779550076,10.0
ai6_nollama,完了,lexical,0.2455415241359487,0.02197802197802198,2.3002795297937215,40.0
ai6_nollama,テーブル-table,lexical,0.05582479411854406,0.964035964035964,-1.6919817649992124,28.0
ai6_nollama,示す,lexical,0.3110406501761544,0.001998001998001998,3.9648097608354953,35.0
ai6_nollama,取れる,lexical,0.20378815960964,0.7192807192807192,0.0014754674988017781,4.0
ai6_nollama,状況,lexical,0.46353443040230663,0.000999000999000999,7.414879720992213,54.0
ai6_nollama,生産,lexical,0.38966393675917876,0.000999000999000999,5.653888731283144,51.0
ai6_nollama,下,lexical,,0.000999000999000999,,0.0
ai6_nollama,メモリー-memory,lexical,0.4627298227968797,0.023976023976023976,3.402737933674361,5.0
ai6_nollama,model,lexical,,0.000999000999000999,,0.0
ai6_nollama,対象,lexical,0.486160167924569,0.000999000999000999,7.808297792163475,68.0
ai6_nollama,g,lexical,0.34641016151377557,1.0,-1.0497322901100938,1.0
ai6_nollama,タイミング-timing,lexical,0.25914123072542844,0.01898101898101898,2.470156149678446,21.0
ai6_nollama,返す,lexical,0.0831600644578195,0.8941058941058941,-1.1891093955518541,28.0
ai6_nollama,加える,lexical,0.1951609088405111,0.15884115884115885,0.8777702944889418,12.0
ai6_nollama,O,lexical,0.49497474683058307,0.14585414585414586,2.4270671956939847,2.0
ai6_nollama,ユーザー-user,lexical,0.10277540340903542,0.7622377622377622,-0.7329781380442189,98.0
ai6_nollama,入力,lexical,0.12378296443577116,0.5604395604395604,-0.26407381369660715,52.0
ai6_nollama,観点,lexical,0.4836865660607569,0.000999000999000999,7.619170375211695,33.0
ai6_nollama,制御,lexical,0.18671291145630656,0.14785214785214784,1.049511025201052,24.0
ai6_nollama,事例,lexical,0.20192318314289437,0.25274725274725274,0.7160136187411121,9.0
ai6_nollama,機会,lexical,0.23933902806592328,0.03696303696303696,1.9496908832755515,23.0
ai6_nollama,番,lexical,0.4627298227968799,0.000999000999000999,3.586600255251296,5.0
ai6_nollama,merge,lexical,0.21908902300206656,1.0,-0.4297083768086329,2.0
ai6_nollama,選択,lexical,0.2695072343567475,0.003996003996003996,3.005044950761781,60.0
ai6_nollama,バリュー-value,lexical,,0.000999000999000999,,0.0
ai6_nollama,複数,lexical,0.07752827711023036,0.8891108891108891,-1.2943224385002148,90.0
ai6_nollama,解決,lexical,0.07643436218541706,0.9090909090909091,-1.2990638442908755,67.0
ai6_nollama,ウェブ-web,lexical,0.2958399306929951,0.3676323676323676,0.7232330017172515,3.0
ai6_nollama,pull,lexical,0.15491933384829684,0.4405594405594406,-0.7541081553989394,3.0
ai6_nollama,皆,lexical,0.47140298101616124,0.000999000999000999,7.705962463023839,48.0
ai6_nollama,結論,lexical,0.36729284972516774,0.002997002997002997,3.8681180165858766,14.0
ai6_nollama,クライアント-client,lexical,0.11365074523332191,0.7162837162837162,-0.5095253654817633,31.0
ai6_nollama,好み,lexical,0.49497474683058296,0.16383616383616384,2.2649137634418524,2.0
ai6_nollama,コンテンツ-contents,lexical,0.5188793144970213,0.000999000999000999,5.481296845293523,9.0
ai6_nollama,注意,lexical,0.2516690468668521,0.015984015984015984,2.5014334269884446,43.0
ai6_nollama,動作,lexical,0.24076746073324415,0.023976023976023976,2.2276733944169607,75.0
ai6_nollama,起動,lexical,0.06656199695547628,0.957042957042957,-1.5203587159437901,32.0
ai6_nollama,終わり,lexical,0.24664118595683937,0.022977022977022976,2.302882075157691,38.0
ai6_nollama,push,lexical,0.11014017332252134,0.9370629370629371,-0.9207552849282096,7.0
ai6_nollama,ログ-log,lexical,0.2806141103766889,0.000999000999000999,3.3281535070710615,61.0
ai6_nollama,アクセス-access,lexical,0.268812033159549,0.004995004995004995,3.0509905898222276,56.0
ai6_nollama,決める,lexical,0.34783248975555714,0.001998001998001998,4.464350232196301,38.0
ai6_nollama,以上,lexical,0.2865710775454004,0.001998001998001998,3.2787272350329566,72.0
ai6_nollama,操作,lexical,0.17148523461971302,0.2097902097902098,0.7698793803366661,73.0
ai6_nollama,幸い,lexical,0.3873933744323579,0.000999000999000999,5.192026238094509,25.0
ai6_nollama,度,lexical,0.33620795835051404,0.000999000999000999,4.492466917742988,96.0
ai6_nollama,URL,lexical,0.13503173699870683,0.47152847152847155,-0.06753888484180187,24.0
ai6_nollama,共,lexical,0.21318345508531766,0.07092907092907093,1.532534773619158,28.0
ai6_nollama,カレンダー-calendar,lexical,0.34641016151377585,0.016983016983016984,-0.9725400010492032,1.0
ai6_nollama,連携,lexical,0.23630058657846892,0.012987012987012988,2.378515295205987,39.0
ai6_nollama,日々,lexical,0.26756444364454,0.04395604395604396,2.0138480180326064,13.0
ai6_nollama,通り,lexical,0.5319461849822946,0.000999000999000999,8.550616901066382,50.0
ai6_nollama,限り,lexical,0.2865006614074073,0.008991008991008992,3.0265579793000037,22.0
ai6_nollama,絞る,lexical,0.2474686864352061,0.0919080919080919,1.3907740796831192,9.0
ai6_nollama,メーン-main,lexical,0.14738097960213686,0.4785214785214785,0.012714933589613717,16.0
ai6_nollama,ドメイン-domain,lexical,0.1329004489677593,0.5354645354645354,-0.20134222244060637,16.0
ai6_nollama,構成,lexical,0.1766569748240248,0.17182817182817184,0.8760532181390236,58.0
ai6_nollama,ルート-route,lexical,0.31340779534485413,0.04595404595404595,2.1003795192996035,7.0
ai6_nollama,分類,lexical,0.38111687341899675,0.05094905094905095,2.1192567345381574,4.0
ai6_nollama,カウント-count,lexical,,0.000999000999000999,,0.0
ai6_nollama,クラス-class,lexical,0.12313564081650256,0.6263736263736264,-0.4091640530901281,20.0
ai6_nollama,機能,lexical,0.1653381768198171,0.24875124875124874,0.6540397303193788,129.0
ai6_nollama,詳細,lexical,0.2933149673951291,0.000999000999000999,3.525127545138401,66.0
ai6_nollama,確認,lexical,0.3411093457955039,0.000999000999000999,4.677398139108071,126.0
ai6_nollama,インストール-install,lexical,0.09690625804186954,0.8161838161838162,-0.8841979186811774,33.0
ai6_nollama,失う,lexical,0.612632964291157,0.025974025974025976,4.18842911227127,3.0
ai6_nollama,情報,lexical,0.302651479403933,0.000999000999000999,4.0035555966349605,134.0
ai6_nollama,データ-data,lexical,0.05092769846255696,0.996003996003996,-1.9639418307738705,100.0
ai6_nollama,OK,lexical,0.27910061536452957,0.00999000999000999,2.744888726741738,18.0
ai6_nollama,先ず,lexical,0.1619591082193638,0.24775224775224775,0.6222223155363409,91.0
ai6_nollama,例えば,lexical,0.851253406065384,0.000999000999000999,15.811351470823919,63.0
ai6_nollama,速度,lexical,0.16461256131575572,0.32867132867132864,0.38102095270967923,17.0
ai6_nollama,複雑,lexical,0.19151065673479423,0.13786213786213786,1.1307620531982123,37.0
ai6_nollama,正しい,lexical,0.3358690027811038,0.000999000999000999,4.5062817629185234,29.0
ai6_nollama,時間,lexical,0.2989268749132043,0.002997002997002997,3.839960215098416,91.0
ai6_nollama,誤る,lexical,0.2393430420839293,0.15584415584415584,1.1835693652524253,8.0
ai6_nollama,ID,lexical,0.22482509035746448,0.059940059940059943,1.7538108584656262,21.0
ai6_nollama,表,lexical,0.14259842213537446,0.47352647352647353,-0.0670482454263296,14.0
ai6_nollama,パターン-pattern,lexical,0.3447490366798235,0.000999000999000999,4.518922468819002,34.0
ai6_nollama,プログラミング-programming,lexical,0.10051108621068727,0.7742257742257742,-0.7893512756160542,23.0
ai6_nollama,取り組む,lexical,0.2206768126531949,0.054945054945054944,1.6793909933577988,23.0
ai6_nollama,求める,lexical,0.2542805945543042,0.023976023976023976,2.356116173739748,30.0
ai6_nollama,知見,lexical,0.2620364647105395,0.1928071928071928,1.1150201881963173,6.0
ai6_nollama,提供,lexical,0.26516907486636093,0.004995004995004995,2.8882588398581523,70.0
ai6_nollama,実際,lexical,0.5111669818701267,0.000999000999000999,8.37483064568192,82.0
ai6_nollama,パス-pass,lexical,0.16002324528518708,0.2827172827172827,0.44591888763874155,24.0
ai6_nollama,新しい,lexical,0.4335485825363436,0.000999000999000999,6.574299386771726,41.0
ai6_nollama,サイン-sign,lexical,,0.000999000999000999,,0.0
ai6_nollama,採用,lexical,0.23486208667584554,0.024975024975024976,2.176029395516497,53.0
ai6_nollama,コスト-cost,lexical,0.22537340475126452,0.05094905094905095,1.81402569320669,28.0
ai6_nollama,手段,lexical,0.15372117775371252,0.4355644355644356,0.1733319504937994,15.0
ai6_nollama,生ずる,lexical,0.1379248995519023,0.5774225774225774,-0.28105953912546233,11.0
ai6_nollama,作成,lexical,0.14975249379397101,0.3276723276723277,0.3596778158996216,166.0
ai6_nollama,ケース-case,lexical,0.21363434684885885,0.060939060939060936,1.6603420077825028,51.0
ai6_nollama,ソース-sauce,lexical,0.2025371709643288,0.07692307692307693,1.4684559997240716,34.0
ai6_nollama,勧める,lexical,0.3674082698791524,0.000999000999000999,5.131134946572831,33.0
ai6_nollama,取得,lexical,0.17500377349991353,0.18181818181818182,0.8461434175838762,57.0
ai6_nollama,メリット-merit,lexical,0.17636721067834696,0.1968031968031968,0.8594235069295896,40.0
ai6_nollama,ネットワーク-network,lexical,0.23762928946485162,0.06893106893106893,1.6620132002438806,14.0
ai6_nollama,製品,lexical,0.4191818744377358,0.000999000999000999,5.628135251298588,18.0
ai6_nollama,全て,lexical,0.34571581033742765,0.000999000999000999,4.58415445528887,86.0
ai6_nollama,作業,lexical,0.14603144153866904,0.3836163836163836,0.23609628107860664,61.0
ai6_nollama,見付かる,lexical,0.4134649202728853,0.001998001998001998,4.1813263037120025,11.0
ai6_nollama,CPU,lexical,0.34641016151377574,0.30569430569430567,-0.9907888788601361,1.0
ai6_nollama,意味,lexical,0.40220238258505514,0.000999000999000999,5.973294089960724,38.0
ai6_nollama,詳しい,lexical,0.6048413215146854,0.000999000999000999,9.657923704358733,27.0
ai6_nollama,上,lexical,0.3430813514709093,0.000999000999000999,4.666838565761502,35.0
ai6_nollama,扱う,lexical,0.1462062517963232,0.3806193806193806,0.2091677247069342,41.0
ai6_nollama,深い,lexical,0.15099538284039046,0.41358641358641357,0.13789925942061096,16.0
ai6_nollama,場面,lexical,0.2393430420839294,0.0939060939060939,1.0598642981948498,8.0
ai6_nollama,取る,lexical,0.2830316301149569,0.002997002997002997,3.36527878483117,58.0
ai6_nollama,リンク-link,lexical,0.4441390768159916,0.000999000999000999,6.774272793987292,26.0
ai6_nollama,前,lexical,0.1695582851184008,0.23376623376623376,0.7104802553139643,55.0
ai6_nollama,ページ-page,lexical,0.1783567841682233,0.1838161838161838,0.8745717084722844,35.0
ai6_nollama,担当,lexical,0.21524214151042528,0.06493506493506493,1.6290081025557681,24.0
ai6_nollama,ブログ-blog,lexical,0.509094715379108,0.000999000999000999,6.782438740254259,15.0
ai6_nollama,繰り返す,lexical,0.12348583373408455,0.6313686313686314,-0.36653531909326836,19.0
ai6_nollama,直ぐ,lexical,0.5133281474024042,0.000999000999000999,7.7929552289240505,22.0
ai6_nollama,過程,lexical,0.2683652464097022,0.2057942057942058,1.0060262548267027,5.0
ai6_nollama,セットアップ-set-up,lexical,0.6841829731870084,0.000999000999000999,7.866024675734694,8.0
ai6_nollama,直接,lexical,0.2438340757965098,0.026973026973026972,2.176721322587732,33.0
ai6_nollama,踏まえる,lexical,0.2639592024422783,0.055944055944055944,2.0497297307700255,11.0
ai6_nollama,サポート-support,lexical,0.23594860093763992,0.04995004995004995,1.7889589728928814,18.0
ai6_nollama,仕組み,lexical,0.16743055159612955,0.2707292707292707,0.641397966630224,36.0
ai6_nollama,変化,lexical,0.31293107255940356,0.005994005994005994,3.335037917741203,15.0
ai6_nollama,向ける,lexical,0.37966133792300155,0.002997002997002997,4.4411800691003,16.0
ai6_nollama,ダウンロード-download,lexical,0.10190069288653823,0.8521478521478522,-0.8355559964694839,17.0
ai6_nollama,疑問,lexical,0.2620364647105395,0.20679320679320679,1.1160604204790745,6.0
ai6_nollama,図,lexical,0.2811488732006844,0.007992007992007992,2.7377816573037554,17.0
ai6_nollama,アップデート-update,lexical,0.2895247271113916,0.023976023976023976,2.4671958963156904,13.0
ai6_nollama,関連,lexical,0.2619075217664778,0.011988011988011988,2.7847893465077704,41.0
ai6_nollama,出力,lexical,0.2034675633267497,0.08291708291708291,1.4231932553760525,36.0
ai6_nollama,記述,lexical,0.30242743856040455,0.000999000999000999,3.7570152958558602,40.0
ai6_nollama,面,lexical,0.11854393482590256,0.7632367632367633,-0.596863250374043,10.0
ai6_nollama,無くす,lexical,0.4949747468305833,0.12687312687312688,2.2403286118685264,2.0
ai6_nollama,中心,lexical,0.1913314523251357,0.24175824175824176,0.7239159933353858,13.0
ai6_nollama,良く,lexical,0.3010417683479962,0.000999000999000999,3.720247935679459,43.0
ai6_nollama,下げる,lexical,0.1370039829362243,0.6023976023976024,-0.37258898640079796,9.0
ai6_nollama,アーキテクチャー-architecture,lexical,0.17806485574185002,0.2017982017982018,0.8238787954592,31.0
ai6_nollama,整理,lexical,0.4572080684114391,0.000999000999000999,6.787051923290109,28.0
ai6_nollama,組織,lexical,0.4540505366739406,0.001998001998001998,5.27010867228625,12.0
ai6_nollama,つく,lexical,0.7407002491304826,0.000999000999000999,14.25089849836149,171.0
ai6_nollama,備える,lexical,0.15813309456859093,0.5434565434565435,-0.22180504977334528,6.0
ai6_nollama,カバー-cover,lexical,0.5399724510879091,0.004995004995004995,4.919633519840031,6.0
ai6_nollama,法,lexical,0.28574713201042184,0.02097902097902098,2.302814898512003,10.0
ai6_nollama,方針,lexical,0.0646950485364993,0.9330669330669331,-1.5410860270979285,12.0
ai6_nollama,参考,lexical,0.3956735127716853,0.000999000999000999,6.087755406218825,91.0
ai6_nollama,但し,lexical,0.10042451080256834,0.8021978021978022,-0.790678325848974,23.0
ai6_nollama,Kubernetes,lexical,0.11487570454385193,0.7052947052947053,-0.5022822884438171,24.0
ai6_nollama,ホスト-host,lexical,0.1434987420016783,0.4785214785214785,-0.004710364294498931,17.0
ai6_nollama,一定,lexical,0.6149658833046627,0.000999000999000999,7.321254121333749,9.0
ai6_nollama,保存,lexical,0.18683077793285105,0.11988011988011989,1.1618363790456794,32.0
ai6_nollama,沿う,lexical,0.3390562336383495,0.014985014985014986,3.0666969999384923,9.0
ai6_nollama,列,lexical,0.13993853428288525,0.46553446553446554,-0.00027855236364794205,27.0
ai6_nollama,通信,lexical,0.12546151921745496,0.5564435564435565,-0.2667356905603012,34.0
ai6_nollama,纏める,lexical,0.4822035629478106,0.000999000999000999,7.473820097821829,58.0
ai6_nollama,箇所,lexical,0.2972383365080623,0.004995004995004995,3.2822014293987363,23.0
ai6_nollama,特徴,lexical,0.2339203134485897,0.023976023976023976,2.126857097348021,32.0
ai6_nollama,コマンド-command,lexical,0.0825129278960825,0.916083916083916,-1.2236567201551676,35.0
ai6_nollama,初期,lexical,0.2656924481855408,0.011988011988011988,2.5662634709638934,24.0
ai6_nollama,持つ,lexical,0.26466939392862737,0.005994005994005994,2.762530575981496,67.0
ai6_nollama,既存,lexical,0.22260805765809014,0.06393606393606394,1.5617586932492473,19.0
ai6_nollama,プログラム-program,lexical,0.1342731530345886,0.5334665334665335,-0.14970899392538053,20.0
ai6_nollama,場合,lexical,0.24918362840911878,0.012987012987012988,2.539491674929941,131.0
ai6_nollama,顧客,lexical,0.16143005506144215,0.43756243756243757,0.13577135878886934,12.0
ai6_nollama,背景,lexical,0.23131862799489894,0.07592407592407592,1.50651098333974,14.0
ai6_nollama,公式,lexical,0.14896703842378087,0.45554445554445555,0.09521046815567909,23.0
ai6_nollama,UI,lexical,0.32562524602639725,0.005994005994005994,3.268183202286736,13.0
ai6_nollama,伴う,lexical,0.2864108267844499,0.04495504495504495,2.0511570031622055,9.0
ai6_nollama,冒頭,lexical,0.3642810424023588,0.061938061938061936,2.1248293730879246,5.0
ai6_nollama,行動,lexical,0.14517979722418994,0.8971028971028971,-0.5415796594974246,5.0
ai6_nollama,又,lexical,0.47651034479294513,0.000999000999000999,7.839994710832856,98.0
ai6_nollama,ポート-port,lexical,0.22964446984662376,0.14185814185814186,1.2173610330475737,10.0
ai6_nollama,見付ける,lexical,0.09296707830323053,0.8811188811188811,-0.9581176191720416,16.0
ai6_nollama,リスト-list,lexical,0.3637601252170391,0.002997002997002997,3.751218780921986,12.0
ai6_nollama,サイト-site,lexical,0.1564766045656052,0.3006993006993007,0.4670114705105325,44.0
ai6_nollama,テーマ-theme,lexical,0.14517979722418994,0.8061938061938062,-0.49371876336976106,5.0
ai6_nollama,同時,lexical,0.27330192184811125,0.012987012987012988,2.637748113695249,18.0
ai6_nollama,因る,lexical,0.37142961306553773,0.000999000999000999,5.140769202122149,101.0
ai6_nollama,体験,lexical,0.1732581362402762,0.34065934065934067,0.46359974307368695,16.0
ai6_nollama,タイトル-title,lexical,0.4096147401059694,0.002997002997002997,4.33648328245905,10.0
ai6_nollama,アップロード-upload,lexical,0.22135943621178658,0.1798201798201798,0.7093957508838991,6.0
ai6_nollama,及び,lexical,0.4112339061529875,0.000999000999000999,4.661180773097707,13.0
ai6_nollama,格納,lexical,0.1447378737982189,0.44955044955044954,0.034699849537994334,18.0
ai6_nollama,部分,lexical,0.228418450398612,0.03396603396603397,2.0112805630636417,60.0
ai6_nollama,応答,lexical,0.14517979722418994,0.8431568431568431,-0.5729399334430975,5.0
ai6_nollama,側,lexical,0.27953836732148213,0.002997002997002997,3.168207352209346,42.0
ai6_nollama,両方,lexical,0.18698418566896116,0.2967032967032967,0.43399715699618574,8.0
ai6_nollama,推進,lexical,0.32064914730351013,0.017982017982017984,2.4291616807578245,8.0
ai6_nollama,増加,lexical,0.12709175459741825,0.6433566433566433,-0.4846025140821201,10.0
ai6_nollama,止める,lexical,0.38744421418480623,0.003996003996003996,3.9519844400560795,10.0
ai6_nollama,関する,lexical,0.3505464484201774,0.001998001998001998,4.454357211891527,22.0
ai6_nollama,使う,lexical,0.41308227234787115,0.000999000999000999,6.466876449674855,128.0
ai6_nollama,無し,lexical,0.2639592024422783,0.05094905094905095,1.911861413577041,11.0
ai6_nollama,ハードウェア-hardware,lexical,0.3642810424023589,0.016983016983016984,2.24450365838226,5.0
ai6_nollama,大きい,lexical,0.27974328933970427,0.001998001998001998,3.184342490661476,44.0
ai6_nollama,伝える,lexical,0.17854304333009277,0.2037962037962038,0.756892348305465,21.0
ai6_nollama,生成,lexical,0.35802240207285296,0.000999000999000999,4.8915649856620105,38.0
ai6_nollama,I,lexical,0.3464101615137757,0.000999000999000999,-0.9715764318781568,1.0
ai6_nollama,ライブラリー-library,lexical,0.2303388514776132,0.030969030969030968,2.102468823940204,31.0
ai6_nollama,インポート-import,lexical,,0.000999000999000999,,0.0
ai6_nollama,main,lexical,0.18749226931823385,0.18081918081918083,0.8756855229370484,18.0
ai6_nollama,始まる,lexical,0.19256406213110466,0.21678321678321677,0.6333953051339718,10.0
ai6_nollama,存在,lexical,0.22296559585116135,0.03196803196803197,1.9752423846703397,37.0
ai6_nollama,共通,lexical,0.25185663993361346,0.03596403596403597,2.0935595357266563,16.0
ai6_nollama,物理,lexical,0.19792371827249328,0.34965034965034963,0.31213152281730716,6.0
ai6_nollama,マップ-map,lexical,0.5399724510879091,0.000999000999000999,4.884232372407362,6.0
ai6_nollama,同期,lexical,0.26587017273915053,0.06693306693306693,1.7937078744769375,10.0
ai6_nollama,学ぶ,lexical,0.15844895536466563,0.3116883116883117,0.38805554605227705,24.0
ai6_nollama,流れ,lexical,0.31432769975474434,0.005994005994005994,3.2414215004674345,18.0
ai6_nollama,対する,lexical,0.27847132595431195,0.000999000999000999,3.1285541617082977,75.0
ai6_nollama,分野,lexical,0.4889255469410243,0.001998001998001998,4.602273755445272,7.0
ai6_nollama,何故,lexical,0.22509298554648322,0.04695304695304695,1.8173874443159117,30.0
ai6_nollama,現場,lexical,0.3191986885294596,0.007992007992007992,3.176886986449215,14.0
ai6_nollama,クラウド-crowd,lexical,0.11709719746059381,0.6473526473526473,-0.4514214761557661,17.0
ai6_nollama,遅い,lexical,0.23658167111528713,0.08391608391608392,1.3948661818647556,11.0
ai6_nollama,差,lexical,0.15813309456859087,0.6673326673326674,-0.21037676739970007,6.0
ai6_nollama,文脈,lexical,0.29583993069299525,0.13986013986013987,0.6199880738064256,3.0
ai6_nollama,バック-back,lexical,0.3321953271435134,0.001998001998001998,3.951099897315878,20.0
ai6_nollama,対応,lexical,0.30576435897358817,0.000999000999000999,4.0440536978187165,72.0
ai6_nollama,固定,lexical,0.22135943621178653,0.2077922077922078,0.6188549221012466,6.0
ai6_nollama,其々,lexical,0.37726256880031417,0.000999000999000999,5.224082069345021,31.0
ai6_nollama,便利,lexical,0.12035108159969038,0.6833166833166833,-0.4429027601090082,21.0
ai6_nollama,オフ-off,lexical,0.2683652464097022,0.0919080919080919,1.101150345059158,5.0
ai6_nollama,最終,lexical,0.26769252412466266,0.04195804195804196,2.0694081427835442,14.0
ai6_nollama,判断,lexical,0.11770867053731077,0.6673326673326674,-0.5554826879693108,14.0
ai6_nollama,create,lexical,,0.000999000999000999,,0.0
ai6_nollama,増やす,lexical,0.4096147401059694,0.001998001998001998,4.482498495040421,10.0
ai6_nollama,概要,lexical,0.11451900648886976,0.6783216783216783,-0.5286635013236362,15.0
ai6_nollama,支援,lexical,0.41346492027288545,0.001998001998001998,4.664537300849541,11.0
ai6_nollama,方式,lexical,0.23934304208392934,0.10789210789210789,1.273484509191225,8.0
ai6_nollama,円-助数詞,lexical,,0.000999000999000999,,0.0
ai6_nollama,追加,lexical,0.22963864084849897,0.01998001998001998,2.1360235576029867,65.0
ai6_nollama,個人,lexical,0.12132278624719665,0.5804195804195804,-0.2990859550384034,31.0
ai6_nollama,CLI,lexical,0.3464101615137759,0.000999000999000999,-0.9347334844262498,1.0
ai6_nollama,進む,lexical,0.31209171683758197,0.015984015984015984,2.6217487418351504,12.0
ai6_nollama,後,lexical,0.13143320441269535,0.5034965034965035,-0.05353467950775188,34.0
ai6_nollama,完成,lexical,0.3134077953448541,0.03996003996003996,1.9846746808577438,7.0
ai6_nollama,要因,lexical,0.33382377933749835,0.03196803196803197,2.2027688513809363,6.0
ai6_nollama,特に,lexical,0.3406546585249124,0.000999000999000999,4.278675826704923,32.0
ai6_nollama,方向,lexical,0.11854393482590256,0.7862137862137862,-0.6821577466870413,10.0
ai6_nollama,楽,lexical,0.47530366805328544,0.000999000999000999,5.104113793590827,10.0
ai6_nollama,トランザクション-transaction,lexical,0.1370039829362243,0.6363636363636364,-0.3963624085934085,9.0
ai6_nollama,上記,lexical,0.4209229374612813,0.000999000999000999,6.174471578859088,39.0
ai6_nollama,工数,lexical,0.2843372792234461,0.06493506493506493,1.6422551484108616,7.0
ai6_nollama,注目,lexical,0.21957741878919868,0.36663336663336665,0.4307315652038841,5.0
ai6_nollama,運営,lexical,0.34641016151377557,1.0,-1.0488586705631526,1.0
ai6_nollama,ライフ-life,lexical,0.3811168734189968,0.025974025974025976,2.2355684098422772,4.0
ai6_nollama,通常,lexical,0.6967196638102459,0.000999000999000999,10.459021478474472,16.0
ai6_nollama,動く,lexical,0.30421065838319716,0.004995004995004995,3.2361230413859934,19.0
ai6_nollama,名,lexical,0.2944484544119614,0.002997002997002997,3.5981089429224347,51.0
ai6_nollama,内部,lexical,0.31414079520151866,0.00999000999000999,2.9477794236023316,14.0
ai6_nollama,工夫,lexical,0.18698418566896116,0.2967032967032967,0.40421825110987913,8.0
ai6_nollama,認識,lexical,0.36428104240235887,0.057942057942057944,2.249982212940749,5.0
ai6_nollama,異なる,lexical,0.25105751775508917,0.017982017982017984,2.4294636805746643,39.0
ai6_nollama,イベント-event,lexical,0.21957741878919868,0.4175824175824176,0.4434240069767425,5.0
ai6_nollama,サーバー-server,lexical,0.33325111070169966,0.000999000999000999,4.384809296795594,44.0
ai6_nollama,文,lexical,0.16461256131575572,0.3306693306693307,0.41139354442949977,17.0
ai6_nollama,ファイル-file,lexical,0.10219287892615662,0.7552447552447552,-0.7514638111432455,72.0
ai6_nollama,減る,lexical,0.8082903768654767,0.000999000999000999,7.978999785734764,5.0
ai6_nollama,最後,lexical,0.287433181736388,0.004995004995004995,3.0935436720111342,33.0
ai6_nollama,ランダム-random,lexical,0.29583993069299525,0.1838161838161838,0.7856566455851214,3.0
ai6_nollama,無い,lexical,0.2825524750266375,0.001998001998001998,3.3583032951724885,166.0
ai6_nollama,状態,lexical,0.2087580489910922,0.059940059940059943,1.635449950279686,51.0
ai6_nollama,サンプル-sample,lexical,0.12940631772143138,0.6393606393606394,-0.29135881468483077,15.0
ai6_nollama,追う,lexical,0.19792371827249322,0.3916083916083916,0.31736357674170906,6.0
ai6_nollama,Create,lexical,0.3464101615137757,0.999000999000999,-1.0178782804494635,1.0
ai6_nollama,人気,lexical,0.10954451150103331,0.6883116883116883,-1.0777609073527048,4.0
ai6_nollama,差す-他動詞,lexical,0.2707971019378499,0.022977022977022976,2.2121448632548306,13.0
ai6_nollama,想定,lexical,0.6120505157370437,0.000999000999000999,9.608814060635055,18.0
ai6_nollama,限る,lexical,0.19792371827249328,0.3776223776223776,0.2661038987654503,6.0
ai6_nollama,エンド-end,lexical,0.19615825353907854,0.1018981018981019,1.322363391528518,35.0
ai6_nollama,程度,lexical,0.24315699872170682,0.026973026973026972,2.165119483955402,27.0
ai6_nollama,yml,lexical,0.18698418566896113,0.29270729270729273,0.35402236734481046,8.0
ai6_nollama,分ける,lexical,0.18004625652073553,0.21478521478521478,0.7137540098108281,15.0
ai6_nollama,サイド-side,lexical,0.26203646471053954,0.11788211788211789,1.1808068943967844,6.0
ai6_nollama,安心,lexical,0.15813309456859084,0.7642357642357642,-0.26733666910649284,6.0
ai6_nollama,更に,lexical,0.4127437297566206,0.000999000999000999,6.030185887974817,28.0
ai6_nollama,分,lexical,0.36031544393511766,0.003996003996003996,4.071117109057709,18.0
ai6_nollama,compose,lexical,0.21957741878919868,0.43156843156843155,0.34838058296048063,5.0
ai6_nollama,主に,lexical,0.18112315624381933,0.2517482517482518,0.49102706374536065,12.0
ai6_nollama,内容,lexical,0.2737258212656142,0.006993006993006993,3.1283383334676675,58.0
ai6_nollama,条件,lexical,0.19425325375130967,0.11288711288711288,1.2236032087019604,30.0
ai6_nollama,送信,lexical,0.09773602305591358,0.8631368631368631,-0.9093103311322385,20.0
ai6_nollama,理想,lexical,0.31340779534485413,0.014985014985014986,2.0043266355901275,7.0
ai6_nollama,X,lexical,0.2242994726849114,0.12487512487512488,1.0066072515559517,9.0
ai6_nollama,バックアップ-backup,lexical,0.31304951684997046,0.12887112887112886,1.1917178347913289,4.0
ai6_nollama,依頼,lexical,0.15813309456859087,0.7382617382617382,-0.27064368277566137,6.0
ai6_nollama,説明,lexical,0.20073174712272643,0.08591408591408592,1.4366963805935193,55.0
ai6_nollama,有り,lexical,0.21957741878919868,0.37962037962037964,0.4806088913132621,5.0
ai6_nollama,現実,lexical,0.307197608015379,0.03896103896103896,2.314483762182454,8.0
ai6_nollama,EC,lexical,0.19792371827249333,0.26873126873126874,0.25887428286098435,6.0
ai6_nollama,受け取る,lexical,0.1604627895507905,0.5454545454545454,-0.07366720668446282,7.0
ai6_nollama,領域,lexical,0.17325813624027622,0.33166833166833165,0.5000284466976,16.0
ai6_nollama,そして,lexical,0.21071372382609443,0.07592407592407592,1.5568565242717918,29.0
ai6_nollama,元,lexical,0.17080960359748246,0.22077922077922077,0.7211566147717638,28.0
ai6_nollama,感,lexical,0.41962893407138757,0.001998001998001998,4.4348093054356035,12.0
ai6_nollama,応用,lexical,0.3811168734189968,0.026973026973026972,2.0807746348006253,4.0
ai6_nollama,タイム-time,lexical,0.17649340587367512,0.19080919080919082,0.8384415338512295,34.0
ai6_nollama,理由,lexical,0.1169406625957488,0.6373626373626373,-0.471638405886044,22.0
ai6_nollama,指示,lexical,0.2195774187891987,0.3026973026973027,0.4131636569219467,5.0
ai6_nollama,汎用,lexical,0.4627298227968797,0.01998001998001998,3.473536121710651,5.0
ai6_nollama,人間,lexical,0.16551105380870776,0.3146853146853147,0.2679689054755206,12.0
ai6_nollama,少ない,lexical,0.10260325637189077,0.8031968031968032,-0.7928906426791217,17.0
ai6_nollama,低い,lexical,0.33386117981777985,0.011988011988011988,3.0853780585690167,10.0
ai6_nollama,時,lexical,0.5262814616498269,0.000999000999000999,8.885606445817208,111.0
ai6_nollama,間違い,lexical,0.14517979722419,0.45254745254745254,-0.5207405137039733,5.0
ai6_nollama,手,lexical,0.2895247271113916,0.017982017982017984,2.5428800404541527,13.0
ai6_nollama,一人,lexical,0.26656863513848134,0.057942057942057944,1.5723919044852999,8.0
ai6_nollama,細かい,lexical,0.09242840150752822,0.7992007992007992,-1.1003465929048297,10.0
ai6_nollama,初心,lexical,0.21130006366172432,0.15184815184815184,0.9979834330476925,11.0
ai6_nollama,参加,lexical,0.14486586527064665,0.45554445554445555,-0.0040233119870616875,13.0
ai6_nollama,型,lexical,0.27465816018071876,0.03196803196803197,2.190558913910596,12.0
ai6_nollama,利用,lexical,0.3572204290938294,0.000999000999000999,5.274472052486044,81.0
ai6_nollama,参照,lexical,0.3273813249417587,0.002997002997002997,4.1802829227149605,32.0
ai6_nollama,用いる,lexical,1.135870787750314,0.000999000999000999,20.960144480796902,25.0
ai6_nollama,自身,lexical,0.4127549516229667,0.000999000999000999,5.213505652291036,16.0
ai6_nollama,置き換える,lexical,0.49497474683058307,0.15284715284715283,2.360798259287045,2.0
ai6_nollama,数,lexical,0.3632904283594786,0.000999000999000999,4.932096507338455,28.0
ai6_nollama,遣り取り,lexical,0.20192318314289437,0.2627372627372627,0.7143008621238565,9.0
ai6_nollama,インターネット-internet,lexical,0.715055485837349,0.000999000999000999,6.16647859664869,4.0
ai6_nollama,スキーマ-schema,lexical,0.5528852855538681,0.000999000999000999,7.573498074457752,13.0
ai6_nollama,グループ-group,lexical,0.18698418566896116,0.2997002997002997,0.35835218177185646,8.0
ai6_nollama,期間,lexical,0.20048944931097762,0.12687312687312688,1.0260159465050513,14.0
ai6_nollama,抽出,lexical,0.26836524640970216,0.1928071928071928,1.103394507954623,5.0
ai6_nollama,手間,lexical,0.14517979722418994,0.8601398601398601,-0.5100406031408726,5.0
ai6_nollama,専門,lexical,0.3134077953448541,0.026973026973026972,2.250149085961855,7.0
ai6_nollama,ソフト-soft,lexical,,0.000999000999000999,,0.0
ai6_nollama,仕様,lexical,0.2499631685005486,0.016983016983016984,2.4152149616274894,35.0
ai6_nollama,任意,lexical,0.3134077953448541,0.03496503496503497,2.1937759979208167,7.0
ai6_nollama,上位,lexical,0.2195774187891987,0.3006993006993007,0.3901738474754304,5.0
ai6_nollama,選ぶ,lexical,0.14397946213118934,0.5104895104895105,-0.07155503593754664,13.0
ai6_nollama,間,lexical,0.29583993069299513,0.3776223776223776,0.7453497403648266,3.0
ai6_nollama,A,lexical,0.4627298227968801,0.001998001998001998,3.3151105665593557,5.0
ai6_nollama,インターフェース-interface,lexical,0.19792371827249322,0.4195804195804196,0.24375094548208395,6.0
ai6_nollama,書き込む,lexical,0.4949747468305833,0.12487512487512488,2.2649137634418595,2.0
ai6_nollama,トピック-topic,lexical,0.21908902300206667,0.18581418581418582,-0.4651112416973701,2.0
ai6_nollama,Windows,lexical,0.07434404783402551,0.951048951048951,-1.3727236693805878,13.0
ai6_nollama,要求,lexical,0.23086821150785555,0.0939060939060939,1.3572420239433145,11.0
ai6_nollama,用意,lexical,0.32389699975218444,0.002997002997002997,3.7160388664558406,25.0
ai6_nollama,値,lexical,0.11765857906158529,0.6033966033966034,-0.4429773599696294,22.0
ai6_nollama,絶対,lexical,0.21957741878919868,0.3996003996003996,0.39466439966637396,5.0
ai6_nollama,ライン-line,lexical,0.23934304208392934,0.13786213786213786,1.1160797782884684,8.0
ai6_nollama,比べる,lexical,0.22429947268491135,0.13786213786213786,1.0112420876465074,9.0
ai6_nollama,週間,lexical,0.3811168734189967,0.07992007992007992,2.1003978505609457,4.0
ai6_nollama,他,lexical,0.2242731061606343,0.04195804195804196,1.9801551368981287,50.0
ai6_nollama,ワーク-work,lexical,0.24315699872170682,0.028971028971028972,2.208836910108561,27.0
ai6_nollama,良い,lexical,0.4758587295852651,0.000999000999000999,7.518801664968554,109.0
ai6_nollama,代わり,lexical,0.2195774187891987,0.3626373626373626,0.43512655412229295,5.0
ai6_nollama,一部,lexical,0.16122342761964023,0.34565434565434566,0.29678561633502476,16.0
ai6_nollama,長い,lexical,0.24497577175078714,0.07092907092907093,1.6344017754507878,12.0
ai6_nollama,アクション-action,lexical,0.18698418566896108,0.42957042957042957,0.3532857734480078,8.0
ai6_nollama,サービス-service,lexical,0.13310162748486812,0.4975024975024975,-0.08797900485894726,59.0
ai6_nollama,終了,lexical,0.33386117981778,0.01998001998001998,2.9514058052712633,10.0
ai6_nollama,遷移,lexical,0.10954451150103327,1.0,-1.148327749808627,4.0
ai6_nollama,勉強,lexical,0.20958871163217818,0.1028971028971029,1.332691513504124,17.0
ai6_nollama,活動,lexical,0.17932448411319357,0.27472527472527475,0.48954616550623936,12.0
ai6_nollama,メール-mail,lexical,0.2739777906824456,0.057942057942057944,1.7362806192735156,9.0
ai6_nollama,位置,lexical,0.26836524640970216,0.21078921078921078,0.9349798525042653,5.0
ai6_nollama,書き込み,lexical,0.3811168734189967,0.054945054945054944,2.0941889455616476,4.0
ai6_nollama,オン-on,lexical,0.28906713070440837,0.01098901098901099,2.891921960749994,16.0
ai6_nollama,関わる,lexical,0.16157432357060095,0.45454545454545453,0.17054088391233385,13.0
ai6_nollama,価値,lexical,0.1738208380005155,0.3026973026973027,0.4938466657763679,14.0
ai6_nollama,侭,lexical,0.15099538284039046,0.4145854145854146,0.1383114728780316,16.0
ai6_nollama,切り替える,lexical,0.8082903768654766,0.000999000999000999,7.79822814453839,5.0
ai6_nollama,決まる,lexical,0.38111687341899664,0.1008991008991009,2.1060924022045575,4.0
ai6_nollama,形,lexical,0.1473809796021369,0.4435564435564436,0.07924469742734357,16.0
ai6_nollama,挙動,lexical,0.25294613649590525,0.13486513486513488,1.107438726043778,7.0
ai6_nollama,場所,lexical,0.1437581872066228,0.5614385614385614,-0.33700215381023935,8.0
ai6_nollama,一覧,lexical,0.28111188972455514,0.007992007992007992,2.9608028259601267,25.0
ai6_nollama,ロード-road,lexical,0.5188793144970212,0.000999000999000999,5.530066700633992,9.0
ai6_nollama,逆,lexical,0.23934304208392934,0.1798201798201798,1.1303764830653968,8.0
ai6_nollama,力,lexical,0.2620364647105395,0.20279720279720279,1.0243503971715247,6.0
ai6_nollama,最初,lexical,0.17203172403964145,0.26673326673326675,0.6490855393910461,22.0
ai6_nollama,インフラ-infrastructure,lexical,0.33905623363834936,0.01998001998001998,2.8542111539567023,9.0
ai6_nollama,該当,lexical,0.2683652464097022,0.15984015984015984,1.015517120590567,5.0
ai6_nollama,プロダクト-product,lexical,0.26398418953332314,0.011988011988011988,2.5756931236904936,20.0
ai6_nollama,エンジニアリング-engineering,lexical,0.3642810424023588,0.06493506493506493,2.129610403619974,5.0
ai6_nollama,変数,lexical,0.4441390768159916,0.000999000999000999,6.5074930446971395,26.0
ai6_nollama,関数,lexical,0.12897583477983207,0.5254745254745254,-0.20534093381795257,32.0
ai6_nollama,量,lexical,0.165951856106313,0.2807192807192807,0.418804260014839,17.0
ai6_nollama,開始,lexical,0.18190229565885535,0.22677322677322678,0.6542432360808421,15.0
ai6_nollama,書く,lexical,0.20897083561084676,0.054945054945054944,1.6140890626236992,75.0
ai6_nollama,早い,lexical,0.2242207274009532,0.08891108891108891,1.4092840495006902,14.0
ai6_nollama,data,lexical,0.34641016151377546,1.0,-1.0494220716921618,1.0
ai6_nollama,企業,lexical,0.0993861654029694,0.986013986013986,-1.0819788559552528,6.0
ai6_nollama,リーダー-leader,lexical,0.15491933384829673,0.6943056943056943,-0.7782757322548121,3.0
ai6_nollama,リード-lead,lexical,0.15491933384829681,0.4255744255744256,-0.7315984277160044,3.0
ai6_nollama,試す,lexical,0.30506934780282174,0.017982017982017984,2.7839830029142325,15.0
ai6_nollama,旨い,lexical,0.20980403460592445,0.17882117882117882,0.8453425285799562,10.0
ai6_nollama,to,lexical,0.23967467812798257,0.09290709290709291,1.5877244337015841,12.0
ai6_nollama,回,lexical,0.27737756247827505,0.013986013986013986,2.706682171761468,18.0
ai6_nollama,指定,lexical,0.14634638568577923,0.3956043956043956,0.16980584892730724,33.0
ai6_nollama,筈,lexical,0.1425984221353744,0.5394605394605395,-0.08552763912120104,14.0
ai6_nollama,ブラウザ-browser,lexical,0.21096877774942818,0.0899100899100899,1.163199960482609,12.0
ai6_nollama,Microsoft,lexical,0.25086568758494343,0.12187812187812187,1.1923844791604472,7.0
ai6_nollama,一方,lexical,0.4540505366739406,0.000999000999000999,5.297523379192824,12.0
ai6_nollama,呼ぶ,lexical,0.24999214142218115,0.027972027972027972,2.1511782331570446,19.0
ai6_nollama,配置,lexical,0.1101401733225214,0.6663336663336663,-0.8801568884355707,7.0
ai6_nollama,and,lexical,0.3642810424023588,0.04695304695304695,2.4361818656041434,5.0
ai6_nollama,受ける,lexical,0.22964446984662387,0.0969030969030969,1.4114883458196856,10.0
ai6_nollama,文字,lexical,0.42335185141447546,0.000999000999000999,6.235368142016238,33.0
ai6_nollama,生まれる,lexical,0.2195774187891987,0.3176823176823177,0.3974058242547972,5.0
ai6_nollama,古い,lexical,0.4627298227968799,0.017982017982017984,3.6018964731881526,5.0
ai6_nollama,表示,lexical,0.3591863678578748,0.000999000999000999,4.566994195361666,27.0
ai6_nollama,経験,lexical,0.13202052310304846,0.4905094905094905,-0.16115662150839907,21.0
ai6_nollama,アプリ-application,lexical,0.656281721450281,0.000999000999000999,9.735800728759889,15.0
ai6_nollama,展開,lexical,0.20378815960964006,0.45254745254745254,0.021093692751513873,4.0
ai6_nollama,起きる,lexical,0.6135354773301238,0.000999000999000999,6.351024902992083,7.0
ai6_nollama,記載,lexical,0.16471305535564912,0.35264735264735264,0.34796137914624103,17.0
ai6_nollama,考える,lexical,0.2537798584330362,0.016983016983016984,2.4800749787009546,42.0
ai6_nollama,イン-in,lexical,0.21997743254158417,0.08091908091908091,1.4944866765750568,17.0
ai6_nollama,Java,lexical,0.21957741878919868,0.3226773226773227,0.44465057067721475,5.0
ai6_nollama,学習,lexical,0.41174487285275974,0.000999000999000999,6.266182599474103,37.0
ai6_nollama,現状,lexical,0.21957741878919868,0.3926073926073926,0.40969222797190585,5.0
ai6_nollama,type,lexical,0.48892554694102447,0.002997002997002997,4.422188337326816,7.0
ai6_nollama,当たる,lexical,0.6149658833046627,0.000999000999000999,7.214030503606284,9.0
ai6_nollama,強い,lexical,0.2843372792234461,0.07292707292707293,1.6165666221531614,7.0
ai6_nollama,ユース-youth,lexical,0.0993861654029694,0.984015984015984,-1.0504271766961844,6.0
ai6_nollama,こう,lexical,0.30506934780282174,0.012987012987012988,2.9662336363406974,15.0
ai6_nollama,入れる,lexical,0.6899977433391716,0.000999000999000999,9.138373170967284,12.0
ai6_nollama,test,lexical,0.5523550919379654,0.000999000999000999,6.390140548179787,8.0
ai6_nollama,別,lexical,0.2319803837762646,0.04595404595404595,1.7898136483336542,21.0
ai6_nollama,分かる,lexical,0.1558645128197581,0.3106893106893107,0.4471460152643508,55.0
ai6_nollama,リモート-remote,lexical,0.11435872516919784,0.6943056943056943,-0.6598060069667057,11.0
ai6_nollama,過去,lexical,0.18455419102275533,0.31868131868131866,0.4163798602119042,9.0
ai6_nollama,唯,lexical,0.31628991821096863,0.02097902097902098,2.5463510118163337,10.0
ai6_nollama,移行,lexical,0.23934304208392937,0.14285714285714285,1.1025836020774442,8.0
ai6_nollama,呼び出す,lexical,0.22429947268491132,0.18581418581418582,1.034629603323997,9.0
ai6_nollama,分散,lexical,0.1925640621311047,0.24175824175824176,0.6498196885846997,10.0
ai6_nollama,user,lexical,0.09938616540296943,0.926073926073926,-0.9984658544824881,6.0
ai6_nollama,作る,lexical,0.48475247045495234,0.000999000999000999,7.961280942888204,37.0
ai6_nollama,秒,lexical,0.15813309456859093,0.5044955044955045,-0.2616095910558479,6.0
ai6_nollama,用語,lexical,0.2683652464097022,0.11788211788211789,0.9338445317086453,5.0
ai6_nollama,commit,lexical,0.19792371827249333,0.2707292707292707,0.2518046365159014,6.0
ai6_nollama,動かす,lexical,0.3120917168375821,0.007992007992007992,2.9258985433101143,12.0
ai6_nollama,自体,lexical,0.10758409841570969,0.7482517482517482,-0.8179272929070277,9.0
ai6_nollama,業務,lexical,0.2109687777494281,0.1108891108891109,1.1094652240440954,12.0
ai6_nollama,モデル-model,lexical,0.17237944784267198,0.33966033966033965,0.4432177500694406,14.0
ai6_nollama,公開,lexical,0.14473787379821887,0.4695304695304695,0.05947272680727557,18.0
ai6_nollama,root,lexical,0.21957741878919868,0.4005994005994006,0.47723060736951645,5.0
ai6_nollama,取り敢えず,lexical,0.4627298227968799,0.004995004995004995,3.451760747323695,5.0
ai6_nollama,差分,lexical,0.39750709503909626,0.008991008991008992,3.283782254884518,7.0
ai6_nollama,マネージメント-management,lexical,,0.000999000999000999,,0.0
ai6_nollama,順,lexical,0.10954451150103328,0.8351648351648352,-1.0840002475872323,4.0
ai6_nollama,フロント-front,lexical,0.36011857427508615,0.013986013986013986,3.216122643092947,9.0
ai6_nollama,日付け,lexical,0.21957741878919868,0.37162837162837165,0.3603111650715012,5.0
ai6_nollama,言語,lexical,0.17382083800051554,0.28771228771228774,0.4837367716008169,14.0
ai6_nollama,社内,lexical,0.14645666126213935,0.6533466533466533,-0.3172063727514584,7.0
ai6_nollama,知る,lexical,0.15683334765388005,0.3356643356643357,0.27974392788603525,18.0
ai6_nollama,デフォルト-default,lexical,0.5770849449166388,0.000999000999000999,6.972259414207337,10.0
ai6_nollama,中,lexical,0.21646221253057013,0.07592407592407592,1.5599043311222585,25.0
ai6_nollama,どう,lexical,0.2882607368124371,0.00999000999000999,3.124113559831335,24.0
ai6_nollama,セット-set,lexical,0.36011857427508603,0.01098901098901099,3.1890691652264618,9.0
ai6_nollama,送る,lexical,0.7150554858373486,0.005994005994005994,5.9925905394469146,4.0
ai6_nollama,名前,lexical,0.24874686623713627,0.04495504495504495,1.906571706560189,16.0
ai6_nollama,比較,lexical,0.244470296881249,0.04595404595404595,1.8441112576553327,13.0
ai6_nollama,with,lexical,0.5399724510879091,0.002997002997002997,4.7770247114547875,6.0
ai6_nollama,アカウント-account,lexical,0.20378815960964,0.7352647352647352,-0.005618966436246749,4.0
ai6_nollama,違い,lexical,0.22429947268491138,0.14585414585414586,0.9297014198022362,9.0
ai6_nollama,ローカル-local,lexical,0.244470296881249,0.07992007992007992,1.6543221961755528,13.0
ai6_nollama,読む,lexical,0.16461256131575566,0.36163836163836166,0.3473460885775801,17.0
ai6_nollama,MySQL,lexical,0.2683652464097022,0.16083916083916083,1.0608166785915891,5.0
ai6_nollama,オブジェクト-object,lexical,0.17932448411319363,0.24775224775224775,0.5068019596621335,12.0
ai6_nollama,版,lexical,0.18455419102275533,0.34665334665334663,0.3863983145084308,9.0
ai6_nollama,Data,lexical,0.715055485837349,0.003996003996003996,5.9790787159310685,4.0
ai6_nollama,先,lexical,0.3810091010418251,0.000999000999000999,3.9138571541171356,11.0
ai6_nollama,難しい,lexical,0.14004991164531433,0.5884115884115884,-0.23203865760168843,10.0
ai6_nollama,接続,lexical,0.18542507745432968,0.23876123876123875,0.6749637221864089,14.0
ai6_nollama,docker,lexical,0.1604627895507905,0.5764235764235764,-0.1839212311302487,7.0
ai6_nollama,テキスト-text,lexical,0.1946545073880623,0.2897102897102897,0.3957653738814018,7.0
ai6_nollama,以降,lexical,0.3642810424023588,0.052947052947052944,2.432069685511307,5.0
ai6_nollama,現在,lexical,0.13036776950161263,0.6123876123876124,-0.30070677429646464,15.0
ai6_nollama,自分,lexical,0.2385382332785504,0.027972027972027972,2.169021438557445,29.0
ai6_nollama,増える,lexical,0.36731055709541677,0.004995004995004995,3.070050180133321,8.0
ai6_nollama,無料,lexical,0.1979237182724933,0.2817182817182817,0.29824287483869233,6.0
ai6_nollama,聞く,lexical,0.3874631073721317,0.013986013986013986,2.902750983024358,6.0
ai6_nollama,key,lexical,0.3464101615137756,1.0,-1.0237831916110474,1.0
ai6_nollama,気,lexical,0.33386117981777996,0.012987012987012988,3.1336571772781823,10.0
ai6_nollama,今後,lexical,0.284337279223446,0.07892107892107893,1.6828516652555725,7.0
ai6_nollama,ディレクトリー-directory,lexical,0.13792489955190226,0.6253746253746254,-0.2591168453603092,11.0
ai6_nollama,Cloud,lexical,0.2190890230020667,0.16083916083916083,-0.43621750799995745,2.0
ai6_nollama,アドレス-address,lexical,0.2195774187891987,0.3106893106893107,0.37287632464200554,5.0
ai6_nollama,日,lexical,0.09938616540296946,0.8081918081918081,-1.0756463191054775,6.0
ai6_nollama,コピー-copy,lexical,0.21957741878919868,0.3696303696303696,0.40440528536482195,5.0
ai6_nollama,以外,lexical,0.2925004669443589,0.04295704295704296,2.1116893001461663,8.0
ai6_nollama,前提,lexical,0.6135354773301237,0.000999000999000999,6.906022856705991,7.0
ai6_nollama,フォーム-form,lexical,0.20378815960964,0.45854145854145856,0.05153395164847537,4.0
ai6_nollama,多い,lexical,0.24266448104943375,0.03796203796203796,2.062042062805799,20.0
ai6_nollama,of,lexical,0.29583993069299525,0.13286713286713286,0.7896394662963144,3.0
ai6_nollama,世界,lexical,0.2683652464097022,0.2057942057942058,0.9777926116882141,5.0
ai6_nollama,資料,lexical,0.31340779534485413,0.03396603396603397,2.012693293428522,7.0
ai6_nollama,s,lexical,0.5399724510879095,0.000999000999000999,4.997971070288558,6.0
ai6_nollama,少し,lexical,0.20192318314289437,0.2787212787212787,0.6465452080810263,9.0
ai6_nollama,方,lexical,0.2085595983433755,0.06993006993006994,1.5632981129460846,28.0
ai6_nollama,計算,lexical,0.20378815960964,0.5864135864135864,0.03546941782916628,4.0
ai6_nollama,編集,lexical,0.21957741878919865,0.3986013986013986,0.3907137639134098,5.0
ai6_nollama,id,lexical,0.20378815960964006,0.5844155844155844,0.0483421025506611,4.0
ai6_nollama,言う,lexical,0.22019117774319508,0.03396603396603397,1.951165106707263,89.0
ai6_nollama,入る,lexical,0.15813309456859093,0.5584415584415584,-0.25288526596050587,6.0
ai6_nollama,人,lexical,0.35996610938054996,0.001998001998001998,4.123530652640632,16.0
ai6_nollama,変換,lexical,0.15491933384829673,1.0,-0.7865042177838194,3.0
ai6_nollama,クラスター-cluster,lexical,0.3130495168499704,0.14185814185814186,1.3436057107571113,4.0
ai6_nollama,変わる,lexical,0.8082903768654766,0.000999000999000999,7.8923122368554255,5.0
ai6_nollama,Google,lexical,0.26203646471053954,0.0939060939060939,1.090764916972296,6.0
ai6_nollama,訳,lexical,0.4522407977288591,0.001998001998001998,4.436580605825108,8.0
ai6_nollama,時点,lexical,0.31304951684997046,0.16683316683316685,1.180934132272705,4.0
ai6_nollama,今回,lexical,0.10190069288653826,0.8071928071928072,-0.8090212658866108,17.0
ai6_nollama,json,lexical,0.29583993069299525,0.10989010989010989,0.7340185111328963,3.0
ai6_nollama,for,lexical,0.24746868643520614,0.07292707292707293,1.4734047818030644,9.0
ai6_nollama,on,lexical,0.2683652464097022,0.1048951048951049,1.0255074521655678,5.0
ai6_nollama,e,lexical,0.15491933384829673,1.0,-0.7357288827875923,3.0
ai6_nollama,知れる,lexical,0.20378815960964006,0.4435564435564436,0.013290289577449106,4.0
ai6_nollama,登録,lexical,0.20378815960964,0.6073926073926074,0.0021139784414922324,4.0
ai6_nollama,出る,lexical,0.33382377933749835,0.029970029970029972,2.3088792547081827,6.0
ai6_nollama,C,lexical,0.21908902300206662,0.17382617382617382,-0.4571440177476901,2.0
ai6_nollama,name,lexical,0.29583993069299513,0.3516483516483517,0.8132833818789663,3.0
ai6_nollama,B,lexical,0.3811168734189967,0.07692307692307693,2.0308120904825455,4.0
ai6_nollama,下記,lexical,,0.000999000999000999,,0.0
ai6_nollama,AWS,lexical,0.2620364647105395,0.1938061938061938,1.0835277555267593,6.0
ai6_nollama,br,lexical,0.6126329642911569,0.028971028971028972,4.043993979455477,3.0
ai6_nollama,思う,lexical,0.3908488567469735,0.000999000999000999,4.923045744399496,21.0
ai6_nollama,a,lexical,0.3464101615137757,0.999000999000999,-1.0178782804494635,1.0
